"date","symbol","open","high","low","close","volume","timestamp"
"2010-10-26","ARM",17.56,17.56,5.9,6.34,6100,1288051200
"2010-10-27","ARM",7.08,7.08,7.08,7.08,21400,1288137600
"2010-10-28","ARM",7.55,7.55,6.79,6.79,7400,1288224000
"2010-10-29","ARM",6.82,6.82,6.82,6.82,300,1288310400
"2010-11-01","ARM",6.34,6.49,6.34,6.34,700,1288569600
"2010-11-02","ARM",6.02,6.05,6.02,6.05,200,1288656000
"2010-11-03","ARM",5.64,5.64,5.64,5.64,500,1288742400
"2010-11-04","ARM",5.25,5.99,5.25,5.25,4200,1288828800
"2010-11-05","ARM",5.25,5.28,4.93,5.28,8800,1288915200
"2010-11-08","ARM",5.16,5.31,5.16,5.16,3000,1289174400
"2010-11-09","ARM",5.19,5.19,4.87,4.87,7700,1289260800
"2010-11-10","ARM",5.08,5.08,4.72,4.72,2700,1289347200
"2010-11-11","ARM",4.66,4.66,4.51,4.51,1300,1289433600
"2010-11-12","ARM",4.34,4.34,4.34,4.34,3700,1289520000
"2010-11-15","ARM",4.07,4.07,4.04,4.04,4000,1289779200
"2010-11-16","ARM",3.84,3.84,3.81,3.81,3200,1289865600
"2010-11-17","ARM",3.81,3.81,3.78,3.78,5800,1289952000
"2010-11-18","ARM",3.9,4.07,3.9,3.95,2600,1290038400
"2010-11-19","ARM",3.98,3.98,3.98,3.98,200,1290124800
"2010-11-22","ARM",3.72,3.72,3.72,3.72,5000,1290384000
"2010-11-23","ARM",3.84,3.84,3.84,3.84,100,1290470400
"2010-11-24","ARM",4.1,4.1,4.07,4.07,800,1290556800
"2010-11-25","ARM",4.25,4.25,4.25,4.25,100,1290643200
"2010-11-26","ARM",4.25,4.25,3.95,3.95,3300,1290729600
"2010-11-29","ARM",3.78,4.25,3.78,4.25,1300,1290988800
"2010-11-30","ARM",4.16,4.43,4.13,4.13,5400,1291075200
"2010-12-01","ARM",4.04,4.16,4.01,4.01,1900,1291161600
"2010-12-02","ARM",4.28,4.4,4.19,4.22,6400,1291248000
"2010-12-03","ARM",4.51,4.51,4.22,4.22,300,1291334400
"2010-12-06","ARM",4.57,4.57,4.16,4.16,9000,1291593600
"2010-12-07","ARM",4.13,4.43,4.13,4.13,8500,1291680000
"2010-12-08","ARM",4.13,4.28,3.95,3.95,8700,1291766400
"2010-12-09","ARM",3.84,4.19,3.84,4.19,400,1291852800
"2010-12-10","ARM",3.95,4.25,3.92,4.13,5200,1291939200
"2010-12-13","ARM",4.22,4.28,4.22,4.28,16100,1292198400
"2010-12-14","ARM",4.43,4.43,4.13,4.13,3100,1292284800
"2010-12-15","ARM",4.43,4.43,4.43,4.43,100,1292371200
"2010-12-16","ARM",4.13,4.13,4.13,4.13,2100,1292457600
"2010-12-17","ARM",4.25,4.25,4.25,4.25,300,1292544000
"2010-12-20","ARM",4.04,4.04,4.04,4.04,100,1292803200
"2010-12-22","ARM",4.28,4.28,4.28,4.28,100,1292976000
"2010-12-24","ARM",3.98,4.13,3.98,4.13,700,1293148800
"2010-12-27","ARM",4.13,4.13,4.13,4.13,200,1293408000
"2010-12-28","ARM",3.92,3.92,3.92,3.92,300,1293494400
"2010-12-29","ARM",3.98,3.98,3.98,3.98,2100,1293580800
"2010-12-31","ARM",3.98,3.98,3.92,3.98,1600,1293753600
"2011-01-04","ARM",3.98,4.1,3.98,4.1,1000,1294099200
"2011-01-05","ARM",4.13,4.19,3.98,3.98,5500,1294185600
"2011-01-06","ARM",3.92,4.22,3.92,4.22,2700,1294272000
"2011-01-07","ARM",4.13,4.13,4.13,4.13,1800,1294358400
"2011-01-10","ARM",3.95,3.95,3.95,3.95,100,1294617600
"2011-01-11","ARM",3.75,3.75,3.75,3.75,100,1294704000
"2011-01-12","ARM",3.98,3.98,3.98,3.98,4500,1294790400
"2011-01-13","ARM",3.95,4.25,3.95,4.25,28400,1294876800
"2011-01-14","ARM",4.25,4.25,4.13,4.19,2500,1294963200
"2011-01-17","ARM",4.28,4.28,4.28,4.28,2000,1295222400
"2011-01-18","ARM",4.13,4.13,4.13,4.13,900,1295308800
"2011-01-19","ARM",3.9,4.28,3.9,4.28,1500,1295395200
"2011-01-20","ARM",4.13,4.13,4.13,4.13,800,1295481600
"2011-01-21","ARM",4.19,4.19,4.19,4.19,500,1295568000
"2011-01-24","ARM",4.13,4.13,4.13,4.13,200,1295827200
"2011-01-25","ARM",3.9,3.9,3.9,3.9,100,1295913600
"2011-01-26","ARM",4.16,4.16,4.16,4.16,5900,1296000000
"2011-01-27","ARM",4.01,4.31,4.01,4.31,2100,1296086400
"2011-01-28","ARM",4.31,4.31,4.19,4.19,2200,1296172800
"2011-02-08","ARM",4.01,4.13,4.01,4.13,1000,1297123200
"2011-02-09","ARM",4.19,4.19,4.13,4.13,2100,1297209600
"2011-02-10","ARM",3.92,4.16,3.92,4.16,600,1297296000
"2011-02-11","ARM",4.07,4.19,4.07,4.19,1600,1297382400
"2011-02-14","ARM",4.19,4.25,4.19,4.25,1800,1297641600
"2011-02-15","ARM",4.07,4.07,4.07,4.07,100,1297728000
"2011-02-16","ARM",3.87,3.87,3.87,3.87,100,1297814400
"2011-02-17","ARM",3.87,4.13,3.87,4.13,2000,1297900800
"2011-02-18","ARM",4.37,4.37,4.1,4.1,5100,1297987200
"2011-02-21","ARM",3.98,3.98,3.92,3.95,17300,1298246400
"2011-02-22","ARM",3.75,3.95,3.75,3.95,2100,1298332800
"2011-02-23","ARM",3.92,3.92,3.9,3.9,1000,1298419200
"2011-02-24","ARM",3.72,3.72,3.72,3.72,100,1298505600
"2011-02-25","ARM",3.95,3.95,3.72,3.72,600,1298592000
"2011-02-28","ARM",4.07,4.07,4.07,4.07,300,1298851200
"2011-03-01","ARM",4.34,4.34,4.34,4.34,100,1298937600
"2011-03-02","ARM",4.13,4.13,4.07,4.07,1500,1299024000
"2011-03-03","ARM",4.37,4.37,3.84,4.13,1600,1299110400
"2011-03-04","ARM",4.01,4.01,3.75,3.75,700,1299196800
"2011-03-07","ARM",4.22,4.22,4.22,4.22,5100,1299456000
"2011-03-08","ARM",4.49,4.49,4.49,4.49,100,1299542400
"2011-03-09","ARM",4.69,4.69,4.69,4.69,600,1299628800
"2011-03-10","ARM",4.37,4.37,4.37,4.37,2000,1299715200
"2011-03-11","ARM",4.07,4.07,4.07,4.07,6000,1299801600
"2011-03-14","ARM",4.1,4.1,4.1,4.1,200,1300060800
"2011-03-15","ARM",4.37,4.37,4.37,4.37,100,1300147200
"2011-03-17","ARM",4.07,4.07,4.07,4.07,4000,1300320000
"2011-03-18","ARM",3.81,4.31,3.81,4.07,2800,1300406400
"2011-03-21","ARM",4.13,4.13,3.98,3.98,3600,1300665600
"2011-03-22","ARM",4.19,4.19,3.92,3.92,600,1300752000
"2011-03-24","ARM",3.87,3.98,3.87,3.9,3000,1300924800
"2011-03-25","ARM",3.98,4.01,3.98,4.01,700,1301011200
"2011-03-29","ARM",3.95,3.95,3.95,3.95,1100,1301356800
"2011-03-30","ARM",3.95,3.95,3.95,3.95,400,1301443200
"2011-03-31","ARM",3.95,3.95,3.95,3.95,1900,1301529600
"2011-04-05","ARM",4.19,4.19,3.75,3.78,3400,1301961600
"2011-04-06","ARM",3.87,3.87,3.75,3.78,9500,1302048000
"2011-04-07","ARM",4.01,4.01,4.01,4.01,100,1302134400
"2011-04-08","ARM",3.78,3.78,3.78,3.78,2200,1302220800
"2011-04-13","ARM",4.01,4.01,4.01,4.01,100,1302652800
"2011-04-14","ARM",3.78,3.78,3.78,3.78,6200,1302739200
"2011-04-15","ARM",4.01,4.01,3.69,3.69,3200,1302825600
"2011-04-18","ARM",3.95,3.95,3.54,3.81,500,1303084800
"2011-04-19","ARM",3.95,3.95,3.95,3.95,500,1303171200
"2011-04-20","ARM",4.13,4.13,4.13,4.13,500,1303257600
"2011-04-22","ARM",4.4,4.4,3.87,3.87,2600,1303430400
"2011-04-25","ARM",4.16,4.16,3.9,3.9,200,1303689600
"2011-04-26","ARM",4.31,4.31,3.84,3.84,600,1303776000
"2011-04-27","ARM",3.75,3.75,3.75,3.75,100,1303862400
"2011-04-28","ARM",3.84,3.84,3.84,3.84,100,1303948800
"2011-04-29","ARM",3.6,3.6,3.6,3.6,100,1304035200
"2011-05-04","ARM",3.54,3.54,3.54,3.54,200,1304467200
"2011-05-05","ARM",3.57,3.75,3.57,3.69,4000,1304553600
"2011-05-06","ARM",3.78,3.78,3.78,3.78,100,1304640000
"2011-05-10","ARM",3.6,3.6,3.6,3.6,2000,1304985600
"2011-05-11","ARM",3.48,3.48,3.48,3.48,2000,1305072000
"2011-05-12","ARM",3.72,3.72,3.69,3.69,200,1305158400
"2011-05-13","ARM",3.84,3.84,3.84,3.84,300,1305244800
"2011-05-17","ARM",3.63,3.63,3.57,3.57,6100,1305590400
"2011-05-18","ARM",3.36,3.36,3.36,3.36,100,1305676800
"2011-05-19","ARM",3.57,3.57,3.57,3.57,100,1305763200
"2011-05-20","ARM",3.78,3.78,3.78,3.78,200,1305849600
"2011-05-23","ARM",3.54,3.95,3.54,3.54,12700,1306108800
"2011-05-24","ARM",3.31,3.78,3.31,3.78,3200,1306195200
"2011-05-25","ARM",3.95,3.95,3.95,3.95,300,1306281600
"2011-05-26","ARM",4.22,4.22,3.81,3.81,1000,1306368000
"2011-05-27","ARM",3.63,3.78,3.63,3.78,600,1306454400
"2011-05-30","ARM",3.57,3.57,3.51,3.51,200,1306713600
"2011-05-31","ARM",3.33,3.78,3.33,3.78,9600,1306800000
"2011-06-01","ARM",4.01,4.01,3.95,4.01,1400,1306886400
"2011-06-02","ARM",4.25,4.25,4.25,4.25,4200,1306972800
"2011-06-03","ARM",3.98,4.01,3.95,3.98,9100,1307059200
"2011-06-06","ARM",4.25,4.25,4.01,4.04,2500,1307318400
"2011-06-07","ARM",4.04,4.37,4.01,4.37,20500,1307404800
"2011-06-08","ARM",4.37,4.37,4.37,4.37,200,1307491200
"2011-06-09","ARM",4.43,4.54,4.43,4.54,1800,1307577600
"2011-06-10","ARM",4.78,4.81,4.22,4.22,4800,1307664000
"2011-06-13","ARM",4.69,4.69,4.4,4.4,2600,1307923200
"2011-06-14","ARM",4.34,4.34,4.34,4.34,2000,1308009600
"2011-06-15","ARM",4.13,4.13,4.04,4.04,2100,1308096000
"2011-06-17","ARM",4.13,4.19,4.01,4.01,9400,1308268800
"2011-06-20","ARM",4.07,4.07,3.98,4.07,3800,1308528000
"2011-06-21","ARM",4.01,4.13,4.01,4.13,700,1308614400
"2011-06-22","ARM",4.19,4.28,4.19,4.19,16000,1308700800
"2011-06-23","ARM",4.28,4.37,4.13,4.13,6000,1308787200
"2011-06-24","ARM",4.19,4.19,4.13,4.13,1500,1308873600
"2011-06-27","ARM",4.31,4.31,4.19,4.31,7200,1309132800
"2011-06-28","ARM",4.34,4.34,4.13,4.13,1600,1309219200
"2011-06-29","ARM",4.52,4.52,4.18,4.21,4700,1309305600
"2011-06-30","ARM",4.11,4.11,4,4,600,1309392000
"2011-07-01","ARM",3.83,3.83,3.83,3.83,1700,1309478400
"2011-07-04","ARM",3.77,3.77,3.59,3.59,5100,1309737600
"2011-07-05","ARM",3.63,3.77,3.63,3.63,4300,1309824000
"2011-07-06","ARM",3.56,3.77,3.56,3.77,1100,1309910400
"2011-07-07","ARM",3.77,3.77,3.66,3.66,1300,1309996800
"2011-07-11","ARM",3.73,3.73,3.7,3.7,7200,1310342400
"2011-07-12","ARM",3.73,3.73,3.63,3.73,17500,1310428800
"2011-07-13","ARM",3.94,3.94,3.7,3.73,4400,1310515200
"2011-07-14","ARM",3.94,3.94,3.94,3.94,100,1310601600
"2011-07-15","ARM",3.7,3.7,3.66,3.66,9000,1310688000
"2011-07-18","ARM",3.66,3.7,3.66,3.7,800,1310947200
"2011-07-19","ARM",3.7,3.73,3.7,3.7,11000,1311033600
"2011-07-20","ARM",3.7,3.7,3.7,3.7,5000,1311120000
"2011-07-21","ARM",3.7,3.7,3.7,3.7,1000,1311206400
"2011-07-22","ARM",3.7,3.7,3.7,3.7,15300,1311292800
"2011-07-26","ARM",3.66,3.66,3.66,3.66,1100,1311638400
"2011-07-27","ARM",3.66,3.66,3.66,3.66,2000,1311724800
"2011-07-28","ARM",3.7,3.7,3.66,3.66,6600,1311811200
"2011-08-01","ARM",3.42,3.42,3.42,3.42,100,1312156800
"2011-08-03","ARM",3.66,3.66,3.66,3.66,100,1312329600
"2011-08-04","ARM",3.77,3.77,3.77,3.77,3200,1312416000
"2011-08-08","ARM",3.56,3.66,3.56,3.66,2800,1312761600
"2011-08-09","ARM",3.63,3.66,3.63,3.66,11000,1312848000
"2011-08-10","ARM",3.63,3.8,3.63,3.8,2100,1312934400
"2011-08-11","ARM",3.77,3.87,3.77,3.87,200,1313020800
"2011-08-12","ARM",3.94,3.94,3.94,3.94,100,1313107200
"2011-08-16","ARM",4.04,4.04,4.04,4.04,100,1313452800
"2011-08-17","ARM",4,4.04,4,4.04,300,1313539200
"2011-08-18","ARM",4.04,4.04,4.04,4.04,500,1313625600
"2011-08-22","ARM",4.07,4.07,4.07,4.07,100,1313971200
"2011-08-23","ARM",4.11,4.11,4.11,4.11,2600,1314057600
"2011-08-24","ARM",4.11,4.11,4.11,4.11,2000,1314144000
"2011-08-25","ARM",4.14,4.14,4.14,4.14,2100,1314230400
"2011-08-26","ARM",4.14,4.18,4.14,4.18,400,1314316800
"2011-08-29","ARM",4.14,4.42,4.14,4.42,2000,1314576000
"2011-08-30","ARM",4.28,4.28,4.28,4.28,100,1314662400
"2011-08-31","ARM",4.28,4.31,4.25,4.25,6800,1314748800
"2011-09-01","ARM",4.28,4.28,4.28,4.28,5000,1314835200
"2011-09-07","ARM",4.28,4.55,4.28,4.55,8300,1315353600
"2011-09-09","ARM",4.55,4.55,4.52,4.52,3000,1315526400
"2011-09-12","ARM",4.45,4.45,4.45,4.45,3500,1315785600
"2011-09-13","ARM",4.45,4.45,4.45,4.45,2300,1315872000
"2011-09-14","ARM",4.72,4.76,4.72,4.76,300,1315958400
"2011-09-15","ARM",4.45,4.45,4.45,4.45,300,1316044800
"2011-09-16","ARM",4.28,4.28,4.18,4.18,2800,1316131200
"2011-09-19","ARM",4.11,4.11,4.11,4.11,1500,1316390400
"2011-09-20","ARM",4.11,4.11,4.11,4.11,1500,1316476800
"2011-09-26","ARM",4.11,4.11,4.11,4.11,500,1316995200
"2011-09-29","ARM",4.35,4.35,4.28,4.28,2100,1317254400
"2011-10-03","ARM",4.31,4.31,4.28,4.28,19300,1317600000
"2011-10-06","ARM",4.11,4.11,4.11,4.11,1200,1317859200
"2011-10-18","ARM",4.11,4.11,4.11,4.11,1600,1318896000
"2011-10-19","ARM",4.21,4.38,4.21,4.38,2300,1318982400
"2011-10-20","ARM",4.45,4.45,4.45,4.45,1000,1319068800
"2011-10-21","ARM",4.14,4.45,4.14,4.31,10900,1319155200
"2011-10-24","ARM",4.28,4.28,4.28,4.28,1400,1319414400
"2011-10-25","ARM",4.11,4.11,4.11,4.11,300,1319500800
"2011-10-27","ARM",4.28,4.28,4.28,4.28,3000,1319673600
"2011-10-28","ARM",4.31,4.31,4.31,4.31,7100,1319760000
"2011-10-31","ARM",4.31,4.31,4.21,4.21,8000,1320019200
"2011-11-01","ARM",4.28,4.28,4.11,4.11,5000,1320105600
"2011-11-09","ARM",4.45,4.45,4.45,4.45,100,1320796800
"2011-11-10","ARM",4.62,4.62,4.62,4.62,100,1320883200
"2011-11-14","ARM",4.83,4.83,4.83,4.83,100,1321228800
"2011-11-24","ARM",5.1,5.1,5.1,5.1,200,1322092800
"2011-11-28","ARM",5.24,5.24,5.24,5.24,100,1322438400
"2011-12-05","ARM",5.51,5.51,4.89,4.89,1100,1323043200
"2011-12-06","ARM",5.2,5.2,5.2,5.2,100,1323129600
"2011-12-13","ARM",5.51,5.51,5.51,5.51,100,1323734400
"2011-12-21","ARM",5.13,5.13,5.13,5.13,100,1324425600
"2012-02-02","ARM",4.79,4.79,4.79,4.79,1000,1328140800
"2012-02-08","ARM",4.48,4.48,4.48,4.48,1300,1328659200
"2012-02-09","ARM",4.21,4.21,4.18,4.18,3000,1328745600
"2012-02-10","ARM",3.97,3.97,3.97,3.97,1000,1328832000
"2012-02-14","ARM",4.25,4.25,4.25,4.25,4900,1329177600
"2012-02-15","ARM",4,4,3.97,3.97,3100,1329264000
"2012-02-16","ARM",4.11,4.25,4.11,4.25,200,1329350400
"2012-02-20","ARM",4.18,4.18,4.18,4.18,5000,1329696000
"2012-02-22","ARM",4.31,4.45,4.31,4.45,2300,1329868800
"2012-02-23","ARM",4.45,4.45,4.45,4.45,900,1329955200
"2012-02-24","ARM",4.45,4.69,4.45,4.69,2200,1330041600
"2012-02-27","ARM",4.52,4.52,4.52,4.52,3000,1330300800
"2012-02-28","ARM",4.21,4.21,4.21,4.21,4000,1330387200
"2012-02-29","ARM",4.11,4.11,4.11,4.11,3100,1330473600
"2012-03-01","ARM",4.28,4.28,4.28,4.28,100,1330560000
"2012-03-02","ARM",4.38,4.52,4.38,4.52,1100,1330646400
"2012-03-05","ARM",4.62,4.66,4.62,4.66,3200,1330905600
"2012-03-06","ARM",4.69,4.69,4.45,4.45,5200,1330992000
"2012-03-08","ARM",4.66,4.69,4.66,4.66,13000,1331164800
"2012-03-09","ARM",4.72,4.72,4.62,4.66,7000,1331251200
"2012-03-13","ARM",4.66,4.66,4.66,4.66,100,1331596800
"2012-03-15","ARM",4.79,4.79,4.79,4.79,3000,1331769600
"2012-03-16","ARM",4.96,4.96,4.79,4.79,2200,1331856000
"2012-03-19","ARM",4.79,4.79,4.79,4.79,2000,1332115200
"2012-03-20","ARM",4.79,4.79,4.79,4.79,1700,1332201600
"2012-03-21","ARM",4.93,4.93,4.93,4.93,100,1332288000
"2012-03-22","ARM",5.24,5.24,5.24,5.24,100,1332374400
"2012-03-23","ARM",5.44,5.44,5.44,5.44,100,1332460800
"2012-03-27","ARM",5.13,5.48,5.07,5.07,18200,1332806400
"2012-03-28","ARM",5.37,5.37,5.07,5.07,1100,1332892800
"2012-03-29","ARM",4.96,4.96,4.96,4.96,1000,1332979200
"2012-04-04","ARM",4.86,4.86,4.86,4.86,400,1333497600
"2012-04-05","ARM",4.79,4.79,4.79,4.79,600,1333584000
"2012-04-06","ARM",4.66,4.66,4.66,4.66,100,1333670400
"2012-04-10","ARM",4.96,4.96,4.86,4.86,4600,1334016000
"2012-04-11","ARM",5.13,5.13,5.13,5.13,2100,1334102400
"2012-04-12","ARM",4.89,4.89,4.89,4.89,2700,1334188800
"2012-04-16","ARM",5.17,5.17,5.13,5.13,1900,1334534400
"2012-04-17","ARM",5.31,5.31,5.31,5.31,100,1334620800
"2012-04-18","ARM",5,5.31,4.96,4.96,10500,1334707200
"2012-04-19","ARM",4.93,5.13,4.93,5.13,200,1334793600
"2012-04-20","ARM",4.96,4.96,4.79,4.83,15000,1334880000
"2012-04-23","ARM",4.86,5.13,4.79,5.13,15200,1335139200
"2012-04-24","ARM",5.13,5.13,5.13,5.13,1000,1335225600
"2012-04-25","ARM",5,5.13,5,5.13,1000,1335312000
"2012-04-26","ARM",4.96,5.48,4.96,5.48,1500,1335398400
"2012-05-04","ARM",5.65,5.85,5.65,5.85,1600,1336089600
"2012-05-08","ARM",5.85,6.23,5.85,6.23,10500,1336435200
"2012-05-09","ARM",6.33,6.33,6.33,6.33,3000,1336521600
"2012-05-11","ARM",6.57,6.57,6.57,6.57,100,1336694400
"2012-05-14","ARM",6.16,6.16,6.13,6.13,9000,1336953600
"2012-05-15","ARM",5.72,5.72,5.72,5.72,500,1337040000
"2012-05-17","ARM",6.09,6.09,6.09,6.09,200,1337212800
"2012-05-18","ARM",6.16,6.16,5.68,5.68,1100,1337299200
"2012-05-21","ARM",5.31,6.06,5.31,6.06,200,1337558400
"2012-05-22","ARM",5.75,5.75,5.75,5.75,100,1337644800
"2012-05-25","ARM",6.09,6.09,5.85,6.09,4200,1337904000
"2012-05-29","ARM",6.37,6.4,6.37,6.4,7000,1338249600
"2012-05-30","ARM",6.85,6.85,6.78,6.78,2000,1338336000
"2012-06-01","ARM",6.5,6.5,6.5,6.5,100,1338508800
"2012-06-04","ARM",6.06,6.57,6.06,6.57,1600,1338768000
"2012-06-05","ARM",6.5,6.61,6.5,6.61,24600,1338854400
"2012-06-06","ARM",6.61,6.61,6.61,6.61,1600,1338940800
"2012-06-07","ARM",6.61,7.05,6.47,7.05,600,1339027200
"2012-06-08","ARM",7.05,7.05,6.61,6.61,4100,1339113600
"2012-06-11","ARM",6.67,6.67,6.5,6.57,14900,1339372800
"2012-06-12","ARM",6.67,6.67,6.47,6.5,16600,1339459200
"2012-06-13","ARM",6.93,6.93,6.93,6.93,100,1339545600
"2012-06-14","ARM",6.46,6.46,6.46,6.46,12600,1339632000
"2012-06-15","ARM",6.46,6.46,6.46,6.46,4200,1339718400
"2012-06-18","ARM",6.66,6.66,6.46,6.46,4700,1339977600
"2012-06-19","ARM",6.82,6.82,6.82,6.82,100,1340064000
"2012-06-22","ARM",6.82,6.82,6.46,6.46,6500,1340323200
"2012-06-25","ARM",6.46,6.46,6.46,6.46,600,1340582400
"2012-06-26","ARM",6.46,6.46,6.46,6.46,3700,1340668800
"2012-06-27","ARM",6.35,6.35,6.35,6.35,500,1340755200
"2012-07-02","ARM",6.46,6.46,6.46,6.46,5000,1341187200
"2012-07-03","ARM",6.46,6.46,6.46,6.46,1700,1341273600
"2012-07-18","ARM",6.58,6.58,6.58,6.58,1000,1342569600
"2012-07-19","ARM",6.27,6.82,6.27,6.82,1400,1342656000
"2012-07-20","ARM",7.05,7.05,6.97,6.97,2000,1342742400
"2012-07-27","ARM",6.5,6.5,6.5,6.5,200,1343347200
"2012-07-30","ARM",6.11,6.27,6.11,6.27,1100,1343606400
"2012-08-01","ARM",6.46,6.46,6.46,6.46,1000,1343779200
"2012-08-06","ARM",6.35,6.35,6.35,6.35,1200,1344211200
"2012-08-07","ARM",6.35,6.35,6.35,6.35,6300,1344297600
"2012-08-08","ARM",6.35,6.35,6.35,6.35,2500,1344384000
"2012-08-16","ARM",6.27,6.27,6.27,6.27,4500,1345075200
"2012-08-17","ARM",6.27,6.27,6.27,6.27,5500,1345161600
"2012-08-20","ARM",6.31,6.31,6.31,6.31,1000,1345420800
"2012-08-21","ARM",6.27,6.27,6.27,6.27,7300,1345507200
"2012-08-23","ARM",5.88,5.88,5.88,5.88,100,1345680000
"2012-08-27","ARM",5.88,5.88,5.88,5.88,200,1346025600
"2012-09-26","ARM",5.68,5.68,5.68,5.68,200,1348617600
"2012-10-08","ARM",5.68,5.68,5.68,5.68,300,1349654400
"2012-10-30","ARM",6.07,6.07,6.07,6.07,500,1351555200
"2012-10-31","ARM",6.46,6.46,6.46,6.46,200,1351641600
"2012-11-01","ARM",6.89,6.89,6.89,6.89,100,1351728000
"2012-11-06","ARM",6.42,6.42,6.42,6.42,200,1352160000
"2012-11-20","ARM",6.31,6.31,6.31,6.31,300,1353369600
"2012-11-23","ARM",6.42,6.42,6.42,6.42,100,1353628800
"2012-11-27","ARM",6.86,6.86,6.86,6.86,6200,1353974400
"2012-11-28","ARM",6.86,6.89,6.86,6.89,17700,1354060800
"2012-11-30","ARM",6.66,6.66,6.66,6.66,1900,1354233600
"2012-12-03","ARM",6.86,6.93,6.86,6.93,4300,1354492800
"2012-12-04","ARM",7.01,7.41,7.01,7.41,1500,1354579200
"2012-12-05","ARM",6.93,7.84,6.93,7.84,7600,1354665600
"2012-12-06","ARM",7.33,7.33,7.33,7.33,100,1354752000
"2012-12-07","ARM",6.82,7.25,6.82,7.25,400,1354838400
"2012-12-10","ARM",6.78,7.01,6.78,7.01,300,1355097600
"2012-12-11","ARM",6.78,6.97,6.7,6.7,900,1355184000
"2012-12-12","ARM",6.89,6.89,6.89,6.89,3400,1355270400
"2012-12-14","ARM",6.46,6.89,6.46,6.89,500,1355443200
"2012-12-17","ARM",7.37,7.37,6.89,6.89,200,1355702400
"2012-12-18","ARM",6.46,7.13,6.46,7.13,400,1355788800
"2012-12-19","ARM",7.56,7.56,7.56,7.56,100,1355875200
"2012-12-20","ARM",7.05,7.05,7.05,7.05,1300,1355961600
"2012-12-25","ARM",6.66,6.66,6.66,6.66,3500,1356393600
"2012-12-26","ARM",6.97,7.01,6.97,7.01,200,1356480000
"2012-12-27","ARM",7.01,7.48,6.7,6.97,600,1356566400
"2012-12-28","ARM",6.93,6.93,6.93,6.93,500,1356652800
"2013-01-02","ARM",6.97,6.97,6.66,6.97,5600,1357084800
"2013-01-03","ARM",6.66,7.44,6.66,7.44,3200,1357171200
"2013-01-04","ARM",7.56,7.84,6.93,7.84,4600,1357257600
"2013-01-07","ARM",7.29,7.29,7.29,7.29,100,1357516800
"2013-01-08","ARM",6.93,6.93,6.78,6.78,11800,1357603200
"2013-01-09","ARM",6.78,6.86,6.78,6.86,4200,1357689600
"2013-01-10","ARM",7.05,7.05,6.86,6.86,200,1357776000
"2013-01-11","ARM",6.66,6.86,6.66,6.66,3200,1357862400
"2013-01-14","ARM",6.58,6.74,6.58,6.74,10000,1358121600
"2013-01-15","ARM",6.97,6.97,6.97,6.97,200,1358208000
"2013-01-16","ARM",6.62,6.97,6.62,6.97,4400,1358294400
"2013-01-17","ARM",6.62,6.82,6.62,6.82,5100,1358380800
"2013-01-18","ARM",6.66,6.82,6.62,6.82,5300,1358467200
"2013-01-23","ARM",6.7,6.7,6.7,6.7,300,1358899200
"2013-01-24","ARM",6.7,6.7,6.7,6.7,800,1358985600
"2013-01-25","ARM",6.66,6.89,6.66,6.66,700,1359072000
"2013-01-28","ARM",6.86,6.86,6.62,6.78,9200,1359331200
"2013-01-30","ARM",6.31,6.86,6.27,6.86,6000,1359504000
"2013-01-31","ARM",6.93,7.52,6.93,7.52,700,1359590400
"2013-02-06","ARM",8.03,8.03,7.21,7.21,200,1360108800
"2013-02-07","ARM",7.01,7.01,7.01,7.01,800,1360195200
"2013-02-08","ARM",7.56,7.56,7.56,7.56,100,1360281600
"2013-02-18","ARM",7.8,7.8,7.8,7.8,100,1361145600
"2013-02-19","ARM",7.25,7.25,7.25,7.25,100,1361232000
"2013-02-20","ARM",7.05,7.09,6.86,6.86,2900,1361318400
"2013-02-21","ARM",6.86,6.97,6.86,6.97,7500,1361404800
"2013-02-22","ARM",7.44,7.64,6.86,7.44,4400,1361491200
"2013-02-25","ARM",7.25,7.25,7.05,7.05,1800,1361750400
"2013-02-26","ARM",6.97,6.97,6.86,6.86,3700,1361836800
"2013-02-28","ARM",6.86,7.01,6.86,7.01,2700,1362009600
"2013-03-04","ARM",6.86,6.86,6.86,6.86,3500,1362355200
"2013-03-06","ARM",6.86,7.29,6.86,7.29,3600,1362528000
"2013-03-08","ARM",6.86,7.01,6.86,7.01,3600,1362700800
"2013-03-11","ARM",7.44,7.64,6.78,6.78,500,1362960000
"2013-03-12","ARM",7.01,7.05,7.01,7.01,2500,1363046400
"2013-03-13","ARM",7.13,7.13,7.05,7.05,5500,1363132800
"2013-03-14","ARM",7.05,7.33,7.05,7.33,4300,1363219200
"2013-03-19","ARM",7.13,7.44,7.13,7.44,2200,1363651200
"2013-03-20","ARM",7.29,7.44,7.29,7.44,2800,1363737600
"2013-03-21","ARM",7.44,7.95,7.44,7.95,200,1363824000
"2013-03-22","ARM",8.7,8.7,7.29,8.11,5400,1363910400
"2013-03-26","ARM",8.42,8.42,8.42,8.42,100,1364256000
"2013-03-27","ARM",8.42,9.21,8.42,9.21,400,1364342400
"2013-03-28","ARM",8.31,8.62,8.31,8.62,200,1364428800
"2013-04-01","ARM",7.8,7.8,7.8,7.8,100,1364774400
"2013-04-02","ARM",8.19,8.19,8.19,8.19,300,1364860800
"2013-04-03","ARM",7.84,7.84,7.84,7.84,700,1364947200
"2013-04-04","ARM",7.84,7.84,7.84,7.84,100,1365033600
"2013-04-05","ARM",7.99,7.99,7.99,7.99,100,1365120000
"2013-04-08","ARM",8.03,8.62,8.03,8.62,200,1365379200
"2013-04-09","ARM",8.62,8.62,8.62,8.62,100,1365465600
"2013-04-10","ARM",8.46,8.46,8.46,8.46,100,1365552000
"2013-04-12","ARM",8.23,8.23,7.84,8.23,300,1365724800
"2013-04-16","ARM",9.01,9.01,9.01,9.01,100,1366070400
"2013-04-18","ARM",8.11,8.11,8.11,8.11,200,1366243200
"2013-04-24","ARM",7.44,8.15,7.44,8.15,200,1366761600
"2013-05-03","ARM",7.84,8.03,7.84,8.03,1000,1367539200
"2013-05-06","ARM",8.23,8.23,8.23,8.23,1000,1367798400
"2013-05-07","ARM",7.88,8.03,7.84,8.03,1300,1367884800
"2013-05-10","ARM",7.84,7.84,7.84,7.84,1000,1368144000
"2013-05-13","ARM",8.23,8.23,8.23,8.23,100,1368403200
"2013-05-15","ARM",8.62,8.62,8.62,8.62,100,1368576000
"2013-05-17","ARM",8.74,8.74,8.74,8.74,1000,1368748800
"2013-05-22","ARM",8.81,8.81,8.81,8.81,1000,1369180800
"2013-05-23","ARM",8.62,8.81,8.62,8.81,1100,1369267200
"2013-05-28","ARM",8.03,8.23,7.95,8.23,4500,1369699200
"2013-05-30","ARM",9.01,9.01,8.23,8.97,4600,1369872000
"2013-05-31","ARM",8.42,8.62,8.42,8.62,4100,1369958400
"2013-06-03","ARM",8.62,8.62,8.62,8.62,600,1370217600
"2013-06-04","ARM",8.62,9.25,8.62,9.25,7000,1370304000
"2013-06-05","ARM",9.21,9.25,9.01,9.25,4000,1370390400
"2013-06-06","ARM",9.29,9.36,9.25,9.36,5700,1370476800
"2013-06-07","ARM",10.11,10.11,9.01,9.4,900,1370563200
"2013-06-10","ARM",9.25,9.36,9.25,9.36,10200,1370822400
"2013-06-11","ARM",9.32,10.27,9.32,9.79,11800,1370908800
"2013-06-12","ARM",9.83,10.42,9.83,10.42,19800,1370995200
"2013-06-13","ARM",10.54,10.97,10.54,10.58,21300,1371081600
"2013-06-14","ARM",10.42,11.24,10.42,10.58,14800,1371168000
"2013-06-17","ARM",10.58,10.58,10.19,10.34,5700,1371427200
"2013-06-18","ARM",10.38,10.38,9.79,10.23,2700,1371513600
"2013-06-19","ARM",10.19,10.34,10.19,10.3,2300,1371600000
"2013-06-20","ARM",10.58,10.58,9.79,9.79,8000,1371686400
"2013-06-21","ARM",10.27,10.27,10.19,9.79,300,1371772800
"2013-06-24","ARM",10.42,10.42,10.27,10.27,3800,1372032000
"2013-06-25","ARM",10.38,10.46,9.25,10.19,2600,1372118400
"2013-06-26","ARM",10.27,10.27,9.25,9.79,3500,1372204800
"2013-06-27","ARM",10.24,10.46,9.35,9.35,900,1372291200
"2013-06-28","ARM",10.28,10.28,9.22,9.93,6700,1372377600
"2013-07-01","ARM",10.02,10.02,10.02,10.02,100,1372636800
"2013-07-02","ARM",9.22,9.75,9.04,9.75,3400,1372723200
"2013-07-03","ARM",9.35,9.35,9.17,9.26,900,1372809600
"2013-07-04","ARM",10.11,10.11,9.04,9.79,300,1372896000
"2013-07-09","ARM",9.13,9.13,9.13,9.13,1900,1373328000
"2013-07-10","ARM",9.57,9.57,8.68,9.53,2500,1373414400
"2013-07-12","ARM",8.68,9.35,8.68,9.35,1300,1373587200
"2013-07-15","ARM",8.46,9.35,8.46,8.68,900,1373846400
"2013-07-16","ARM",8.9,8.99,8.9,8.95,4400,1373932800
"2013-07-17","ARM",8.9,8.9,8.9,8.9,700,1374019200
"2013-07-18","ARM",8.77,8.77,8.77,8.77,100,1374105600
"2013-07-19","ARM",8.9,9.35,8.77,9.35,3200,1374192000
"2013-07-23","ARM",9.13,9.13,8.99,8.99,300,1374537600
"2013-07-24","ARM",8.59,8.9,8.59,8.9,2200,1374624000
"2013-07-31","ARM",8.24,8.24,8.24,8.24,100,1375228800
"2013-08-01","ARM",8.24,8.24,8.24,8.24,100,1375315200
"2013-08-02","ARM",9.04,9.04,9.04,9.04,100,1375401600
"2013-08-05","ARM",8.24,8.55,8.24,8.55,1200,1375660800
"2013-08-07","ARM",8.24,8.24,8.24,8.24,100,1375833600
"2013-08-09","ARM",8.24,8.24,8.24,8.24,200,1376006400
"2013-08-13","ARM",8.68,8.68,8.68,8.68,100,1376352000
"2013-08-14","ARM",8.28,8.28,7.84,7.92,3900,1376438400
"2013-08-19","ARM",8.01,8.01,8.01,8.01,100,1376870400
"2013-08-20","ARM",8.01,8.01,8.01,8.01,1000,1376956800
"2013-08-22","ARM",8.01,8.01,7.92,7.92,1800,1377129600
"2013-08-23","ARM",7.92,7.92,7.92,7.92,200,1377216000
"2013-08-28","ARM",7.79,7.79,7.75,7.75,1700,1377648000
"2013-08-29","ARM",7.75,7.75,7.75,7.75,500,1377734400
"2013-08-30","ARM",7.75,7.75,7.75,7.75,1300,1377820800
"2013-09-05","ARM",7.57,7.7,7.57,7.57,4100,1378339200
"2013-09-06","ARM",7.57,7.57,7.48,7.48,2500,1378425600
"2013-09-10","ARM",7.48,7.48,7.48,7.48,100,1378771200
"2013-09-11","ARM",7.35,7.35,7.3,7.3,4700,1378857600
"2013-09-12","ARM",7.26,7.3,7.12,7.12,27000,1378944000
"2013-09-13","ARM",7.84,7.84,7.35,7.35,12900,1379030400
"2013-09-16","ARM",8.06,8.06,7.52,8.01,5000,1379289600
"2013-09-17","ARM",7.39,7.39,7.3,7.3,9500,1379376000
"2013-09-19","ARM",7.3,7.57,7.3,7.57,1700,1379548800
"2013-09-24","ARM",7.35,7.57,7.35,7.57,800,1379980800
"2013-09-25","ARM",7.39,7.48,7.35,7.43,10900,1380067200
"2013-09-26","ARM",7.3,7.35,7.3,7.35,12900,1380153600
"2013-09-27","ARM",7.35,7.35,7.35,7.35,600,1380240000
"2013-09-30","ARM",7.35,7.39,7.35,7.39,3600,1380499200
"2013-10-01","ARM",7.48,7.52,7.48,7.52,3800,1380585600
"2013-10-02","ARM",7.52,7.52,7.52,7.52,200,1380672000
"2013-10-03","ARM",7.52,7.66,7.43,7.43,1900,1380758400
"2013-10-04","ARM",7.57,7.57,7.57,7.57,4000,1380844800
"2013-10-07","ARM",7.57,7.57,7.57,7.57,7400,1381104000
"2013-10-08","ARM",7.57,7.57,7.48,7.48,1100,1381190400
"2013-10-09","ARM",7.52,8.01,7.52,7.79,5900,1381276800
"2013-10-10","ARM",7.57,7.7,7.52,7.7,3700,1381363200
"2013-10-11","ARM",7.66,7.66,7.61,7.61,700,1381449600
"2013-10-14","ARM",7.57,7.57,7.52,7.52,1500,1381708800
"2013-10-15","ARM",7.52,7.52,7.52,7.52,3500,1381795200
"2013-10-16","ARM",7.75,7.75,7.43,7.75,10300,1381881600
"2013-10-17","ARM",7.75,8.01,7.75,8.01,9700,1381968000
"2013-10-18","ARM",7.75,7.75,7.7,7.7,3100,1382054400
"2013-10-21","ARM",7.7,7.79,7.7,7.79,6800,1382313600
"2013-10-22","ARM",7.75,7.88,7.7,7.7,3400,1382400000
"2013-10-23","ARM",7.61,7.61,7.48,7.61,21800,1382486400
"2013-10-24","ARM",7.52,7.7,7.52,7.7,4100,1382572800
"2013-10-25","ARM",7.79,7.79,7.57,7.75,3700,1382659200
"2013-10-28","ARM",7.61,7.61,7.61,7.61,1000,1382918400
"2013-10-29","ARM",7.61,7.7,7.61,7.7,3100,1383004800
"2013-10-30","ARM",7.66,7.66,7.61,7.66,1600,1383091200
"2013-10-31","ARM",7.66,7.66,7.66,7.66,100,1383177600
"2013-11-05","ARM",7.75,7.79,7.75,7.79,7300,1383609600
"2013-11-06","ARM",7.88,7.92,7.84,7.88,8600,1383696000
"2013-11-07","ARM",7.92,8.01,7.92,7.97,15500,1383782400
"2013-11-08","ARM",8.1,8.1,8.01,8.01,15900,1383868800
"2013-11-11","ARM",8.46,8.46,8.01,8.06,25500,1384128000
"2013-11-12","ARM",8.86,8.86,8.77,8.77,600,1384214400
"2013-11-14","ARM",8.1,8.24,8.1,8.24,2200,1384387200
"2013-11-15","ARM",8.24,8.46,8.24,8.41,13900,1384473600
"2013-11-18","ARM",8.46,8.64,8.46,8.64,3000,1384732800
"2013-11-19","ARM",8.33,8.37,8.33,8.37,1200,1384819200
"2013-11-20","ARM",8.24,8.37,8.15,8.37,3100,1384905600
"2013-11-21","ARM",8.37,8.46,8.37,8.37,17400,1384992000
"2013-11-22","ARM",8.64,8.77,8.41,8.37,11600,1385078400
"2013-11-25","ARM",8.68,8.77,8.68,8.77,7700,1385337600
"2013-11-26","ARM",8.73,8.9,8.73,8.9,10800,1385424000
"2013-11-27","ARM",8.99,8.99,8.99,8.99,100,1385510400
"2013-11-28","ARM",8.95,8.99,8.95,8.99,1700,1385596800
"2013-11-29","ARM",8.95,8.95,8.9,8.95,1300,1385683200
"2013-12-02","ARM",8.9,8.9,8.9,8.9,2800,1385942400
"2013-12-03","ARM",8.9,8.9,8.73,8.73,6100,1386028800
"2013-12-04","ARM",8.73,8.73,8.73,8.73,500,1386115200
"2013-12-05","ARM",8.9,9.04,8.9,8.99,4400,1386201600
"2013-12-06","ARM",8.99,9.08,8.99,9.08,800,1386288000
"2013-12-09","ARM",9.08,9.35,9.08,9.35,1400,1386547200
"2013-12-10","ARM",9.17,9.3,9.04,9.3,1100,1386633600
"2013-12-11","ARM",8.9,8.9,8.9,8.9,100,1386720000
"2013-12-12","ARM",9.35,9.57,9.3,9.35,11000,1386806400
"2013-12-13","ARM",9.35,9.57,9.35,9.35,5800,1386892800
"2013-12-16","ARM",9.44,9.44,9.44,9.44,500,1387152000
"2013-12-17","ARM",9.59,9.59,9.44,9.44,12500,1387238400
"2013-12-18","ARM",9.4,9.4,9.4,9.4,1200,1387324800
"2013-12-20","ARM",9.3,9.59,9.3,9.44,300,1387497600
"2013-12-23","ARM",9.44,9.49,9.44,9.49,1300,1387756800
"2013-12-24","ARM",9.49,9.49,9.49,9.49,100,1387843200
"2013-12-25","ARM",9.49,9.49,9.49,9.49,300,1387929600
"2013-12-26","ARM",9.44,9.44,9.44,9.44,3100,1388016000
"2013-12-27","ARM",9.49,9.49,9.49,9.49,400,1388102400
"2013-12-31","ARM",9.49,9.49,9.49,9.49,600,1388448000
"2014-01-02","ARM",9.49,9.49,9.44,9.44,1500,1388620800
"2014-01-03","ARM",9.44,9.49,9.44,9.49,2600,1388707200
"2014-01-07","ARM",9.68,9.68,9.68,9.68,200,1389052800
"2014-01-08","ARM",9.63,9.68,9.63,9.68,1400,1389139200
"2014-01-10","ARM",9.49,9.68,9.44,9.68,4000,1389312000
"2014-01-13","ARM",9.44,9.44,9.44,9.44,1000,1389571200
"2014-01-14","ARM",9.44,9.44,8.97,9.21,3700,1389657600
"2014-01-15","ARM",9.44,9.54,9.44,9.54,6900,1389744000
"2014-01-17","ARM",9.4,9.4,9.4,9.4,4100,1389916800
"2014-01-20","ARM",9.4,9.4,9.4,9.4,5500,1390176000
"2014-01-21","ARM",9.44,9.44,9.44,9.44,600,1390262400
"2014-01-22","ARM",9.3,9.3,9.3,9.3,4700,1390348800
"2014-01-24","ARM",9.3,9.3,9.3,9.3,100,1390521600
"2014-01-27","ARM",9.3,9.3,9.3,9.3,700,1390780800
"2014-02-10","ARM",9.44,9.44,9.3,9.3,7700,1391990400
"2014-02-11","ARM",9.3,9.3,9.3,9.3,500,1392076800
"2014-02-12","ARM",9.21,9.44,9.21,9.44,15900,1392163200
"2014-02-13","ARM",9.35,9.35,9.35,9.35,8100,1392249600
"2014-02-14","ARM",9.21,9.49,9.21,9.49,5600,1392336000
"2014-02-17","ARM",9.4,9.44,9.4,9.44,200,1392595200
"2014-02-18","ARM",9.4,9.44,9.4,9.44,17600,1392681600
"2014-02-19","ARM",9.44,9.44,9.44,9.44,2200,1392768000
"2014-02-20","ARM",9.4,9.4,9.4,9.4,1600,1392854400
"2014-02-21","ARM",9.4,9.4,9.4,9.4,5200,1392940800
"2014-02-24","ARM",9.4,9.4,9.35,9.35,1700,1393200000
"2014-02-25","ARM",9.4,9.4,9.4,9.4,5400,1393286400
"2014-02-26","ARM",9.4,9.44,9.4,9.44,34100,1393372800
"2014-02-27","ARM",9.35,9.54,9.35,9.44,5800,1393459200
"2014-02-28","ARM",9.44,9.44,9.44,9.44,6500,1393545600
"2014-03-03","ARM",9.44,9.44,9.44,9.44,1000,1393804800
"2014-03-04","ARM",9.21,9.26,9.16,9.21,5400,1393891200
"2014-03-05","ARM",9.44,9.44,9.26,9.44,11900,1393977600
"2014-03-06","ARM",9.44,9.44,9.44,9.44,1000,1394064000
"2014-03-07","ARM",9.35,9.35,9.35,9.35,4400,1394150400
"2014-03-10","ARM",9.44,9.44,9.35,9.35,11600,1394409600
"2014-03-11","ARM",9.4,9.44,9.4,9.44,1100,1394496000
"2014-03-12","ARM",9.44,9.59,9.4,9.44,5600,1394582400
"2014-03-13","ARM",9.4,9.44,9.4,9.44,3500,1394668800
"2014-03-14","ARM",9.44,9.44,9.4,9.44,16800,1394755200
"2014-03-17","ARM",9.44,9.54,9.44,9.44,24800,1395014400
"2014-03-18","ARM",9.44,9.87,9.44,9.87,18600,1395100800
"2014-03-19","ARM",9.54,9.54,9.49,9.54,22600,1395187200
"2014-03-20","ARM",9.54,9.63,9.54,9.54,18200,1395273600
"2014-03-21","ARM",9.54,9.68,9.54,9.54,12000,1395360000
"2014-03-24","ARM",9.59,9.59,9.54,9.59,7200,1395619200
"2014-03-25","ARM",9.54,9.54,9.54,9.54,9200,1395705600
"2014-03-26","ARM",9.63,9.68,9.63,9.68,2000,1395792000
"2014-03-27","ARM",9.49,9.54,9.49,9.49,4100,1395878400
"2014-03-28","ARM",9.68,9.68,9.59,9.59,5300,1395964800
"2014-03-31","ARM",9.68,9.68,9.54,9.54,4500,1396224000
"2014-04-01","ARM",9.54,9.54,9.4,9.4,21500,1396310400
"2014-04-02","ARM",9.44,9.44,9.44,9.44,3300,1396396800
"2014-04-03","ARM",9.68,9.68,9.68,9.68,2000,1396483200
"2014-04-04","ARM",9.68,9.68,9.44,9.44,2100,1396569600
"2014-04-07","ARM",9.44,9.68,9.44,9.49,5400,1396828800
"2014-04-08","ARM",9.44,9.44,9.44,9.44,7000,1396915200
"2014-04-10","ARM",9.49,9.49,9.49,9.49,11500,1397088000
"2014-04-11","ARM",9.49,9.49,9.49,9.49,900,1397174400
"2014-04-14","ARM",9.49,9.49,9.49,9.49,1500,1397433600
"2014-04-15","ARM",9.49,9.49,9.49,9.49,100,1397520000
"2014-04-16","ARM",9.44,9.44,9.4,9.4,2200,1397606400
"2014-04-17","ARM",9.44,9.44,9.35,9.44,12500,1397692800
"2014-04-18","ARM",9.4,9.4,9.4,9.4,500,1397779200
"2014-04-23","ARM",9.4,9.4,9.4,9.4,100,1398211200
"2014-04-24","ARM",9.44,9.44,9.4,9.4,2200,1398297600
"2014-04-28","ARM",9.35,9.35,9.35,9.35,1100,1398643200
"2014-05-05","ARM",9.44,9.44,9.4,9.4,7600,1399248000
"2014-05-06","ARM",9.35,9.35,9.3,9.3,1300,1399334400
"2014-05-07","ARM",9.3,9.3,9.3,9.3,200,1399420800
"2014-05-09","ARM",9.26,9.26,9.26,9.26,100,1399593600
"2014-05-12","ARM",8.55,8.59,8.55,8.59,700,1399852800
"2014-05-13","ARM",8.03,8.03,7.79,7.79,5400,1399939200
"2014-05-14","ARM",8.45,8.55,7.79,8.03,23800,1400025600
"2014-05-15","ARM",8.07,8.07,8.07,8.07,200,1400112000
"2014-05-16","ARM",7.98,8.07,7.98,8.07,6600,1400198400
"2014-05-19","ARM",8.07,8.07,8.07,8.07,2000,1400457600
"2014-05-20","ARM",8.07,8.22,8.03,8.22,4700,1400544000
"2014-05-21","ARM",8.22,8.36,8.22,8.36,3600,1400630400
"2014-05-22","ARM",8.36,8.36,8.17,8.26,21400,1400716800
"2014-05-23","ARM",8.45,8.45,8.26,8.4,72400,1400803200
"2014-05-26","ARM",8.45,8.55,8.45,8.55,13200,1401062400
"2014-05-27","ARM",8.59,8.59,8.36,8.59,3600,1401148800
"2014-05-28","ARM",8.95,8.95,7.79,8.69,5400,1401235200
"2014-05-29","ARM",8.74,9.1,8.24,8.39,5800,1401321600
"2014-05-30","ARM",8.95,9.05,8.54,8.54,700,1401408000
"2014-06-02","ARM",9,9.2,8.95,9.2,5500,1401667200
"2014-06-03","ARM",8.64,8.74,8.64,8.74,400,1401753600
"2014-06-04","ARM",8.74,8.74,8.74,8.74,100,1401840000
"2014-06-06","ARM",9.05,9.05,8.44,8.44,200,1402012800
"2014-06-09","ARM",8.44,9.25,8.44,8.74,5200,1402272000
"2014-06-10","ARM",9.55,9.6,8.74,9.05,45700,1402358400
"2014-06-11","ARM",8.79,9.86,8.79,8.95,4000,1402444800
"2014-06-12","ARM",9.55,9.55,9.55,9.55,100,1402531200
"2014-06-13","ARM",8.9,9,8.9,8.95,300,1402617600
"2014-06-16","ARM",8.95,8.95,8.95,8.95,100,1402876800
"2014-06-17","ARM",9,9,9,9,800,1402963200
"2014-06-18","ARM",9,9.86,9,9.1,6700,1403049600
"2014-06-19","ARM",9.05,9.65,9.05,9.1,1200,1403136000
"2014-06-20","ARM",9.15,9.15,9.15,9.15,1700,1403222400
"2014-06-23","ARM",9.6,9.6,9.2,9.2,1500,1403481600
"2014-06-24","ARM",9.2,9.2,9.2,9.2,100,1403568000
"2014-06-25","ARM",9.15,9.2,9.15,9.2,300,1403654400
"2014-06-26","ARM",9.25,9.25,9.25,9.25,1300,1403740800
"2014-06-27","ARM",9.25,9.25,9.25,9.25,100,1403827200
"2014-06-30","ARM",9.35,9.35,9.2,9.2,2000,1404086400
"2014-07-01","ARM",9.2,9.2,9.2,9.2,100,1404172800
"2014-07-07","ARM",9.86,9.86,9.86,9.86,20000,1404691200
"2014-07-15","ARM",9.5,9.5,9.5,9.5,1200,1405382400
"2014-07-16","ARM",9.4,9.5,9.4,9.5,1100,1405468800
"2014-07-17","ARM",9.35,9.35,9.35,9.35,500,1405555200
"2014-07-28","ARM",9.1,9.86,9.1,9.86,4400,1406505600
"2014-08-11","ARM",9.6,9.6,9.6,9.6,2100,1407715200
"2014-08-12","ARM",9.6,9.6,9.6,9.6,8900,1407801600
"2014-08-13","ARM",10.11,10.11,10.11,10.11,100,1407888000
"2014-08-14","ARM",10.36,10.36,10.36,10.36,100,1407974400
"2014-08-18","ARM",11.37,11.37,9.86,9.86,700,1408320000
"2014-08-22","ARM",9.6,9.86,8.9,9.86,2500,1408665600
"2014-08-25","ARM",9.76,9.76,9.76,9.76,7200,1408924800
"2014-08-26","ARM",9.65,9.65,9.65,9.65,400,1409011200
"2014-08-28","ARM",9.6,9.65,9.6,9.65,4100,1409184000
"2014-08-29","ARM",9.6,9.6,9.6,9.6,5300,1409270400
"2014-09-03","ARM",9.5,9.5,9.5,9.5,600,1409702400
"2014-09-08","ARM",9.5,9.5,9.5,9.5,100,1410134400
"2014-09-09","ARM",9.5,9.5,9.5,9.5,1700,1410220800
"2014-09-10","ARM",9.6,10.11,9.6,10.11,400,1410307200
"2014-09-11","ARM",9.96,9.96,9.96,9.96,300,1410393600
"2014-09-17","ARM",9.86,9.86,9.86,9.86,1300,1410912000
"2014-09-19","ARM",9.86,9.86,9.86,9.86,100,1411084800
"2014-09-22","ARM",9.86,9.86,9.86,9.86,1000,1411344000
"2014-09-24","ARM",9.6,9.6,9.6,9.6,1000,1411516800
"2014-09-25","ARM",9.6,9.6,9.6,9.6,500,1411603200
"2014-10-01","ARM",9.6,9.6,9.5,9.5,3400,1412121600
"2014-10-03","ARM",9.5,10.31,9.45,10.31,10800,1412294400
"2014-10-06","ARM",9.6,9.6,9.35,9.35,8400,1412553600
"2014-10-08","ARM",9.45,9.45,9.45,9.45,110,1412726400
"2014-10-14","ARM",9.6,9.6,9.6,9.6,200,1413244800
"2014-10-16","ARM",9.86,9.86,9.86,9.86,200,1413417600
"2014-10-21","ARM",9.2,9.2,9.2,9.2,1300,1413849600
"2014-10-22","ARM",9.86,10.11,9.35,10.06,7000,1413936000
"2014-10-23","ARM",10.36,10.36,10.11,10.11,400,1414022400
"2014-10-24","ARM",9.71,10.11,9.65,10.11,7200,1414108800
"2014-10-28","ARM",10.11,10.36,10.11,10.11,4600,1414454400
"2014-10-29","ARM",10.11,10.31,10.11,10.11,9300,1414540800
"2014-10-31","ARM",10.11,10.11,10.11,10.11,1400,1414713600
"2014-11-03","ARM",10.16,10.87,10.11,10.87,42400,1414972800
"2014-11-04","ARM",10.21,10.77,10.11,10.62,14100,1415059200
"2014-11-05","ARM",10.92,10.92,10.92,10.92,110,1415145600
"2014-11-06","ARM",10.36,10.82,10.21,10.82,5300,1415232000
"2014-11-07","ARM",10.62,10.62,10.36,10.36,1100,1415318400
"2014-11-10","ARM",10.41,10.41,10.36,10.36,6400,1415577600
"2014-11-11","ARM",10.62,10.62,10.36,10.36,4700,1415664000
"2014-11-12","ARM",10.62,11.12,10.62,11.12,11900,1415750400
"2014-11-13","ARM",10.01,11.32,10.01,10.67,2900,1415836800
"2014-11-14","ARM",11.42,11.42,10.87,11.22,540,1415923200
"2014-11-17","ARM",11.58,11.58,10.62,11.22,2300,1416182400
"2014-11-18","ARM",11.22,11.22,11.22,11.22,900,1416268800
"2014-11-19","ARM",10.92,11.12,10.87,11.12,11400,1416355200
"2014-11-20","ARM",10.87,11.58,10.36,10.36,6300,1416441600
"2014-11-21","ARM",11.12,11.12,10.72,10.77,1300,1416528000
"2014-11-24","ARM",11.07,11.07,11.02,11.02,500,1416787200
"2014-11-25","ARM",10.92,11.73,10.92,11.73,1100,1416873600
"2014-11-26","ARM",11.12,11.12,10.72,10.72,8200,1416960000
"2014-11-27","ARM",11.12,11.63,11.07,11.07,17300,1417046400
"2014-11-28","ARM",11.12,11.83,11.12,11.83,15100,1417132800
"2014-12-01","ARM",11.22,11.78,11.22,11.78,200,1417392000
"2014-12-02","ARM",11.17,11.83,11.17,11.83,500,1417478400
"2014-12-03","ARM",11.32,11.37,11.32,11.37,1100,1417564800
"2014-12-04","ARM",11.68,11.88,11.68,11.88,2100,1417651200
"2014-12-05","ARM",11.68,12.08,11.68,12.08,5280,1417737600
"2014-12-08","ARM",11.93,12.18,11.83,12.13,14000,1417996800
"2014-12-09","ARM",11.88,12.13,11.83,12.13,11100,1418083200
"2014-12-10","ARM",11.83,12.13,11.83,12.13,6800,1418169600
"2014-12-11","ARM",12.03,12.38,12.03,12.28,1400,1418256000
"2014-12-12","ARM",12.38,12.38,12.03,12.38,7200,1418342400
"2014-12-15","ARM",12.18,12.44,12.08,12.08,700,1418601600
"2014-12-16","ARM",12.38,12.38,12.13,12.18,2920,1418688000
"2014-12-17","ARM",12.44,13.14,12.13,12.33,5000,1418774400
"2014-12-19","ARM",12.23,12.23,12.13,12.13,2000,1418947200
"2014-12-22","ARM",12.13,12.33,12.13,12.33,3250,1419206400
"2014-12-23","ARM",12.13,13.55,12.03,13.39,4300,1419292800
"2014-12-24","ARM",13.55,14.15,12.13,13.35,3200,1419379200
"2014-12-26","ARM",12.03,13.09,12.03,13.09,5670,1419552000
"2014-12-29","ARM",11.83,13.6,11.83,13.6,200,1419811200
"2014-12-30","ARM",12.28,13.6,12.28,13.6,200,1419897600
"2014-12-31","ARM",12.28,12.84,12.28,12.84,200,1419984000
"2015-01-05","ARM",11.58,13.8,11.58,13.8,200,1420416000
"2015-01-06","ARM",12.49,12.49,12.44,12.44,400,1420502400
"2015-01-08","ARM",12.38,12.38,12.38,12.38,1200,1420675200
"2015-01-09","ARM",12.94,12.94,12.94,12.94,100,1420761600
"2015-01-14","ARM",12.64,12.84,12.64,12.84,2600,1421193600
"2015-01-15","ARM",12.28,13.09,12.28,13.09,500,1421280000
"2015-01-16","ARM",13.65,13.65,12.64,13.6,2300,1421366400
"2015-01-20","ARM",12.64,12.64,12.64,12.64,2000,1421712000
"2015-01-21","ARM",12.64,12.64,12.64,12.64,4900,1421798400
"2015-01-22","ARM",13.19,13.19,13.19,13.19,100,1421884800
"2015-01-23","ARM",12.64,12.64,12.64,12.64,1000,1421971200
"2015-01-26","ARM",12.64,12.64,12.54,12.64,5800,1422230400
"2015-01-27","ARM",12.59,12.59,12.49,12.49,4800,1422316800
"2015-01-28","ARM",12.38,12.64,12.38,12.64,1100,1422403200
"2015-01-29","ARM",12.49,12.59,12.49,12.59,1900,1422489600
"2015-01-30","ARM",11.93,11.93,11.93,11.93,1000,1422576000
"2015-02-02","ARM",11.98,11.98,11.93,11.93,3800,1422835200
"2015-02-03","ARM",12.59,12.59,12.59,12.59,100,1422921600
"2015-02-26","ARM",13.35,13.35,12.54,12.54,300,1424908800
"2015-03-02","ARM",12.54,12.54,12.54,12.54,300,1425254400
"2015-03-03","ARM",12.38,12.38,12.13,12.13,3000,1425340800
"2015-03-05","ARM",11.93,11.93,11.93,11.93,5400,1425513600
"2015-03-09","ARM",10.82,11.88,10.82,11.88,200,1425859200
"2015-03-12","ARM",11.37,12.13,11.37,12.08,2200,1426118400
"2015-03-13","ARM",12.03,12.03,12.03,12.03,4600,1426204800
"2015-03-18","ARM",11.63,11.93,10.92,11.93,300,1426636800
"2015-03-19","ARM",10.92,11.73,10.92,11.73,200,1426723200
"2015-03-20","ARM",11.68,11.68,11.68,11.68,100,1426809600
"2015-03-23","ARM",10.56,10.56,10.51,10.51,300,1427068800
"2015-03-24","ARM",11.42,11.42,11.42,11.42,100,1427155200
"2015-03-25","ARM",12.38,12.38,12.38,12.38,100,1427241600
"2015-03-26","ARM",11.17,11.17,11.17,11.17,1200,1427328000
"2015-03-27","ARM",11.58,12.13,11.58,12.13,3100,1427414400
"2015-04-06","ARM",11.02,11.98,11.02,11.98,200,1428278400
"2015-04-07","ARM",10.97,10.97,10.97,10.97,100,1428364800
"2015-04-08","ARM",12.03,12.03,11.88,11.88,4700,1428451200
"2015-04-09","ARM",11.93,12.08,11.78,11.78,700,1428537600
"2015-04-10","ARM",11.78,11.83,11.37,11.37,6000,1428624000
"2015-04-13","ARM",11.83,11.83,11.12,11.12,200,1428883200
"2015-04-14","ARM",12.03,12.08,10.36,10.36,20000,1428969600
"2015-04-15","ARM",11.37,11.37,11.37,11.37,100,1429056000
"2015-04-16","ARM",12.13,12.13,12.13,12.13,10400,1429142400
"2015-04-17","ARM",12.13,12.84,12.13,12.18,20300,1429228800
"2015-04-20","ARM",12.64,12.64,12.64,12.64,10900,1429488000
"2015-04-24","ARM",13.14,13.14,13.14,13.14,100,1429833600
"2015-05-04","ARM",13.14,13.14,13.14,13.14,5500,1430697600
"2015-05-06","ARM",13.6,13.6,13.6,13.6,100,1430870400
"2015-05-18","ARM",13.14,13.14,13.14,13.14,5000,1431907200
"2015-05-22","ARM",13.39,13.39,13.39,13.39,100,1432252800
"2015-05-26","ARM",13.55,13.65,13.39,13.39,610,1432598400
"2015-05-27","ARM",13.39,13.39,13.39,13.39,500,1432684800
"2015-05-28","ARM",13.14,13.14,13.14,13.14,500,1432771200
"2015-05-29","ARM",13.39,13.39,13.39,13.39,1000,1432857600
"2015-06-01","ARM",13.14,14.71,13.14,14.71,22700,1433116800
"2015-06-02","ARM",14.49,15.32,14.49,15.32,2000,1433203200
"2015-06-03","ARM",15.04,15.04,15.04,15.04,100,1433289600
"2015-06-09","ARM",13.54,15.04,13.54,15.04,2900,1433808000
"2015-06-10","ARM",15.27,15.27,13.54,13.54,1910,1433894400
"2015-06-11","ARM",12.82,12.82,12.82,12.82,5000,1433980800
"2015-06-12","ARM",13.93,13.93,13.93,13.93,100,1434067200
"2015-06-15","ARM",14.77,14.77,14.71,14.71,1000,1434326400
"2015-06-16","ARM",14.77,14.93,14.77,14.93,1000,1434412800
"2015-06-18","ARM",14.93,14.93,14.93,14.93,500,1434585600
"2015-06-23","ARM",14.93,14.93,13.93,13.93,1200,1435017600
"2015-06-24","ARM",13.93,13.93,13.93,13.93,3600,1435104000
"2015-06-25","ARM",13.93,13.93,13.93,13.93,4000,1435190400
"2015-06-26","ARM",13.93,13.93,13.93,13.93,6300,1435276800
"2015-06-29","ARM",13.93,13.93,13.93,13.93,4500,1435536000
"2015-06-30","ARM",14.04,14.49,14.04,14.49,3100,1435622400
"2015-07-01","ARM",15.32,15.32,14.49,14.49,1100,1435708800
"2015-07-02","ARM",15.04,15.6,14.21,14.21,10000,1435795200
"2015-07-03","ARM",14.49,14.49,14.49,14.49,100,1435881600
"2015-07-06","ARM",15.32,15.32,15.32,15.32,100,1436140800
"2015-07-07","ARM",14.49,14.49,14.49,14.49,100,1436227200
"2015-07-08","ARM",15.32,15.32,15.04,15.32,2000,1436313600
"2015-07-09","ARM",14.32,14.38,14.32,14.38,4900,1436400000
"2015-07-10","ARM",15.32,15.32,14.43,14.43,8600,1436486400
"2015-07-13","ARM",14.49,14.49,14.49,14.49,100,1436745600
"2015-07-14","ARM",15.32,15.38,14.54,15.38,3150,1436832000
"2015-07-15","ARM",15.32,15.32,14.38,14.38,300,1436918400
"2015-07-16","ARM",15.32,15.6,14.54,14.54,5500,1437004800
"2015-07-17","ARM",14.38,15.43,14.38,15.43,800,1437091200
"2015-07-20","ARM",15.88,16.44,14.49,14.49,8200,1437350400
"2015-07-21","ARM",14.43,14.43,14.43,14.43,100,1437436800
"2015-07-24","ARM",14.49,14.49,14.49,14.49,200,1437696000
"2015-07-30","ARM",14.32,14.32,14.32,14.32,500,1438214400
"2015-07-31","ARM",15.6,15.6,14.49,14.49,2400,1438300800
"2015-08-04","ARM",15.6,15.71,15.6,15.71,5000,1438646400
"2015-08-05","ARM",15.77,15.77,14.65,14.65,2600,1438732800
"2015-08-06","ARM",15.88,15.88,14.71,14.71,1100,1438819200
"2015-08-14","ARM",14.71,14.71,14.71,14.71,1400,1439510400
"2015-08-17","ARM",14.77,15.04,14.77,14.77,2500,1439769600
"2015-08-20","ARM",14.65,14.65,14.65,14.65,3900,1440028800
"2015-08-21","ARM",14.49,14.49,14.49,14.49,1550,1440115200
"2015-08-26","ARM",14.77,14.77,14.77,14.77,100,1440547200
"2015-08-28","ARM",14.71,14.71,14.71,14.71,100,1440720000
"2015-08-31","ARM",13.26,14.77,13.26,14.77,800,1440979200
"2015-09-01","ARM",14.49,14.49,14.49,14.49,1300,1441065600
"2015-09-03","ARM",14.77,14.77,14.77,14.77,200,1441238400
"2015-09-04","ARM",14.32,14.77,14.32,14.77,400,1441324800
"2015-09-07","ARM",14.77,14.77,14.77,14.77,200,1441584000
"2015-09-08","ARM",14.77,14.77,14.77,14.77,2000,1441670400
"2015-09-09","ARM",14.71,14.71,14.71,14.71,100,1441756800
"2015-09-11","ARM",14.77,14.77,14.77,14.77,500,1441929600
"2015-09-14","ARM",15.6,16.21,15.6,16.21,6300,1442188800
"2015-09-15","ARM",14.6,16.16,14.6,14.6,1200,1442275200
"2015-09-16","ARM",14.77,14.77,14.77,14.77,100,1442361600
"2015-09-21","ARM",14.77,14.77,14.77,14.77,200,1442793600
"2015-09-25","ARM",14.82,14.82,14.82,14.82,400,1443139200
"2015-09-28","ARM",14.77,14.77,14.77,14.77,300,1443398400
"2015-09-29","ARM",15.55,15.55,14.82,14.82,1100,1443484800
"2015-10-01","ARM",16.05,16.1,16.05,16.1,1000,1443657600
"2015-10-02","ARM",14.88,14.88,14.88,14.88,3700,1443744000
"2015-10-05","ARM",15.1,15.1,15.1,15.1,1800,1444003200
"2015-10-06","ARM",15.32,15.32,14.99,14.99,1000,1444089600
"2015-10-08","ARM",15.04,15.04,15.04,15.04,1800,1444262400
"2015-10-09","ARM",15.6,15.88,15.16,15.16,3500,1444348800
"2015-10-12","ARM",15.88,16.33,15.21,15.21,2800,1444608000
"2015-10-14","ARM",15.04,16.27,15.04,16.27,4400,1444780800
"2015-10-15","ARM",16.27,16.27,15.32,15.32,2700,1444867200
"2015-10-16","ARM",16.27,16.27,15.32,15.32,7200,1444953600
"2015-10-19","ARM",16.44,16.49,15.71,15.71,4700,1445212800
"2015-10-22","ARM",16.55,16.55,15.88,15.88,7175,1445472000
"2015-10-23","ARM",15.94,16.55,15.94,15.94,1600,1445558400
"2015-10-26","ARM",15.88,15.88,15.88,15.88,101,1445817600
"2015-10-27","ARM",15.88,15.88,15.88,15.88,600,1445904000
"2015-10-29","ARM",15.82,15.82,15.82,15.82,500,1446076800
"2015-10-30","ARM",16.72,16.72,15.88,15.88,200,1446163200
"2015-11-02","ARM",16.05,16.05,16.05,16.05,200,1446422400
"2015-11-06","ARM",14.49,14.49,14.49,14.49,100,1446768000
"2015-11-13","ARM",15.1,15.1,15.1,15.1,100,1447372800
"2015-11-16","ARM",15.1,15.1,15.04,15.04,700,1447632000
"2015-11-17","ARM",15.32,15.32,15.32,15.32,100,1447718400
"2015-11-18","ARM",15.04,15.04,15.04,15.04,1000,1447804800
"2015-11-30","ARM",15.39,15.39,15.33,15.33,3900,1448841600
"2015-12-04","ARM",15.45,15.51,15.45,15.51,1100,1449187200
"2015-12-07","ARM",16.89,16.89,16.2,16.2,4000,1449446400
"2015-12-08","ARM",16.2,17.24,16.2,17.24,3400,1449532800
"2015-12-09","ARM",16.2,16.2,16.2,16.2,100,1449619200
"2015-12-10","ARM",16.2,16.2,16.2,16.2,300,1449705600
"2015-12-11","ARM",16.09,16.09,16.09,16.09,10000,1449792000
"2015-12-14","ARM",17.36,17.36,16.14,16.14,1100,1450051200
"2015-12-15","ARM",17.36,17.36,16.14,16.14,200,1450137600
"2015-12-16","ARM",16.78,16.78,16.14,16.14,4000,1450224000
"2015-12-18","ARM",16.2,16.2,16.2,16.2,1000,1450396800
"2015-12-21","ARM",16.32,16.32,16.32,16.32,8700,1450656000
"2015-12-23","ARM",16.49,17.36,16.49,17.36,4400,1450828800
"2015-12-24","ARM",17.53,17.53,16.49,16.49,3000,1450915200
"2015-12-25","ARM",17.36,17.65,16.55,16.55,2500,1451001600
"2015-12-29","ARM",17.65,17.7,16.61,16.61,4300,1451347200
"2015-12-30","ARM",17.76,17.94,16.61,16.61,1800,1451433600
"2015-12-31","ARM",16.26,16.26,16.26,16.26,100,1451520000
"2016-01-04","ARM",17.65,17.65,17.65,17.65,500,1451865600
"2016-01-05","ARM",15.91,17.76,15.91,17.65,2559,1451952000
"2016-01-06","ARM",17.65,17.94,17.65,17.65,3500,1452038400
"2016-01-07","ARM",15.91,18.05,15.91,16.55,4100,1452124800
"2016-01-08","ARM",18,18.17,16.72,16.72,12000,1452211200
"2016-01-11","ARM",18.05,18.34,16.84,16.84,16700,1452470400
"2016-01-12","ARM",18.05,18.05,18.05,18.05,3400,1452556800
"2016-01-18","ARM",18.05,18.05,18.05,18.05,3300,1453075200
"2016-01-26","ARM",16.26,16.78,16.26,16.78,1100,1453766400
"2016-01-28","ARM",16.78,17.36,16.78,17.36,3800,1453939200
"2016-01-29","ARM",17.3,17.36,17.3,17.36,300,1454025600
"2016-02-01","ARM",15.62,15.62,15.62,15.62,100,1454284800
"2016-02-02","ARM",16.26,16.26,16.26,16.26,100,1454371200
"2016-02-04","ARM",15.68,17.88,15.62,17.88,1100,1454544000
"2016-02-05","ARM",16.14,17.13,16.14,17.13,200,1454630400
"2016-02-16","ARM",15.45,16.43,15.45,16.43,200,1455580800
"2016-02-17","ARM",17.94,17.94,17.94,17.94,1000,1455667200
"2016-02-18","ARM",17.94,17.94,17.94,17.94,500,1455753600
"2016-02-19","ARM",17.94,17.94,17.94,17.94,100,1455840000
"2016-02-22","ARM",16.14,17.36,16.14,17.36,1600,1456099200
"2016-02-23","ARM",17.36,17.36,17.36,17.36,100,1456185600
"2016-02-29","ARM",17.94,17.94,17.94,17.94,1700,1456704000
"2016-03-02","ARM",18.23,18.28,18.23,18.28,600,1456876800
"2016-03-04","ARM",18.52,19.04,18.52,19.04,3200,1457049600
"2016-03-07","ARM",18.57,18.57,18.57,18.57,1600,1457308800
"2016-03-08","ARM",18.52,18.52,18.52,18.52,200,1457395200
"2016-03-11","ARM",18,18,18,18,1600,1457654400
"2016-03-15","ARM",16.2,18,16.2,18,300,1458000000
"2016-03-16","ARM",16.43,16.43,16.43,16.43,100,1458086400
"2016-03-17","ARM",17.94,17.94,17.94,17.94,500,1458172800
"2016-03-18","ARM",16.26,16.26,16.26,16.26,100,1458259200
"2016-03-21","ARM",17.65,17.65,17.65,17.65,100,1458518400
"2016-03-22","ARM",18.8,18.86,18.75,18.86,2500,1458604800
"2016-03-23","ARM",18.75,18.75,18.52,18.75,1100,1458691200
"2016-03-24","ARM",18.98,18.98,18.98,18.98,900,1458777600
"2016-03-30","ARM",19.21,19.38,19.21,19.38,3500,1459296000
"2016-03-31","ARM",19.38,19.38,19.38,19.38,500,1459382400
"2016-04-04","ARM",19.38,19.56,19.38,19.56,2200,1459728000
"2016-04-05","ARM",19.67,19.79,19.67,19.79,3500,1459814400
"2016-04-07","ARM",19.9,19.96,19.9,19.96,2100,1459987200
"2016-04-08","ARM",20.25,20.25,20.25,20.25,1800,1460073600
"2016-04-11","ARM",20.25,20.25,20.25,20.25,300,1460332800
"2016-04-13","ARM",20.25,20.77,20.25,20.77,3000,1460505600
"2016-04-14","ARM",18.75,18.75,18.75,18.75,100,1460592000
"2016-04-19","ARM",19.09,19.09,19.09,19.09,100,1461024000
"2016-04-20","ARM",19.09,19.09,19.09,19.09,100,1461110400
"2016-04-22","ARM",19.09,19.09,19.09,19.09,3100,1461283200
"2016-04-28","ARM",19.27,19.27,19.27,19.27,1000,1461801600
"2016-05-20","ARM",20.25,20.25,20.25,20.25,200,1463702400
"2016-05-23","ARM",18.23,18.23,18.23,18.23,100,1463961600
"2016-05-26","ARM",16.43,16.43,16.43,16.43,100,1464220800
"2016-06-02","ARM",18.09,18.09,18.09,18.09,100,1464825600
"2016-06-03","ARM",16.28,16.28,16.28,16.28,105,1464912000
"2016-06-06","ARM",17.9,17.9,17.9,17.9,100,1465171200
"2016-06-07","ARM",19.52,19.52,19.52,19.52,100,1465257600
"2016-06-08","ARM",21.2,21.2,21.2,21.2,100,1465344000
"2016-06-10","ARM",19.08,19.08,19.08,19.08,200,1465516800
"2016-06-13","ARM",20.89,20.95,20.89,20.95,1500,1465776000
"2016-06-14","ARM",22.33,23.01,22.33,23.01,5600,1465862400
"2016-06-15","ARM",20.77,20.77,20.77,20.77,100,1465948800
"2016-06-16","ARM",18.71,18.71,18.71,18.71,100,1466035200
"2016-06-21","ARM",20.52,20.52,20.52,20.52,100,1466467200
"2016-06-22","ARM",22.33,22.51,22.33,22.51,900,1466553600
"2016-06-23","ARM",20.27,20.27,20.27,20.27,100,1466640000
"2016-06-24","ARM",20.27,20.27,20.27,20.27,1000,1466726400
"2016-06-29","ARM",20.27,22.26,20.27,22.26,700,1467158400
"2016-06-30","ARM",20.27,20.33,20.27,20.33,1145,1467244800
"2016-07-01","ARM",22.33,22.33,22.33,22.33,500,1467331200
"2016-07-04","ARM",22.33,22.33,22.01,22.01,200,1467590400
"2016-07-06","ARM",19.83,19.83,19.83,19.83,100,1467763200
"2016-07-13","ARM",19.96,19.96,19.96,19.96,200,1468368000
"2016-07-14","ARM",21.95,21.95,21.95,21.95,3200,1468454400
"2016-07-15","ARM",21.95,21.95,21.95,21.95,400,1468540800
"2016-07-19","ARM",22.76,22.89,22.76,22.89,400,1468886400
"2016-07-27","ARM",20.64,20.64,20.64,20.64,100,1469577600
"2016-08-01","ARM",18.58,21.2,18.58,21.2,1100,1470009600
"2016-08-04","ARM",19.08,19.08,19.08,19.08,100,1470268800
"2016-08-09","ARM",17.27,17.27,17.27,17.27,100,1470700800
"2016-08-12","ARM",17.21,17.21,17.21,17.21,100,1470960000
"2016-08-15","ARM",17.59,17.59,17.59,17.59,1000,1471219200
"2016-08-24","ARM",19.33,19.33,19.33,19.33,100,1471996800
"2016-08-26","ARM",17.4,17.4,17.4,17.4,100,1472169600
"2016-08-29","ARM",18.71,18.71,18.71,18.71,300,1472428800
"2016-09-19","ARM",20.58,20.58,20.58,20.58,500,1474243200
"2016-09-20","ARM",20.77,20.77,20.77,20.77,1105,1474329600
"2016-09-21","ARM",18.71,18.71,18.71,18.71,100,1474416000
"2016-09-22","ARM",18.71,18.71,18.71,18.71,1300,1474502400
"2016-09-23","ARM",20.58,20.58,20.58,20.58,100,1474588800
"2016-09-26","ARM",21.2,21.2,21.2,21.2,100,1474848000
"2016-09-27","ARM",21.83,21.83,21.83,21.83,600,1474934400
"2016-09-28","ARM",19.64,19.64,19.64,19.64,100,1475020800
"2016-10-03","ARM",17.71,17.71,17.71,17.71,100,1475452800
"2016-10-06","ARM",19.46,19.46,19.46,19.46,100,1475712000
"2016-11-03","ARM",17.52,17.52,17.52,17.52,100,1478131200
"2016-11-07","ARM",19.27,19.27,19.27,19.27,100,1478476800
"2016-11-10","ARM",17.46,17.46,17.46,17.46,100,1478736000
"2016-11-11","ARM",19.21,19.21,19.21,19.21,100,1478822400
"2016-11-24","ARM",21.08,21.08,21.08,21.08,100,1479945600
"2016-11-29","ARM",21.2,21.2,21.2,21.2,1050,1480377600
"2016-11-30","ARM",21.2,21.2,21.14,21.2,1100,1480464000
"2016-12-19","ARM",22.17,22.17,22.17,22.17,600,1482105600
"2016-12-20","ARM",21.85,21.85,21.2,21.2,6000,1482192000
"2016-12-21","ARM",21.2,21.2,21.2,21.2,2000,1482278400
"2016-12-29","ARM",22.49,22.49,22.49,22.49,400,1482969600
"2016-12-30","ARM",20.24,20.24,20.24,20.24,100,1483056000
"2017-01-06","ARM",22.23,22.23,22.23,22.23,100,1483660800
"2017-01-09","ARM",20.05,20.05,20.05,20.05,100,1483920000
"2017-01-17","ARM",22.04,22.04,21.91,21.91,900,1484611200
"2017-02-16","ARM",21.85,21.85,21.85,21.85,594,1487203200
"2017-02-22","ARM",23.97,23.97,23.97,23.97,100,1487721600
"2017-02-24","ARM",21.85,21.85,21.85,21.85,101,1487894400
"2017-02-27","ARM",21.2,21.2,21.2,21.2,100,1488153600
"2017-02-28","ARM",21.2,21.2,21.2,21.2,100,1488240000
"2017-03-21","ARM",22.49,22.49,22.49,22.49,1100,1490054400
"2017-03-23","ARM",22.55,22.55,22.55,22.55,100,1490227200
"2017-04-03","ARM",20.3,20.3,20.3,20.3,100,1491177600
"2017-04-05","ARM",18.38,18.38,18.38,18.38,300,1491350400
"2017-04-07","ARM",17.09,17.09,17.09,17.09,300,1491523200
"2017-04-10","ARM",18.76,18.76,18.76,18.76,200,1491782400
"2017-04-11","ARM",17.03,17.03,17.03,17.03,100,1491868800
"2017-04-13","ARM",18.63,18.7,18.63,18.7,300,1492041600
"2017-04-18","ARM",19.92,19.92,19.92,19.92,1000,1492473600
"2017-04-21","ARM",21.91,21.91,21.91,21.91,100,1492732800
"2017-04-24","ARM",19.92,22.55,19.92,22.55,400,1492992000
"2017-04-25","ARM",22.49,22.49,22.49,22.49,1600,1493078400
"2017-04-26","ARM",23.13,23.77,20.24,20.24,3700,1493164800
"2017-04-27","ARM",22.23,22.23,22.23,22.23,100,1493251200
"2017-04-28","ARM",24.42,24.42,24.42,24.42,15500,1493337600
"2017-05-03","ARM",24.42,24.42,24.42,24.42,1600,1493769600
"2017-05-08","ARM",24.42,24.42,24.42,24.42,10,1494201600
"2017-05-12","ARM",24.42,24.42,22.49,22.49,1200,1494547200
"2017-05-15","ARM",23.77,23.77,23.77,23.77,5000,1494806400
"2017-05-16","ARM",24.42,24.42,24.42,24.42,5000,1494892800
"2017-05-22","ARM",26.34,26.34,26.34,26.34,600,1495411200
"2017-05-24","ARM",25.7,25.7,25.7,25.7,3000,1495584000
"2017-05-26","ARM",23.13,23.13,23.13,23.13,100,1495756800
"2017-06-06","ARM",20.88,20.88,20.88,20.88,130,1496707200
"2017-06-12","ARM",22.96,22.96,22.96,22.96,1500,1497225600
"2017-06-13","ARM",20.68,20.68,20.68,20.68,100,1497312000
"2017-06-21","ARM",20.68,20.68,20.68,20.68,6,1498003200
"2017-06-30","ARM",20.68,20.68,20.68,20.68,10,1498780800
"2017-08-03","ARM",20.68,22.7,20.68,22.7,1100,1501718400
"2017-08-04","ARM",22.16,22.16,22.16,22.16,3000,1501804800
"2017-08-07","ARM",22.16,22.16,22.16,22.16,3000,1502064000
"2017-08-08","ARM",22.16,22.16,22.16,22.16,3100,1502150400
"2017-08-09","ARM",22.16,22.16,20.95,20.95,1000,1502236800
"2017-08-15","ARM",19.47,19.47,19.47,19.47,100,1502755200
"2017-08-18","ARM",17.59,17.59,17.59,17.59,100,1503014400
"2017-08-21","ARM",17.59,17.59,17.59,17.59,100,1503273600
"2017-08-23","ARM",19.34,19.34,16.11,16.11,400,1503446400
"2017-09-07","ARM",17.73,17.73,17.73,17.73,180,1504742400
"2017-09-12","ARM",19.48,19.48,16.26,16.26,1885,1505174400
"2017-10-31","ARM",16.26,16.26,16.26,16.26,2000,1509408000
"2017-11-01","ARM",16.33,16.33,16.26,16.26,2000,1509494400
"2017-11-02","ARM",16.47,16.47,16.47,16.47,6000,1509580800
"2017-12-20","ARM",18.08,18.08,18.08,18.08,1031,1513728000
"2017-12-22","ARM",17.52,17.52,17.52,17.52,2000,1513900800
"2018-01-02","ARM",19.27,19.27,19.27,19.27,2200,1514851200
"2018-01-08","ARM",21.02,21.02,21.02,21.02,831,1515369600
"2018-01-10","ARM",21.02,22.42,21.02,22.42,605,1515542400
"2018-01-15","ARM",24.66,24.66,24.66,24.66,1000,1515974400
"2018-01-16","ARM",27.12,27.12,27.12,27.12,1015,1516060800
"2018-01-18","ARM",29.78,29.78,29.78,29.78,131,1516233600
"2018-01-22","ARM",32.72,32.72,32.72,32.72,1460,1516579200
"2018-01-23","ARM",35.95,35.95,35.95,35.95,1800,1516665600
"2018-01-24","ARM",39.52,39.52,38.54,38.54,2154,1516752000
"2018-01-25","ARM",42.32,42.39,42.04,42.04,5410,1516838400
"2018-01-26","ARM",42.04,42.04,37.84,37.84,705,1516924800
"2018-01-29","ARM",34.05,34.05,34.05,34.05,1601,1517184000
"2018-01-30","ARM",30.69,30.69,30.69,30.69,210,1517270400
"2018-02-01","ARM",27.68,27.75,27.68,27.68,3001,1517443200
"2018-02-02","ARM",30.41,30.41,24.94,24.94,200,1517529600
"2018-02-05","ARM",27.4,27.4,22.56,22.56,4500,1517788800
"2018-02-06","ARM",24.8,24.8,21.44,21.44,8610,1517875200
"2018-02-07","ARM",23.54,23.54,19.69,19.69,800,1517961600
"2018-02-08","ARM",21.65,21.65,21.65,21.65,900,1518048000
"2018-02-09","ARM",23.75,23.75,20.95,20.95,200,1518134400
"2018-02-12","ARM",22.98,22.98,22.98,22.98,1000,1518393600
"2018-02-13","ARM",25.15,25.15,25.15,25.15,100,1518480000
"2018-02-21","ARM",25.15,25.15,22.7,22.7,400,1519171200
"2018-02-22","ARM",22.7,22.7,22.7,22.7,100,1519257600
"2018-02-23","ARM",24.52,24.94,24.52,24.94,200,1519344000
"2018-02-26","ARM",27.4,27.4,27.4,27.4,200,1519603200
"2018-02-27","ARM",30.13,30.13,24.73,24.73,1610,1519689600
"2018-03-01","ARM",27.19,27.19,27.19,27.19,200,1519862400
"2018-03-02","ARM",24.66,24.66,24.66,24.66,100,1519948800
"2018-03-05","ARM",22.63,27.12,22.63,27.12,200,1520208000
"2018-03-06","ARM",29.78,29.78,29.78,29.78,300,1520294400
"2018-03-07","ARM",32.72,32.72,32.72,32.72,1500,1520380800
"2018-03-08","ARM",32.72,32.72,32.72,32.72,210,1520467200
"2018-03-09","ARM",35.73,35.95,29.85,35.95,3600,1520553600
"2018-03-14","ARM",35.95,35.95,35.95,35.95,1000,1520985600
"2018-03-15","ARM",35.95,37.14,35.95,37.14,3400,1521072000
"2018-03-16","ARM",37.14,37.14,37.14,37.14,900,1521158400
"2018-03-19","ARM",39.52,39.52,39.52,39.52,100,1521417600
"2018-03-22","ARM",40.99,40.99,40.99,40.99,100,1521676800
"2018-03-23","ARM",36.93,37.49,36.93,36.93,9800,1521763200
"2018-03-27","ARM",36.93,39.94,36.93,38.54,2600,1522108800
"2018-03-28","ARM",38.54,38.54,38.54,38.54,1000,1522195200
"2018-04-12","ARM",34.68,34.68,34.68,34.68,205,1523491200
"2018-04-13","ARM",31.25,31.25,31.25,31.25,100,1523577600
"2018-04-16","ARM",28.24,28.24,28.24,28.24,100,1523836800
"2018-04-17","ARM",25.5,25.5,25.5,25.5,100,1523923200
"2018-04-18","ARM",23.61,23.61,23.61,23.61,100,1524009600
"2018-04-19","ARM",21.51,21.51,21.51,21.51,100,1524096000
"2018-05-03","ARM",23.61,23.61,23.61,23.61,100,1525305600
"2018-05-08","ARM",25.93,25.93,25.93,25.93,100,1525737600
"2018-05-09","ARM",28.52,28.52,28.52,28.52,100,1525824000
"2018-05-11","ARM",31.32,31.32,31.32,31.32,100,1525996800
"2018-05-16","ARM",31.32,31.32,31.32,31.32,200,1526428800
"2018-05-21","ARM",34.44,34.44,34.44,34.44,100,1526860800
"2018-06-06","ARM",34.44,34.8,34.44,34.44,8000,1528243200
"2018-06-22","ARM",37.85,37.85,31.03,31.03,500,1529625600
"2018-07-06","ARM",27.99,34.08,27.99,34.08,200,1530835200
"2018-07-18","ARM",36.25,36.25,36.25,36.25,100,1531872000
"2018-07-19","ARM",36.25,36.25,36.25,36.25,200,1531958400
"2018-07-25","ARM",39.88,39.88,36.62,36.62,206,1532476800
"2018-07-27","ARM",36.62,36.62,36.62,36.62,200,1532649600
"2018-08-01","ARM",32.99,39.88,32.99,39.88,3000,1533081600
"2018-08-14","ARM",39.88,39.88,39.88,39.88,100,1534204800
"2018-08-15","ARM",42.78,42.78,42.78,42.78,100,1534291200
"2018-08-24","ARM",46.33,46.33,46.33,46.33,100,1535068800
"2018-08-31","ARM",45.31,45.31,43.5,43.5,600,1535673600
"2018-09-18","ARM",47.85,47.85,47.85,47.85,100,1537228800
"2018-09-25","ARM",46.4,47.85,46.4,47.85,500,1537833600
"2018-09-26","ARM",43.07,43.07,43.07,43.07,5006,1537920000
"2018-09-27","ARM",46.4,46.4,46.4,46.4,100,1538006400
"2018-10-24","ARM",43.5,43.5,43.5,43.5,5500,1540339200
"2018-10-29","ARM",39.15,39.15,39.15,39.15,100,1540771200
"2018-10-30","ARM",39.15,39.15,39.15,39.15,1600,1540857600
"2018-10-31","ARM",35.24,43.07,35.24,43.07,1600,1540944000
"2018-11-01","ARM",35.24,43.07,35.24,43.07,1600,1541030400
"2018-11-02","ARM",38.79,38.79,38.79,38.79,100,1541116800
"2018-11-07","ARM",42.05,42.05,42.05,42.05,100,1541548800
"2018-11-09","ARM",37.85,37.85,37.85,37.85,500,1541721600
"2018-11-12","ARM",34.08,34.08,34.08,34.08,500,1541980800
"2018-11-13","ARM",37.48,37.48,37.48,37.48,100,1542067200
"2018-11-14","ARM",40.97,40.97,40.97,40.97,100,1542153600
"2018-11-19","ARM",43.14,43.14,43.14,43.14,100,1542585600
"2018-11-20","ARM",43.14,43.14,43.14,43.14,1000,1542672000
"2018-11-23","ARM",47.13,47.13,47.13,47.13,100,1542931200
"2018-11-27","ARM",47.13,47.13,47.13,47.13,100,1543276800
"2018-11-29","ARM",42.41,42.41,42.41,42.41,2000,1543449600
"2018-12-03","ARM",38.21,38.21,38.21,38.21,1400,1543795200
"2018-12-04","ARM",34.44,34.44,34.44,34.44,100,1543881600
"2018-12-05","ARM",34.8,37.85,34.8,37.85,600,1543968000
"2018-12-07","ARM",37.7,37.7,37.7,37.7,500,1544140800
"2018-12-10","ARM",38.06,38.06,38.06,38.06,1000,1544400000
"2018-12-11","ARM",38.06,38.06,38.06,38.06,3000,1544486400
"2018-12-13","ARM",38.06,38.06,38.06,38.06,3000,1544659200
"2018-12-18","ARM",34.8,34.8,34.8,34.8,100,1545091200
"2018-12-21","ARM",31.54,31.54,31.54,31.54,100,1545350400
"2018-12-28","ARM",28.64,28.64,28.64,28.64,100,1545955200
"2019-01-07","ARM",26.1,26.1,26.1,26.1,100,1546819200
"2019-01-08","ARM",24.29,24.29,24.29,24.29,100,1546905600
"2019-01-18","ARM",26.68,26.68,26.68,26.68,100,1547769600
"2019-01-30","ARM",29.29,29.29,29.29,29.29,100,1548806400
"2019-01-31","ARM",32.19,32.19,32.19,32.19,100,1548892800
"2019-02-15","ARM",35.16,35.16,35.16,35.16,300,1550188800
"2019-03-04","ARM",38.57,38.57,38.57,38.57,100,1551657600
"2019-03-06","ARM",42.05,42.05,42.05,42.05,100,1551830400
"2019-03-07","ARM",45.97,45.97,45.97,45.97,100,1551916800
"2019-03-15","ARM",41.4,50.03,41.4,45.9,5600,1552608000
"2019-03-18","ARM",45.82,45.82,45.82,45.82,100,1552867200
"2019-03-21","ARM",46.33,50.39,46.33,50.39,300,1553126400
"2019-03-22","ARM",55.39,55.39,55.39,55.39,100,1553212800
"2019-03-26","ARM",49.88,55.32,49.88,55.32,201,1553558400
"2019-03-28","ARM",60.83,60.83,49.81,49.81,200,1553731200
"2019-03-29","ARM",44.88,50.68,44.88,50.68,200,1553817600
"2019-04-09","ARM",55.1,55.1,55.1,55.1,200,1554768000
"2019-04-10","ARM",60.61,60.61,50.75,50.75,200,1554854400
"2019-04-23","ARM",45.68,50.97,45.68,50.97,200,1555977600
"2019-05-28","ARM",45.9,52.06,45.9,52.06,200,1559001600
"2019-05-29","ARM",47.13,47.13,47.13,47.13,30000,1559088000
"2019-05-30","ARM",45.68,45.68,45.68,45.68,1204,1559174400
"2019-05-31","ARM",42.05,42.05,42.05,42.05,100,1559260800
"2019-06-03","ARM",46.26,46.26,38.94,38.94,200,1559520000
"2019-06-11","ARM",42.77,42.77,39.16,39.16,2885,1560211200
"2019-06-12","ARM",43.08,43.08,39.16,39.16,7890,1560297600
"2019-06-13","ARM",43.08,43.08,39.16,39.16,1100,1560384000
"2019-06-14","ARM",43.08,43.08,35.24,35.24,4200,1560470400
"2019-06-17","ARM",38.71,38.71,38.71,38.71,490,1560729600
"2019-06-21","ARM",43.08,43.08,43.08,43.08,5000,1561075200
"2019-06-24","ARM",43.08,43.08,43.08,43.08,5000,1561334400
"2019-07-03","ARM",43.08,47.37,43.08,47.37,5194,1562112000
"2019-07-08","ARM",43.68,43.68,43.68,43.68,2000,1562544000
"2019-07-15","ARM",43.68,43.68,43.68,43.68,1000,1563148800
"2019-07-17","ARM",42.92,42.92,42.92,42.92,1000,1563321600
"2019-07-23","ARM",47.22,47.22,43.3,43.3,1900,1563840000
"2019-07-24","ARM",47.59,47.59,42.17,42.17,2500,1563926400
"2019-07-29","ARM",45.56,45.56,41.79,41.79,11500,1564358400
"2019-07-31","ARM",41.79,41.79,41.79,41.79,200,1564531200
"2019-08-07","ARM",45.18,45.18,45.18,45.18,3000,1565136000
"2019-08-13","ARM",45.18,45.18,45.18,45.18,5100,1565654400
"2019-08-15","ARM",40.66,40.66,40.66,40.66,100,1565827200
"2019-08-23","ARM",37.28,37.28,37.28,37.28,100,1566518400
"2019-09-05","ARM",37.28,37.28,37.28,37.28,500,1567641600
"2019-09-18","ARM",37.28,37.28,37.28,37.28,2200,1568764800
"2019-10-25","ARM",33.89,33.89,33.89,33.89,100,1571961600
"2019-10-30","ARM",31.63,31.63,31.63,31.63,100,1572393600
"2019-11-18","ARM",28.99,28.99,28.99,28.99,100,1574035200
"2019-12-30","ARM",27.11,27.11,27.11,27.11,100,1577664000
"2020-02-06","ARM",24.4,24.4,24.4,24.4,100,1580947200
"2020-02-14","ARM",22.29,22.29,22.29,22.29,100,1581638400
"2020-06-30","ARM",20.11,20.11,20.11,20.11,100,1593475200
"2020-07-03","ARM",18.17,18.17,18.17,18.17,100,1593734400
"2020-07-20","ARM",16.48,16.48,16.48,16.48,100,1595203200
"2020-08-06","ARM",14.94,14.94,14.94,14.94,100,1596672000
"2020-08-21","ARM",13.57,13.57,13.57,13.57,100,1597968000
"2020-10-20","ARM",14.93,14.93,14.93,14.93,100,1603152000
"2020-11-10","ARM",13.57,16.38,13.57,16.38,200,1604966400
"2020-11-11","ARM",17.93,17.93,17.93,17.93,100,1605052800
"2020-11-13","ARM",19.68,19.68,19.68,19.68,100,1605225600
"2020-11-16","ARM",21.61,21.61,21.61,21.61,100,1605484800
"2020-11-17","ARM",23.75,23.75,23.75,23.75,100,1605571200
"2020-11-18","ARM",26.07,26.07,26.07,26.07,100,1605657600
"2020-11-19","ARM",26.07,26.07,26.07,26.07,100,1605744000
"2020-11-23","ARM",28.59,28.59,28.59,28.59,100,1606089600
"2020-11-24","ARM",31.4,31.4,31.4,31.4,100,1606176000
"2020-11-25","ARM",34.5,34.5,34.5,34.5,100,1606262400
"2020-11-26","ARM",37.9,37.9,37.9,37.9,100,1606348800
"2020-11-27","ARM",41.68,41.68,41.68,41.68,1100,1606435200
"2020-11-30","ARM",45.84,45.84,45.84,45.84,100,1606694400
"2020-12-01","ARM",50.4,50.4,50.4,50.4,100,1606780800
"2020-12-04","ARM",55.44,55.44,50.4,50.4,200,1607040000
"2020-12-09","ARM",45.36,45.36,45.36,45.36,300,1607472000
"2020-12-18","ARM",48.46,48.46,48.46,48.46,1000,1608249600
"2021-01-12","ARM",43.62,43.62,43.62,43.62,300,1610409600
"2021-01-19","ARM",39.25,39.25,39.25,39.25,300,1611014400
"2021-02-05","ARM",35.38,35.38,35.38,35.38,100,1612483200
"2021-03-11","ARM",31.89,31.89,31.89,31.89,100,1615420800
"2021-03-26","ARM",29.08,29.08,29.08,29.08,300,1616716800
"2021-03-31","ARM",31.98,31.98,31.98,31.98,100,1617148800
"2021-04-01","ARM",35.18,35.18,35.18,35.18,100,1617235200
"2021-04-12","ARM",38.67,38.67,38.67,38.67,100,1618185600
"2021-04-22","ARM",35.47,35.47,35.47,35.47,100,1619049600
"2021-04-26","ARM",35.47,35.47,35.47,35.47,100,1619395200
"2021-05-05","ARM",38.77,38.77,38.77,38.77,1000,1620172800
"2021-05-20","ARM",38.77,38.77,38.77,38.77,1000,1621468800
"2021-05-28","ARM",42.65,42.65,42.65,42.65,100,1622160000
"2021-06-01","ARM",42.65,42.65,42.65,42.65,1200,1622505600
"2021-06-02","ARM",42.65,42.65,42.65,42.65,300,1622592000
"2021-06-07","ARM",42.65,42.65,42.65,42.65,300,1623024000
"2021-06-15","ARM",44.58,44.58,44.58,44.58,200,1623715200
"2021-06-18","ARM",46.52,46.52,46.52,46.52,100,1623974400
"2021-07-28","ARM",46.52,46.52,46.52,46.52,300,1627430400
"2021-07-29","ARM",46.52,46.52,46.52,46.52,1000,1627516800
"2021-07-30","ARM",46.52,46.52,46.52,46.52,2000,1627603200
"2021-08-02","ARM",48.46,48.46,48.46,48.46,2000,1627862400
"2021-09-15","ARM",48.46,48.46,48.46,48.46,2300,1631664000
"2021-09-16","ARM",48.46,48.46,48.46,48.46,1100,1631750400
"2021-09-17","ARM",48.46,48.46,48.46,48.46,2000,1631836800
"2021-09-21","ARM",44.1,44.1,43.71,43.71,10600,1632182400
"2021-09-22","ARM",43.71,47.04,43.12,47.04,13100,1632268800
"2021-09-23","ARM",46.06,49,43.12,49,5700,1632355200
"2021-10-01","ARM",53.9,53.9,44.1,44.1,1600,1633046400
"2021-10-07","ARM",44.1,44.1,44.1,44.1,400,1633564800
"2021-10-08","ARM",44.1,44.1,44.1,44.1,4000,1633651200
"2021-10-15","ARM",44.1,44.1,44.1,44.1,1100,1634256000
"2021-10-20","ARM",48.51,48.51,48.51,48.51,900,1634688000
"2021-10-22","ARM",49,49,49,49,100,1634860800
"2021-10-25","ARM",49,49,49,49,100,1635120000
"2021-10-28","ARM",49,49,49,49,100,1635379200
"2021-10-29","ARM",49,49,44.2,44.2,400,1635465600
"2021-11-01","ARM",44.2,44.2,44.2,44.2,800,1635724800
"2021-11-03","ARM",44.2,44.2,44.2,44.2,3300,1635897600
"2021-11-05","ARM",44.1,44.1,44.1,44.1,1100,1636070400
"2021-11-18","ARM",48.51,48.51,48.02,48.02,2500,1637193600
"2021-11-19","ARM",49,49,49,49,5000,1637280000
"2021-12-01","ARM",49,49,49,49,200,1638316800
"2022-05-10","ARM",49,49,49,49,10,1652140800
"2022-06-15","ARM",44.1,44.1,44.1,44.1,100,1655251200
"2022-08-22","ARM",39.7,39.7,39.7,39.7,400,1661126400
"2022-08-23","ARM",39.7,39.7,39.7,39.7,80,1661212800