open,close,date,volume,symbol,timestamp,low,high
7.12,6.19,2018-08-07,465100,EVF,1533600000,5.69,7.4
6.19,6.76,2018-08-08,452721,EVF,1533686400,6.19,7.47
7.05,7.05,2018-08-09,256811,EVF,1533772800,6.12,7.19
6.62,6.26,2018-08-10,213435,EVF,1533859200,6.19,7.05
6.76,7.05,2018-08-13,608321,EVF,1534118400,6.05,7.05
6.83,6.41,2018-08-14,215585,EVF,1534204800,6.12,6.9
6.69,6.33,2018-08-15,310054,EVF,1534291200,6.12,6.76
6.41,6.41,2018-08-16,254405,EVF,1534377600,6.26,6.69
6.41,6.48,2018-08-17,232938,EVF,1534464000,6.26,6.69
6.55,6.33,2018-08-20,312731,EVF,1534723200,6.33,6.62
6.55,6.33,2018-08-21,286640,EVF,1534809600,6.12,6.62
6.26,6.26,2018-08-22,414933,EVF,1534896000,6.05,6.48
6.41,6.26,2018-08-23,170328,EVF,1534982400,6.19,6.55
6.41,6.55,2018-08-24,680649,EVF,1535068800,6.41,7.4
6.55,6.41,2018-08-27,403722,EVF,1535328000,6.41,7.26
6.69,6.41,2018-08-28,280578,EVF,1535414400,6.26,6.83
6.33,6.26,2018-08-29,68360,EVF,1535500800,6.26,6.41
6.26,6.41,2018-08-30,92124,EVF,1535587200,6.19,6.41
6.19,6.26,2018-08-31,181696,EVF,1535673600,6.19,6.55
6.26,6.26,2018-09-04,60537,EVF,1536019200,6.05,6.26
6.26,6.12,2018-09-05,168869,EVF,1536105600,5.91,6.33
5.84,5.98,2018-09-06,185740,EVF,1536192000,5.84,6.19
6.05,5.91,2018-09-07,164266,EVF,1536278400,5.76,6.05
5.91,5.69,2018-09-10,185593,EVF,1536537600,5.62,5.91
5.62,6.19,2018-09-11,370275,EVF,1536624000,5.34,6.19
5.76,5.69,2018-09-12,176225,EVF,1536710400,5.62,5.98
5.76,5.76,2018-09-13,198076,EVF,1536796800,5.69,5.84
5.84,5.91,2018-09-14,181152,EVF,1536883200,5.69,6.12
6.05,5.84,2018-09-17,151610,EVF,1537142400,5.76,6.05
5.84,5.76,2018-09-18,134994,EVF,1537228800,5.69,5.84
5.69,5.69,2018-09-19,196527,EVF,1537315200,5.62,5.76
5.69,5.69,2018-09-20,193494,EVF,1537401600,5.62,5.69
5.76,5.91,2018-09-21,360098,EVF,1537488000,5.69,6.19
6.05,5.91,2018-09-24,248609,EVF,1537747200,5.84,6.41
6.05,6.33,2018-09-25,493247,EVF,1537833600,6.05,6.83
6.62,6.41,2018-09-26,435407,EVF,1537920000,6.19,6.76
6.69,6.69,2018-09-27,728675,EVF,1538006400,6.41,7.12
6.76,6.76,2018-09-28,804080,EVF,1538092800,6.62,7.12
6.76,6.26,2018-10-01,40106,EVF,1538352000,6.26,6.76
6.12,6.12,2018-10-02,25267,EVF,1538438400,5.69,6.26
6.12,5.98,2018-10-03,29002,EVF,1538524800,5.98,6.12
6.05,6.05,2018-10-04,43844,EVF,1538611200,6.05,6.19
6.12,6.05,2018-10-05,91532,EVF,1538697600,6.05,6.26
6.12,6.12,2018-10-08,38167,EVF,1538956800,6.05,6.19
6.05,5.98,2018-10-09,50331,EVF,1539043200,5.91,6.05
5.98,5.76,2018-10-10,39090,EVF,1539129600,5.76,5.98
5.76,5.55,2018-10-11,77606,EVF,1539216000,5.55,5.76
5.62,5.62,2018-10-12,45531,EVF,1539302400,5.41,5.62
5.62,5.55,2018-10-15,20080,EVF,1539561600,5.55,5.69
5.55,5.69,2018-10-16,10972,EVF,1539648000,5.48,5.69
5.69,5.62,2018-10-17,19577,EVF,1539734400,5.48,5.69
5.69,5.41,2018-10-18,33983,EVF,1539820800,5.41,5.69
5.34,5.27,2018-10-19,13602,EVF,1539907200,5.27,5.41
5.55,5.34,2018-10-22,14386,EVF,1540166400,5.34,5.55
5.2,5.41,2018-10-23,29305,EVF,1540252800,5.2,5.41
5.27,5.2,2018-10-24,23053,EVF,1540339200,5.2,5.27
4.84,5.2,2018-10-25,8221,EVF,1540425600,4.84,5.2
4.77,4.91,2018-10-26,15270,EVF,1540512000,4.77,5.05
4.91,4.77,2018-10-29,24790,EVF,1540771200,4.7,4.91
4.63,4.84,2018-10-30,25566,EVF,1540857600,4.63,4.84
4.84,4.91,2018-10-31,45128,EVF,1540944000,4.41,4.91
4.7,4.55,2018-11-01,20600,EVF,1541030400,4.55,4.77
4.63,4.84,2018-11-02,86373,EVF,1541116800,4.48,4.84
4.7,4.7,2018-11-05,24718,EVF,1541376000,4.7,4.84
4.7,4.91,2018-11-06,15070,EVF,1541462400,4.7,5.27
4.98,4.98,2018-11-07,23000,EVF,1541548800,4.91,5.05
4.98,4.98,2018-11-08,5674,EVF,1541635200,4.98,4.98
4.91,4.84,2018-11-09,20155,EVF,1541721600,4.84,4.91
4.7,4.77,2018-11-12,22900,EVF,1541980800,4.63,4.84
4.63,4.7,2018-11-13,22247,EVF,1542067200,4.63,4.7
4.63,4.63,2018-11-14,15610,EVF,1542153600,4.55,4.63
4.63,4.48,2018-11-15,29351,EVF,1542240000,4.41,4.63
4.34,4.48,2018-11-16,13356,EVF,1542326400,4.27,4.48
4.41,4.48,2018-11-19,19264,EVF,1542585600,4.41,4.55
4.48,4.55,2018-11-20,11925,EVF,1542672000,4.48,4.55
4.55,4.55,2018-11-21,8900,EVF,1542758400,4.55,4.55
4.77,4.55,2018-11-22,24660,EVF,1542844800,4.34,4.77
4.41,4.41,2018-11-23,16990,EVF,1542931200,4.41,4.48
4.41,4.41,2018-11-26,11930,EVF,1543190400,4.34,4.41
4.55,4.34,2018-11-27,19500,EVF,1543276800,4.27,4.55
4.34,4.34,2018-11-28,10010,EVF,1543363200,4.34,4.41
4.27,4.27,2018-11-29,14065,EVF,1543449600,4.27,4.34
4.27,4.2,2018-11-30,7324,EVF,1543536000,4.2,4.27
4.27,4.06,2018-12-03,9619,EVF,1543795200,3.99,4.27
3.92,3.92,2018-12-04,60270,EVF,1543881600,3.84,3.99
3.92,3.99,2018-12-05,20140,EVF,1543968000,3.84,4.06
3.99,3.92,2018-12-06,34553,EVF,1544054400,3.92,3.99
3.92,3.99,2018-12-07,11600,EVF,1544140800,3.92,3.99
3.92,3.99,2018-12-10,22210,EVF,1544400000,3.92,4.06
3.99,3.99,2018-12-11,15951,EVF,1544486400,3.92,3.99
3.92,3.92,2018-12-12,33667,EVF,1544572800,3.92,3.99
3.99,3.99,2018-12-13,40094,EVF,1544659200,3.92,4.06
3.99,3.92,2018-12-14,31015,EVF,1544745600,3.92,3.99
3.92,3.84,2018-12-17,28800,EVF,1545004800,3.84,3.92
3.92,3.84,2018-12-18,36925,EVF,1545091200,3.84,3.92
3.92,3.77,2018-12-19,26428,EVF,1545177600,3.7,3.92
3.7,3.49,2018-12-20,21900,EVF,1545264000,3.49,3.7
3.49,3.49,2018-12-21,16079,EVF,1545350400,3.49,3.63
3.56,3.56,2018-12-24,14400,EVF,1545609600,3.56,3.56
3.56,3.49,2018-12-25,30300,EVF,1545696000,3.42,3.56
3.49,3.49,2018-12-26,12400,EVF,1545782400,3.49,3.49
3.56,3.42,2018-12-27,34041,EVF,1545868800,3.27,3.56
3.49,3.42,2018-12-28,13760,EVF,1545955200,3.27,3.49
3.42,3.42,2019-01-02,12338,EVF,1546387200,3.27,3.42
3.35,3.35,2019-01-03,29970,EVF,1546473600,3.35,3.42
3.35,3.35,2019-01-04,6224,EVF,1546560000,3.35,3.35
3.35,3.35,2019-01-07,19300,EVF,1546819200,3.35,3.35
3.35,3.63,2019-01-08,23987,EVF,1546905600,3.35,3.84
3.63,3.63,2019-01-09,8660,EVF,1546992000,3.56,3.63
3.56,3.56,2019-01-10,14090,EVF,1547078400,3.27,3.56
3.42,3.63,2019-01-11,7668,EVF,1547164800,3.42,3.63
3.49,3.63,2019-01-14,4210,EVF,1547424000,3.42,3.63
3.63,3.56,2019-01-15,14360,EVF,1547510400,3.49,3.63
3.56,3.63,2019-01-16,4360,EVF,1547596800,3.56,3.63
3.56,3.63,2019-01-17,3590,EVF,1547683200,3.56,3.63
3.63,3.63,2019-01-18,3100,EVF,1547769600,3.56,3.63
3.56,3.56,2019-01-21,5920,EVF,1548028800,3.49,3.56
3.56,3.49,2019-01-22,8588,EVF,1548115200,3.49,3.56
3.56,3.56,2019-01-23,13760,EVF,1548201600,3.56,3.56
3.56,3.56,2019-01-24,11176,EVF,1548288000,3.49,3.63
3.56,3.7,2019-01-25,30980,EVF,1548374400,3.56,3.7
3.56,3.56,2019-01-28,35644,EVF,1548633600,3.56,3.56
3.56,3.49,2019-01-29,10797,EVF,1548720000,3.49,3.56
3.49,3.49,2019-01-30,7012,EVF,1548806400,3.49,3.56
3.49,3.49,2019-01-31,13662,EVF,1548892800,3.49,3.56
3.49,3.56,2019-02-01,17740,EVF,1548979200,3.49,3.63
3.49,3.35,2019-02-11,14640,EVF,1549843200,3.2,3.49
3.42,3.42,2019-02-12,22350,EVF,1549929600,3.35,3.49
3.56,3.56,2019-02-13,7837,EVF,1550016000,3.56,3.56
3.49,3.56,2019-02-14,18871,EVF,1550102400,3.49,3.56
3.49,3.49,2019-02-15,24550,EVF,1550188800,3.2,3.49
3.35,3.35,2019-02-18,11700,EVF,1550448000,3.2,3.42
3.49,3.35,2019-02-19,14328,EVF,1550534400,3.35,3.49
3.35,3.49,2019-02-20,15620,EVF,1550620800,3.35,3.49
3.49,3.42,2019-02-21,4124,EVF,1550707200,3.42,3.49
3.42,3.42,2019-02-22,7666,EVF,1550793600,3.35,3.42
3.42,3.35,2019-02-25,16790,EVF,1551052800,3.35,3.42
3.35,3.35,2019-02-26,20472,EVF,1551139200,3.27,3.35
3.35,3.35,2019-02-27,23506,EVF,1551225600,3.35,3.42
3.42,3.42,2019-02-28,32400,EVF,1551312000,3.35,3.42
3.35,3.42,2019-03-01,40900,EVF,1551398400,3.35,3.42
3.42,3.42,2019-03-04,12613,EVF,1551657600,3.42,3.42
3.49,3.63,2019-03-05,50260,EVF,1551744000,3.49,3.7
3.77,3.7,2019-03-06,86765,EVF,1551830400,3.63,3.77
3.77,3.7,2019-03-07,62352,EVF,1551916800,3.63,3.77
3.77,3.7,2019-03-08,30500,EVF,1552003200,3.63,3.77
3.7,3.49,2019-03-11,42226,EVF,1552262400,3.49,3.7
3.56,3.56,2019-03-12,41500,EVF,1552348800,3.56,3.56
3.56,3.56,2019-03-13,31345,EVF,1552435200,3.56,3.56
3.56,3.56,2019-03-14,30273,EVF,1552521600,3.56,3.56
3.42,3.63,2019-03-15,45500,EVF,1552608000,3.42,3.7
3.56,3.63,2019-03-18,16640,EVF,1552867200,3.56,3.63
3.56,3.56,2019-03-19,51709,EVF,1552953600,3.56,3.56
3.56,3.63,2019-03-20,50192,EVF,1553040000,3.56,3.63
3.63,4.06,2019-03-21,138426,EVF,1553126400,3.56,4.06
4.2,4.48,2019-03-22,137275,EVF,1553212800,4.2,4.48
4.91,5.13,2019-03-25,126633,EVF,1553472000,4.91,5.13
5.84,4.91,2019-03-26,304484,EVF,1553558400,4.41,5.84
4.91,4.63,2019-03-27,167200,EVF,1553644800,4.63,4.91
4.63,4.48,2019-03-28,230110,EVF,1553731200,4.2,4.63
4.34,5.05,2019-03-29,229295,EVF,1553817600,4.34,5.05
5.05,5.05,2019-04-01,107400,EVF,1554076800,4.84,5.13
4.84,4.91,2019-04-02,96000,EVF,1554163200,4.77,4.98
4.63,4.77,2019-04-03,76082,EVF,1554249600,4.55,4.91
4.55,4.84,2019-04-04,75740,EVF,1554336000,4.55,4.84
4.7,5.27,2019-04-05,275803,EVF,1554422400,4.7,5.27
5.2,5.34,2019-04-08,159529,EVF,1554681600,5.05,5.34
5.34,5.2,2019-04-09,100078,EVF,1554768000,5.13,5.34
5.13,5.2,2019-04-10,168112,EVF,1554854400,5.05,5.2
5.13,5.2,2019-04-11,65196,EVF,1554940800,5.13,5.27
5.13,5.05,2019-04-12,92156,EVF,1555027200,4.98,5.27
4.98,4.7,2019-04-16,75128,EVF,1555372800,4.7,4.98
4.91,4.7,2019-04-17,39630,EVF,1555459200,4.41,4.91
4.55,4.48,2019-04-18,53041,EVF,1555545600,4.41,4.7
4.7,4.48,2019-04-19,40970,EVF,1555632000,4.34,4.7
4.41,4.48,2019-04-22,33360,EVF,1555891200,4.34,4.48
4.41,4.41,2019-04-23,34830,EVF,1555977600,4.27,4.41
4.34,4.34,2019-04-24,23500,EVF,1556064000,4.27,4.48
4.27,4.27,2019-04-25,15399,EVF,1556150400,4.27,4.41
4.27,4.27,2019-04-26,27190,EVF,1556236800,4.27,4.34
4.34,4.34,2019-05-02,27860,EVF,1556755200,4.27,4.34
4.27,4.27,2019-05-03,23330,EVF,1556841600,4.27,4.34
4.27,4.13,2019-05-06,25547,EVF,1557100800,4.13,4.27
4.13,4.06,2019-05-07,40403,EVF,1557187200,3.92,4.13
3.92,3.92,2019-05-08,13571,EVF,1557273600,3.84,3.92
3.84,3.92,2019-05-09,48420,EVF,1557360000,3.7,3.99
3.92,4.06,2019-05-10,60652,EVF,1557446400,3.84,4.2
4.06,4.2,2019-05-13,58050,EVF,1557705600,4.06,4.2
4.13,4.2,2019-05-14,53080,EVF,1557792000,4.06,4.2
4.06,4.2,2019-05-15,57917,EVF,1557878400,4.06,4.2
4.13,4.27,2019-05-16,117000,EVF,1557964800,4.13,4.27
4.2,4.48,2019-05-17,88710,EVF,1558051200,4.2,4.48
4.41,4.34,2019-05-20,34907,EVF,1558310400,4.34,4.41
4.34,4.34,2019-05-21,22866,EVF,1558396800,4.34,4.41
4.27,4.41,2019-05-22,142520,EVF,1558483200,4.2,4.41
4.34,4.34,2019-05-23,49920,EVF,1558569600,4.34,4.34
4.34,4.41,2019-05-24,44340,EVF,1558656000,4.2,4.41
4.34,4.41,2019-05-27,58264,EVF,1558915200,4.34,4.48
4.34,4.34,2019-05-28,16891,EVF,1559001600,4.34,4.48
4.41,4.34,2019-05-29,9960,EVF,1559088000,4.34,4.48
4.27,4.2,2019-05-30,19370,EVF,1559174400,4.2,4.34
4.13,4.2,2019-05-31,30164,EVF,1559260800,4.13,4.27
4.27,4.2,2019-06-03,15900,EVF,1559520000,4.2,4.27
4.27,4.13,2019-06-04,25161,EVF,1559606400,4.13,4.27
4.06,3.99,2019-06-05,27675,EVF,1559692800,3.99,4.06
4.06,4.06,2019-06-06,14370,EVF,1559779200,3.92,4.06
4.13,4.06,2019-06-07,18718,EVF,1559865600,4.06,4.2
4.06,4.27,2019-06-10,24405,EVF,1560124800,4.06,4.34
4.27,4.34,2019-06-11,62151,EVF,1560211200,4.27,4.7
4.27,4.41,2019-06-12,31717,EVF,1560297600,4.27,4.41
4.34,4.55,2019-06-13,92341,EVF,1560384000,4.34,4.55
4.48,4.48,2019-06-14,62379,EVF,1560470400,4.48,4.55
4.27,4.41,2019-06-17,17636,EVF,1560729600,4.27,4.41
4.48,4.41,2019-06-18,35522,EVF,1560816000,4.34,4.48
4.48,4.48,2019-06-19,40581,EVF,1560902400,4.41,4.48
4.91,4.48,2019-06-20,33971,EVF,1560988800,4.34,4.91
4.41,4.34,2019-06-21,53613,EVF,1561075200,4.34,4.48
4.34,4.41,2019-06-24,44615,EVF,1561334400,4.34,4.41
4.34,4.27,2019-06-25,24498,EVF,1561420800,4.27,4.34
4.27,4.2,2019-06-26,22565,EVF,1561507200,4.2,4.27
4.27,4.27,2019-06-27,67673,EVF,1561593600,4.2,4.27
4.27,4.2,2019-06-28,7862,EVF,1561680000,4.2,4.34
4.27,4.27,2019-07-01,17971,EVF,1561939200,4.13,4.27
4.2,4.41,2019-07-02,2756681,EVF,1562025600,4.2,4.48
4.27,4.34,2019-07-03,55521,EVF,1562112000,4.27,4.55
4.48,4.41,2019-07-04,55726,EVF,1562198400,4.41,4.55
4.41,4.41,2019-07-05,17603,EVF,1562284800,4.41,4.48
4.48,4.34,2019-07-08,49635,EVF,1562544000,4.27,4.48
4.34,4.34,2019-07-09,49320,EVF,1562630400,4.27,4.34
4.27,4.34,2019-07-10,34942,EVF,1562716800,4.27,4.34
4.41,4.27,2019-07-11,20700,EVF,1562803200,4.27,4.41
4.27,4.34,2019-07-12,35100,EVF,1562889600,4.27,4.41
4.34,4.34,2019-07-15,26000,EVF,1563148800,4.34,4.41
4.34,4.34,2019-07-16,63200,EVF,1563235200,4.27,4.34
4.34,4.98,2019-07-17,381100,EVF,1563321600,4.34,4.98
5.34,4.98,2019-07-18,99600,EVF,1563408000,4.48,5.48
4.77,4.98,2019-07-19,189300,EVF,1563494400,4.77,5.05
4.98,4.91,2019-07-22,60200,EVF,1563753600,4.84,4.98
4.84,4.98,2019-07-23,99800,EVF,1563840000,4.77,5.05
4.98,5.13,2019-07-24,296500,EVF,1563926400,4.98,5.27
5.2,5.55,2019-07-25,610000,EVF,1564012800,5.2,5.76
5.55,5.34,2019-07-26,259400,EVF,1564099200,5.27,5.76
5.48,5.41,2019-07-29,152700,EVF,1564358400,5.2,5.76
5.27,5.05,2019-07-30,179900,EVF,1564444800,4.98,5.34
4.84,4.98,2019-07-31,98100,EVF,1564531200,4.77,5.2
4.98,4.98,2019-08-01,102900,EVF,1564617600,4.91,5.2
4.98,5.2,2019-08-02,214500,EVF,1564704000,4.98,5.27
5.13,5.2,2019-08-05,144000,EVF,1564963200,5.13,5.27
5.2,5.13,2019-08-06,126400,EVF,1565049600,5.05,5.2
5.13,5.13,2019-08-07,64100,EVF,1565136000,4.98,5.2
4.98,4.91,2019-08-08,130200,EVF,1565222400,4.84,4.98
4.91,4.98,2019-08-09,58300,EVF,1565308800,4.91,5.05
4.91,5.13,2019-08-12,92700,EVF,1565568000,4.91,5.34
5.05,5.05,2019-08-13,90000,EVF,1565654400,4.98,5.13
4.98,5.05,2019-08-14,92200,EVF,1565740800,4.98,5.13
4.98,4.98,2019-08-15,72900,EVF,1565827200,4.84,5.05
4.98,5.62,2019-08-16,860900,EVF,1565913600,4.98,5.62
5.62,6.26,2019-08-19,670700,EVF,1566172800,5.62,6.26
6.55,6.62,2019-08-20,1378700,EVF,1566259200,6.12,7.12
6.62,6.05,2019-08-21,731200,EVF,1566345600,5.84,6.69
6.19,5.98,2019-08-22,331900,EVF,1566432000,5.84,6.26
5.91,6.19,2019-08-23,498400,EVF,1566518400,5.69,6.55
6.33,5.91,2019-08-26,275700,EVF,1566777600,5.69,6.33
5.91,5.76,2019-08-27,315000,EVF,1566864000,5.62,6.05
5.69,5.48,2019-08-28,365900,EVF,1566950400,5.41,5.69
5.34,5.41,2019-08-29,242700,EVF,1567036800,5.27,5.55
5.55,5.62,2019-08-30,331500,EVF,1567123200,5.41,6.05
5.69,5.41,2019-09-03,280600,EVF,1567468800,5.34,5.84
5.34,5.27,2019-09-04,118100,EVF,1567555200,5.13,5.41
5.27,5.34,2019-09-05,98200,EVF,1567641600,5.13,5.48
5.27,5.34,2019-09-06,126000,EVF,1567728000,5.27,5.48
5.27,5.05,2019-09-09,196700,EVF,1567987200,5.05,5.41
5.2,4.91,2019-09-10,162100,EVF,1568073600,4.77,5.2
4.84,4.91,2019-09-11,68200,EVF,1568160000,4.84,4.98
4.91,4.98,2019-09-12,71800,EVF,1568246400,4.84,5.05
4.98,5.13,2019-09-13,110900,EVF,1568332800,4.84,5.2
5.2,5.05,2019-09-16,86800,EVF,1568592000,4.98,5.27
5.27,5.13,2019-09-17,79000,EVF,1568678400,4.98,5.27
5.13,4.98,2019-09-18,137200,EVF,1568764800,4.91,5.13
4.91,5.05,2019-09-19,47000,EVF,1568851200,4.91,5.13
5.05,4.98,2019-09-20,105800,EVF,1568937600,4.98,5.13
4.98,4.98,2019-09-23,91500,EVF,1569196800,4.91,4.98
4.91,4.77,2019-09-24,255600,EVF,1569283200,4.55,4.98
4.77,4.7,2019-09-25,91400,EVF,1569369600,4.63,4.84
4.77,4.63,2019-09-26,144100,EVF,1569456000,4.63,4.77
4.55,4.55,2019-09-27,134800,EVF,1569542400,4.48,4.55
4.48,4.63,2019-09-30,57700,EVF,1569801600,4.48,4.63
4.63,4.48,2019-10-01,63300,EVF,1569888000,4.48,4.63
4.55,4.48,2019-10-07,157700,EVF,1570406400,4.34,4.63
4.48,4.48,2019-10-08,32000,EVF,1570492800,4.48,4.63
4.48,4.48,2019-10-09,55500,EVF,1570579200,4.41,4.48
4.34,4.41,2019-10-10,31300,EVF,1570665600,4.34,4.48
4.41,4.41,2019-10-11,32400,EVF,1570752000,4.34,4.48
4.41,4.2,2019-10-14,124000,EVF,1571011200,4.2,4.48
4.27,4.2,2019-10-15,216000,EVF,1571097600,3.84,4.34
4.06,4.2,2019-10-16,38900,EVF,1571184000,3.92,4.2
4.06,4.06,2019-10-17,72900,EVF,1571270400,3.99,4.13
4.13,4.13,2019-10-18,36500,EVF,1571356800,3.99,4.2
4.06,4.06,2019-10-21,23500,EVF,1571616000,4.06,4.13
4.13,3.99,2019-10-22,71600,EVF,1571702400,3.92,4.13
3.92,3.77,2019-10-23,139100,EVF,1571788800,3.7,3.92
3.84,4.06,2019-10-24,47300,EVF,1571875200,3.84,4.13
4.13,4.48,2019-10-25,171400,EVF,1571961600,3.99,4.55
4.41,4.55,2019-10-28,246900,EVF,1572220800,4.41,4.7
4.63,4.41,2019-10-29,82200,EVF,1572307200,4.27,4.63
4.41,4.34,2019-10-30,49400,EVF,1572393600,4.27,4.41
4.34,4.41,2019-10-31,95200,EVF,1572480000,4.34,4.55
4.41,4.34,2019-11-01,10300,EVF,1572566400,4.34,4.48
4.34,4.34,2019-11-04,20300,EVF,1572825600,4.34,4.41
4.34,4.34,2019-11-05,88300,EVF,1572912000,4.27,4.41
4.27,4.27,2019-11-06,68200,EVF,1572998400,4.2,4.27
4.2,4.27,2019-11-07,14300,EVF,1573084800,4.2,4.34
4.27,4.2,2019-11-08,72800,EVF,1573171200,4.2,4.34
4.34,4.2,2019-11-11,39000,EVF,1573430400,4.2,4.34
4.2,4.2,2019-11-12,30700,EVF,1573516800,4.13,4.2
4.2,4.27,2019-11-13,40100,EVF,1573603200,4.13,4.27
4.2,4.13,2019-11-14,20900,EVF,1573689600,4.13,4.2
4.2,4.2,2019-11-15,24800,EVF,1573776000,4.13,4.2
4.27,4.13,2019-11-18,31900,EVF,1574035200,4.06,4.27
4.2,4.13,2019-11-19,27600,EVF,1574121600,4.06,4.2
4.13,4.13,2019-11-20,24700,EVF,1574208000,4.13,4.2
4.13,4.06,2019-11-21,26700,EVF,1574294400,4.06,4.13
4.06,3.99,2019-11-22,43600,EVF,1574380800,3.99,4.13
3.99,4.06,2019-11-25,10900,EVF,1574640000,3.92,4.13
4.06,3.99,2019-11-26,24000,EVF,1574726400,3.99,4.06
3.99,3.99,2019-11-27,32500,EVF,1574812800,3.92,4.06
3.99,3.92,2019-11-28,58400,EVF,1574899200,3.84,3.99
3.92,3.92,2019-11-29,74200,EVF,1574985600,3.77,3.92
3.84,3.77,2019-12-02,31100,EVF,1575244800,3.77,3.92
3.84,3.84,2019-12-03,41000,EVF,1575331200,3.77,3.92
3.84,3.92,2019-12-04,39100,EVF,1575417600,3.77,3.92
3.92,4.06,2019-12-05,36200,EVF,1575504000,3.92,4.13
4.13,4.06,2019-12-06,29400,EVF,1575590400,3.99,4.13
4.06,3.92,2019-12-09,51000,EVF,1575849600,3.92,4.06
3.92,3.99,2019-12-10,39200,EVF,1575936000,3.77,3.99
3.99,3.92,2019-12-11,12400,EVF,1576022400,3.84,3.99
3.84,3.84,2019-12-12,30700,EVF,1576108800,3.77,3.92
3.84,3.92,2019-12-13,34600,EVF,1576195200,3.77,3.99
3.92,4.13,2019-12-16,91100,EVF,1576454400,3.84,4.2
4.13,4.06,2019-12-17,70800,EVF,1576540800,4.06,4.27
4.06,3.99,2019-12-18,41100,EVF,1576627200,3.99,4.13
3.92,3.92,2019-12-19,75600,EVF,1576713600,3.92,3.99
4.06,4.13,2019-12-20,33800,EVF,1576800000,3.92,4.13
4.06,3.92,2019-12-23,65800,EVF,1577059200,3.92,4.06
3.92,3.99,2019-12-24,22000,EVF,1577145600,3.92,3.99
3.99,4.06,2019-12-25,23200,EVF,1577232000,3.99,4.06
4.06,3.99,2019-12-26,20400,EVF,1577318400,3.99,4.06
3.99,3.92,2019-12-27,34000,EVF,1577404800,3.92,3.99
3.99,3.92,2019-12-30,19500,EVF,1577664000,3.92,3.99
3.92,3.84,2019-12-31,52200,EVF,1577750400,3.84,3.99
3.92,3.84,2020-01-02,47100,EVF,1577923200,3.77,3.92
3.92,3.99,2020-01-03,40600,EVF,1578009600,3.92,3.99
3.99,3.99,2020-01-06,48600,EVF,1578268800,3.92,3.99
3.99,4.34,2020-01-07,428600,EVF,1578355200,3.99,4.41
4.27,4.27,2020-01-08,132100,EVF,1578441600,4.06,4.34
4.2,4.34,2020-01-09,71200,EVF,1578528000,4.13,4.41
4.34,4.48,2020-01-10,247100,EVF,1578614400,4.34,4.63
4.34,4.27,2020-01-13,140900,EVF,1578873600,3.84,4.41
4.13,4.41,2020-01-14,181600,EVF,1578960000,4.06,4.41
4.41,4.55,2020-01-15,87200,EVF,1579046400,4.41,4.55
4.48,4.63,2020-01-16,218400,EVF,1579132800,4.34,4.63
4.55,4.7,2020-01-17,93800,EVF,1579219200,4.48,4.7
4.63,4.84,2020-01-20,89300,EVF,1579478400,4.55,4.84
4.77,4.55,2020-01-21,259800,EVF,1579564800,4.55,5.05
4.63,4.77,2020-01-22,29800,EVF,1579651200,4.48,4.84
4.63,4.63,2020-01-30,56900,EVF,1580342400,4.55,4.7
4.55,4.77,2020-01-31,140600,EVF,1580428800,4.55,4.77
4.55,4.48,2020-02-03,174100,EVF,1580688000,3.99,4.55
4.27,4.91,2020-02-04,471600,EVF,1580774400,4.27,4.91
4.91,5.05,2020-02-05,707000,EVF,1580860800,4.84,5.55
5.41,4.98,2020-02-06,293600,EVF,1580947200,4.84,5.55
4.91,4.91,2020-02-07,118800,EVF,1581033600,4.84,5.05
4.91,5.62,2020-02-10,494500,EVF,1581292800,4.91,5.62
5.48,5.76,2020-02-11,488700,EVF,1581379200,5.41,5.76
5.55,5.62,2020-02-12,165100,EVF,1581465600,5.48,5.69
5.55,6.05,2020-02-13,552800,EVF,1581552000,5.55,6.12
5.84,6.05,2020-02-14,317800,EVF,1581638400,5.69,6.05
5.98,6.05,2020-02-17,264400,EVF,1581897600,5.69,6.05
6.19,6.49,2020-02-18,406700,EVF,1581984000,5.81,6.49
6.19,6.19,2020-02-19,349500,EVF,1582070400,6.19,6.56
6.26,6.34,2020-02-20,236400,EVF,1582156800,6.19,6.49
6.26,6.04,2020-02-21,75300,EVF,1582243200,5.88,6.26
6.04,6.19,2020-02-24,474000,EVF,1582502400,5.51,6.49
6.11,6.56,2020-02-25,425000,EVF,1582588800,6.11,6.64
6.49,6.41,2020-02-26,408600,EVF,1582675200,6.34,6.49
6.26,6.04,2020-02-27,99600,EVF,1582761600,6.04,6.26
6.11,5.81,2020-02-28,66200,EVF,1582848000,5.73,6.11
5.66,5.66,2020-03-02,66800,EVF,1583107200,5.58,5.96
5.73,5.66,2020-03-03,86900,EVF,1583193600,5.58,5.88
5.58,5.73,2020-03-04,39100,EVF,1583280000,5.51,5.73
5.66,5.73,2020-03-05,66800,EVF,1583366400,5.66,5.73
5.66,5.73,2020-03-06,72900,EVF,1583452800,5.43,5.81
5.66,5.36,2020-03-09,163000,EVF,1583712000,5.21,5.66
4.9,5.36,2020-03-10,203700,EVF,1583798400,4.75,5.51
5.28,5.36,2020-03-11,92700,EVF,1583884800,5.13,5.51
5.21,5.28,2020-03-12,92100,EVF,1583971200,5.05,5.28
5.05,5.36,2020-03-13,83200,EVF,1584057600,5.05,5.36
5.21,5.51,2020-03-16,98800,EVF,1584316800,5.21,5.58
5.36,5.51,2020-03-17,58900,EVF,1584403200,5.36,5.51
5.43,5.58,2020-03-18,57000,EVF,1584489600,5.43,5.58
5.51,5.43,2020-03-19,98400,EVF,1584576000,5.28,5.51
5.28,5.66,2020-03-20,91700,EVF,1584662400,5.28,5.66
5.51,5.43,2020-03-23,37300,EVF,1584921600,5.36,5.51
5.36,5.28,2020-03-24,5300,EVF,1585008000,5.28,5.43
5.36,5.36,2020-03-25,39200,EVF,1585094400,5.28,5.36
5.21,5.28,2020-03-26,22900,EVF,1585180800,4.83,5.28
5.21,5.05,2020-03-27,29100,EVF,1585267200,5.05,5.21
5.05,4.98,2020-03-30,11900,EVF,1585526400,4.98,5.13
4.9,5.05,2020-03-31,55100,EVF,1585612800,4.3,5.43
4.68,4.9,2020-04-01,28900,EVF,1585699200,4.68,4.98
4.75,5.05,2020-04-03,28400,EVF,1585872000,4.75,5.13
4.83,5.21,2020-04-06,17200,EVF,1586131200,4.83,5.21
5.05,4.98,2020-04-07,27800,EVF,1586217600,4.98,5.05
4.9,5.05,2020-04-08,13100,EVF,1586304000,4.9,5.05
4.98,4.98,2020-04-09,42200,EVF,1586390400,4.98,5.13
4.98,5.05,2020-04-10,21200,EVF,1586476800,4.98,5.05
4.98,5.05,2020-04-13,14500,EVF,1586736000,4.98,5.13
4.98,4.98,2020-04-14,15000,EVF,1586822400,4.9,5.05
4.98,4.98,2020-04-15,14900,EVF,1586908800,4.9,5.05
4.98,4.98,2020-04-16,48400,EVF,1586995200,4.9,5.05
4.98,5.05,2020-04-17,63700,EVF,1587081600,4.98,5.21
5.05,5.43,2020-04-20,116400,EVF,1587340800,5.05,5.66
5.51,5.13,2020-04-21,53900,EVF,1587427200,5.13,5.51
5.28,5.28,2020-04-22,39000,EVF,1587513600,5.13,5.36
5.36,5.51,2020-04-23,95700,EVF,1587600000,5.36,5.73
5.51,5.51,2020-04-24,24400,EVF,1587686400,5.28,5.51
5.51,5.43,2020-04-27,29800,EVF,1587945600,5.28,5.51
5.43,5.36,2020-04-28,31000,EVF,1588032000,5.21,5.43
5.28,5.28,2020-04-29,9800,EVF,1588118400,5.28,5.43
5.36,5.28,2020-05-04,62700,EVF,1588550400,5.05,5.36
5.28,5.21,2020-05-05,12700,EVF,1588636800,5.21,5.36
5.28,5.28,2020-05-06,22400,EVF,1588723200,5.21,5.36
5.28,5.36,2020-05-07,69400,EVF,1588809600,5.13,5.36
5.36,5.43,2020-05-08,154800,EVF,1588896000,5.36,5.58
5.58,5.58,2020-05-11,57500,EVF,1589155200,5.43,5.58
5.51,5.58,2020-05-12,76900,EVF,1589241600,5.43,5.58
5.43,5.43,2020-05-13,85100,EVF,1589328000,5.36,5.51
5.36,5.36,2020-05-14,69900,EVF,1589414400,5.36,5.58
5.36,5.36,2020-05-15,54000,EVF,1589500800,5.28,5.36
5.28,5.28,2020-05-18,58900,EVF,1589760000,5.28,5.28
5.28,5.73,2020-05-19,1015500,EVF,1589846400,5.28,5.96
5.81,5.88,2020-05-20,211500,EVF,1589932800,5.81,6.19
5.88,5.73,2020-05-21,53800,EVF,1590019200,5.66,5.88
5.73,5.66,2020-05-22,81700,EVF,1590105600,5.66,5.81
5.66,5.66,2020-05-25,124700,EVF,1590364800,5.58,5.66
5.66,5.81,2020-05-26,69500,EVF,1590451200,5.58,5.88
5.73,5.66,2020-05-27,80000,EVF,1590537600,5.58,5.88
5.73,5.58,2020-05-28,38300,EVF,1590624000,5.58,5.73
5.58,5.58,2020-05-29,45000,EVF,1590710400,5.58,5.66
5.58,5.58,2020-06-01,129800,EVF,1590969600,5.51,5.66
5.51,5.66,2020-06-02,110100,EVF,1591056000,5.51,5.73
5.58,5.73,2020-06-03,72700,EVF,1591142400,5.58,5.73
5.66,5.66,2020-06-04,171200,EVF,1591228800,5.58,5.73
5.66,5.66,2020-06-05,161200,EVF,1591315200,5.58,5.66
5.66,5.81,2020-06-08,497100,EVF,1591574400,5.58,5.88
5.81,5.73,2020-06-09,178200,EVF,1591660800,5.73,5.88
5.81,6.11,2020-06-10,520200,EVF,1591747200,5.73,6.34
6.11,5.73,2020-06-11,407000,EVF,1591833600,5.73,6.34
5.73,5.66,2020-06-12,174300,EVF,1591920000,5.36,5.73
5.58,5.43,2020-06-15,393200,EVF,1592179200,5.36,5.58
5.43,5.51,2020-06-16,166900,EVF,1592265600,5.36,5.51
5.51,5.43,2020-06-17,164400,EVF,1592352000,5.36,5.51
5.43,5.43,2020-06-18,89500,EVF,1592438400,5.36,5.51
5.43,5.51,2020-06-19,77100,EVF,1592524800,5.36,5.58
5.51,5.51,2020-06-22,90300,EVF,1592784000,5.43,5.51
5.43,5.51,2020-06-23,264000,EVF,1592870400,5.36,5.51
5.43,5.43,2020-06-24,129000,EVF,1592956800,5.36,5.51
5.43,5.28,2020-06-25,189500,EVF,1593043200,5.21,5.43
5.28,5.21,2020-06-26,166300,EVF,1593129600,5.13,5.28
5.21,4.9,2020-06-29,159700,EVF,1593388800,4.75,5.21
4.75,4.83,2020-06-30,103700,EVF,1593475200,4.75,4.98
4.83,5.13,2020-07-01,71600,EVF,1593561600,4.83,5.13
5.13,5.05,2020-07-02,28800,EVF,1593648000,5.05,5.13
5.13,5.13,2020-07-03,29600,EVF,1593734400,5.05,5.28
4.9,5.05,2020-07-06,59400,EVF,1593993600,4.9,5.13
5.05,5.05,2020-07-07,62100,EVF,1594080000,5.05,5.13
4.98,5.13,2020-07-08,45500,EVF,1594166400,4.98,5.13
4.98,5.05,2020-07-09,50400,EVF,1594252800,4.98,5.13
5.13,5.05,2020-07-10,137500,EVF,1594339200,4.98,5.13
5.05,4.98,2020-07-13,41700,EVF,1594598400,4.98,5.05
5.05,5.05,2020-07-14,95900,EVF,1594684800,4.98,5.13
4.98,5.05,2020-07-15,63200,EVF,1594771200,4.98,5.05
5.05,4.98,2020-07-16,25800,EVF,1594857600,4.98,5.13
4.98,5.05,2020-07-17,115100,EVF,1594944000,4.9,5.05
5.05,4.98,2020-07-20,27500,EVF,1595203200,4.98,5.13
4.98,5.05,2020-07-21,59900,EVF,1595289600,4.98,5.05
4.98,5.05,2020-07-22,34100,EVF,1595376000,4.98,5.05
4.98,4.98,2020-07-23,50900,EVF,1595462400,4.9,4.98
4.9,4.6,2020-07-24,129200,EVF,1595548800,4.53,4.98
4.53,4.3,2020-07-27,196900,EVF,1595808000,4.3,4.75
4.45,4.6,2020-07-28,78500,EVF,1595894400,4.45,4.68
4.68,4.45,2020-07-29,67200,EVF,1595980800,4.38,4.68
4.53,4.6,2020-07-30,47700,EVF,1596067200,4.53,4.6
4.45,4.6,2020-07-31,42600,EVF,1596153600,4.45,4.6
4.45,4.53,2020-08-03,74700,EVF,1596412800,4.45,4.6
4.6,4.68,2020-08-04,60500,EVF,1596499200,4.53,4.75
4.68,4.68,2020-08-05,58800,EVF,1596585600,4.53,4.68
4.6,4.6,2020-08-06,33700,EVF,1596672000,4.6,4.68
4.68,4.68,2020-08-07,57800,EVF,1596758400,4.6,4.68
4.68,4.83,2020-08-10,108300,EVF,1597017600,4.68,4.98
4.83,4.9,2020-08-11,76000,EVF,1597104000,4.75,5.05
4.9,4.9,2020-08-12,91300,EVF,1597190400,4.9,5.05
4.9,4.98,2020-08-13,87600,EVF,1597276800,4.9,4.98
4.98,5.21,2020-08-14,385200,EVF,1597363200,4.98,5.58
5.21,5.28,2020-08-17,105800,EVF,1597622400,5.05,5.28
5.21,5.21,2020-08-18,54300,EVF,1597708800,5.13,5.36
5.21,5.05,2020-08-19,113700,EVF,1597795200,5.05,5.21
5.21,5.13,2020-08-20,35300,EVF,1597881600,4.98,5.28
5.05,5.05,2020-08-21,62900,EVF,1597968000,4.98,5.13
5.05,5.21,2020-08-24,177800,EVF,1598227200,4.98,5.21
5.13,5.21,2020-08-25,128800,EVF,1598313600,5.05,5.28
5.21,5.13,2020-08-26,75500,EVF,1598400000,5.13,5.21
5.13,5.13,2020-08-27,96500,EVF,1598486400,5.05,5.21
5.13,5.28,2020-08-28,106600,EVF,1598572800,5.13,5.28
5.13,5.13,2020-08-31,72100,EVF,1598832000,5.13,5.21
5.13,5.13,2020-09-01,56900,EVF,1598918400,5.05,5.13
5.05,5.05,2020-09-03,92900,EVF,1599091200,5.05,5.13
5.05,5.13,2020-09-04,94800,EVF,1599177600,4.98,5.13
5.13,5.05,2020-09-07,130300,EVF,1599436800,5.05,5.13
5.05,5.13,2020-09-08,44400,EVF,1599523200,5.05,5.13
5.05,5.05,2020-09-09,101300,EVF,1599609600,4.98,5.05
5.05,5.13,2020-09-10,106400,EVF,1599696000,5.05,5.13
5.13,5.13,2020-09-11,99100,EVF,1599782400,5.13,5.28
5.13,5.13,2020-09-14,134300,EVF,1600041600,5.13,5.28
5.21,5.13,2020-09-15,189400,EVF,1600128000,5.13,5.21
5.21,5.43,2020-09-16,422300,EVF,1600214400,5.13,5.43
5.36,5.36,2020-09-17,148400,EVF,1600300800,5.28,5.51
5.36,5.43,2020-09-18,142900,EVF,1600387200,5.28,5.43
5.43,5.43,2020-09-21,263800,EVF,1600646400,5.36,5.51
5.36,5.51,2020-09-22,231400,EVF,1600732800,5.36,5.51
5.43,5.51,2020-09-23,95700,EVF,1600819200,5.43,5.66
5.51,5.96,2020-09-24,791700,EVF,1600905600,5.43,6.04
5.96,5.88,2020-09-25,771300,EVF,1600992000,5.88,6.19
5.81,5.81,2020-09-28,203300,EVF,1601251200,5.73,5.88
5.73,5.58,2020-09-29,375200,EVF,1601337600,5.43,5.73
5.43,5.58,2020-09-30,243200,EVF,1601424000,5.36,5.66
5.58,5.81,2020-10-01,414300,EVF,1601510400,5.51,5.88
5.81,5.88,2020-10-02,386400,EVF,1601596800,5.58,5.88
5.81,6.04,2020-10-05,505300,EVF,1601856000,5.81,6.04
6.04,6.04,2020-10-06,305200,EVF,1601942400,5.88,6.04
5.88,6.04,2020-10-07,242400,EVF,1602028800,5.88,6.11
6.04,6.04,2020-10-08,275700,EVF,1602115200,5.96,6.11
6.04,6.19,2020-10-09,255500,EVF,1602201600,5.96,6.19
6.19,6.11,2020-10-12,280900,EVF,1602460800,5.96,6.34
6.11,6.04,2020-10-13,76400,EVF,1602547200,5.96,6.11
6.04,5.96,2020-10-14,121400,EVF,1602633600,5.96,6.04
5.81,6.04,2020-10-15,217500,EVF,1602720000,5.73,6.04
5.88,5.96,2020-10-16,70000,EVF,1602806400,5.88,6.04
5.96,5.96,2020-10-19,116200,EVF,1603065600,5.88,6.04
5.96,6.04,2020-10-20,118100,EVF,1603152000,5.96,6.04
6.04,6.04,2020-10-21,191400,EVF,1603238400,5.96,6.26
5.96,6.04,2020-10-22,79400,EVF,1603324800,5.96,6.11
6.04,5.96,2020-10-23,97900,EVF,1603411200,5.96,6.11
6.04,6.11,2020-10-26,247800,EVF,1603670400,6.04,6.19
6.11,6.34,2020-10-27,308900,EVF,1603756800,6.04,6.34
6.19,6.19,2020-10-28,238000,EVF,1603843200,6.19,6.41
6.04,6.19,2020-10-29,175600,EVF,1603929600,6.04,6.26
6.11,6.11,2020-10-30,72300,EVF,1604016000,6.11,6.11
6.04,6.11,2020-11-02,77700,EVF,1604275200,5.96,6.11
6.04,6.11,2020-11-03,120100,EVF,1604361600,6.04,6.19
6.11,6.19,2020-11-04,125600,EVF,1604448000,6.11,6.19
6.19,6.04,2020-11-05,52800,EVF,1604534400,6.04,6.19
6.11,6.11,2020-11-06,83800,EVF,1604620800,6.04,6.11
6.04,6.11,2020-11-09,79200,EVF,1604880000,6.04,6.11
6.11,6.04,2020-11-10,119600,EVF,1604966400,6.04,6.11
6.11,6.11,2020-11-11,154200,EVF,1605052800,5.96,6.11
6.04,6.04,2020-11-12,40100,EVF,1605139200,5.96,6.04
5.96,6.04,2020-11-13,161600,EVF,1605225600,5.96,6.19
6.04,6.04,2020-11-16,116600,EVF,1605484800,5.96,6.11
6.11,6.11,2020-11-17,136000,EVF,1605571200,6.04,6.11
6.04,6.11,2020-11-18,134100,EVF,1605657600,6.04,6.11
6.04,6.11,2020-11-19,89200,EVF,1605744000,6.04,6.11
6.11,6.11,2020-11-20,101300,EVF,1605830400,6.04,6.11
6.11,6.11,2020-11-23,123500,EVF,1606089600,6.04,6.19
6.11,6.11,2020-11-24,49100,EVF,1606176000,6.04,6.19
6.11,6.11,2020-11-25,122200,EVF,1606262400,5.96,6.19
5.96,6.04,2020-11-26,31800,EVF,1606348800,5.96,6.04
5.96,6.04,2020-11-27,42400,EVF,1606435200,5.96,6.11
5.96,6.19,2020-11-30,185400,EVF,1606694400,5.96,6.41
6.19,6.56,2020-12-01,298900,EVF,1606780800,6.11,6.56
6.56,6.64,2020-12-02,394000,EVF,1606867200,6.41,6.71
6.56,7.02,2020-12-03,330200,EVF,1606953600,6.56,7.09
7.02,6.79,2020-12-04,260600,EVF,1607040000,6.79,7.09
6.79,6.79,2020-12-07,189700,EVF,1607299200,6.56,6.79
6.64,6.71,2020-12-08,182800,EVF,1607385600,6.49,6.87
6.71,6.79,2020-12-09,282500,EVF,1607472000,6.56,7.02
6.79,6.71,2020-12-10,145600,EVF,1607558400,6.64,6.87
6.79,6.79,2020-12-11,160400,EVF,1607644800,6.71,6.94
6.79,6.94,2020-12-14,106000,EVF,1607904000,6.71,7.02
6.87,6.87,2020-12-15,139200,EVF,1607990400,6.79,6.87
6.87,6.94,2020-12-16,250000,EVF,1608076800,6.79,6.94
6.87,6.87,2020-12-17,524200,EVF,1608163200,6.71,7.02
6.94,6.87,2020-12-18,76300,EVF,1608249600,6.79,6.94
6.87,6.87,2020-12-21,180500,EVF,1608508800,6.71,6.94
6.79,7.32,2020-12-22,558900,EVF,1608595200,6.79,7.54
7.32,7.17,2020-12-23,277200,EVF,1608681600,6.94,7.32
7.17,6.94,2020-12-24,159700,EVF,1608768000,6.79,7.17
6.87,6.94,2020-12-25,198400,EVF,1608854400,6.87,7.17
6.94,7.32,2020-12-28,485000,EVF,1609113600,6.94,7.39
7.24,7.54,2020-12-29,1455800,EVF,1609200000,7.24,7.7
7.54,7.47,2020-12-30,997000,EVF,1609286400,7.32,7.7
7.47,7.39,2020-12-31,229100,EVF,1609372800,7.32,7.47
7.32,7.32,2021-01-04,370000,EVF,1609718400,7.24,7.39
7.24,7.17,2021-01-05,573700,EVF,1609804800,7.09,7.32
7.09,7.17,2021-01-06,267300,EVF,1609891200,7.09,7.32
7.17,7.24,2021-01-07,597800,EVF,1609977600,7.17,7.39
7.32,7.24,2021-01-08,318500,EVF,1610064000,7.17,7.32
7.24,7.32,2021-01-11,713200,EVF,1610323200,7.17,7.7
7.39,7.77,2021-01-12,2301800,EVF,1610409600,7.39,7.85
7.54,8.07,2021-01-13,1033200,EVF,1610496000,7.54,8.3
8.15,8.07,2021-01-14,770700,EVF,1610582400,7.85,8.15
8,8.07,2021-01-15,2062900,EVF,1610668800,7.77,8.3
8,8.22,2021-01-18,1348400,EVF,1610928000,8,8.3
8.22,7.62,2021-01-19,1002700,EVF,1611014400,7.39,8.22
7.54,7.62,2021-01-20,536700,EVF,1611100800,7.02,7.77
7.62,7.77,2021-01-21,479900,EVF,1611187200,7.47,7.85
7.77,7.77,2021-01-22,316200,EVF,1611273600,7.62,7.85
7.77,7.77,2021-01-25,581500,EVF,1611532800,7.62,7.85
7.77,7.54,2021-01-26,484000,EVF,1611619200,7.39,7.77
7.47,6.94,2021-01-27,313200,EVF,1611705600,6.79,7.47
6.79,6.04,2021-01-28,782100,EVF,1611792000,6.04,6.79
6.04,6.19,2021-01-29,405600,EVF,1611878400,5.28,6.64
6.26,6.04,2021-02-01,384700,EVF,1612137600,6.04,6.64
6.04,6.19,2021-02-02,261900,EVF,1612224000,5.96,6.26
6.19,6.49,2021-02-03,325100,EVF,1612310400,6.19,6.49
6.49,6.34,2021-02-04,197400,EVF,1612396800,6.26,6.56
6.41,6.41,2021-02-05,474300,EVF,1612483200,6.19,6.71
6.49,6.26,2021-02-08,253400,EVF,1612742400,6.26,6.56
6.41,6.41,2021-02-09,206900,EVF,1612828800,6.19,6.49
6.34,6.49,2021-02-17,263600,EVF,1613520000,6.34,6.56
6.56,6.49,2021-02-18,314500,EVF,1613606400,6.41,6.56
6.49,6.94,2021-02-19,469300,EVF,1613692800,6.49,7.32
6.94,7.02,2021-02-22,328000,EVF,1613952000,6.87,7.09
7.02,7.02,2021-02-23,441900,EVF,1614038400,6.94,7.09
6.94,6.79,2021-02-24,417000,EVF,1614124800,6.71,7.02
6.87,6.87,2021-02-25,175800,EVF,1614211200,6.79,6.87
6.79,6.79,2021-02-26,187900,EVF,1614297600,6.71,6.87
6.79,6.87,2021-03-01,147400,EVF,1614556800,6.79,6.94
6.87,7.24,2021-03-02,1003100,EVF,1614643200,6.87,7.47
7.09,8.15,2021-03-03,2458900,EVF,1614729600,7.09,8.15
8.07,8.07,2021-03-04,1405000,EVF,1614816000,7.7,8.3
8.15,8.07,2021-03-05,922800,EVF,1614902400,7.62,8.15
7.92,8.15,2021-03-08,556600,EVF,1615161600,7.92,8.15
8.07,8.15,2021-03-09,968900,EVF,1615248000,7.85,8.3
8.15,8.15,2021-03-10,578900,EVF,1615334400,8.07,8.3
8.15,8,2021-03-11,525400,EVF,1615420800,7.92,8.15
7.92,8,2021-03-12,537700,EVF,1615507200,7.92,8.15
8,7.92,2021-03-15,434800,EVF,1615766400,7.85,8
7.92,7.92,2021-03-16,415700,EVF,1615852800,7.77,7.92
7.92,8.15,2021-03-17,1099500,EVF,1615939200,7.77,8.3
8.15,8.3,2021-03-18,977900,EVF,1616025600,8.15,8.68
8.3,8.3,2021-03-19,634000,EVF,1616112000,8.07,8.3
8.3,8.22,2021-03-22,1025600,EVF,1616371200,8,8.38
8.15,8,2021-03-23,751000,EVF,1616457600,7.92,8.3
8,7.92,2021-03-24,518600,EVF,1616544000,7.77,8
8,7.85,2021-03-25,414400,EVF,1616630400,7.7,8
7.85,7.77,2021-03-26,538200,EVF,1616716800,7.47,7.85
7.7,8,2021-03-29,429300,EVF,1616976000,7.7,8.07
7.92,8.22,2021-03-30,788700,EVF,1617062400,7.92,8.22
8.15,9.05,2021-03-31,3885400,EVF,1617148800,8.07,9.28
9.05,9.21,2021-04-01,1031600,EVF,1617235200,8.98,9.51
9.28,9.28,2021-04-02,1013800,EVF,1617321600,9.21,9.43
9.28,9.05,2021-04-05,1241300,EVF,1617580800,8.9,9.28
9.05,9.05,2021-04-06,658700,EVF,1617667200,8.9,9.21
9.05,9.05,2021-04-07,724200,EVF,1617753600,8.9,9.21
8.98,9.21,2021-04-08,751900,EVF,1617840000,8.98,9.28
9.13,9.43,2021-04-09,1069100,EVF,1617926400,9.13,9.66
9.43,9.36,2021-04-12,464100,EVF,1618185600,9.28,9.58
9.36,9.05,2021-04-13,1023700,EVF,1618272000,8.98,9.36
8.98,8.83,2021-04-14,943400,EVF,1618358400,8.68,8.98
8.98,8.68,2021-04-15,566200,EVF,1618444800,8.68,9.05
8.68,8.68,2021-04-16,455000,EVF,1618531200,8.22,8.9
8.75,8.75,2021-04-19,464600,EVF,1618790400,8.38,9.05
8.68,8.9,2021-04-20,335300,EVF,1618876800,8.53,8.98
8.83,8.45,2021-04-22,360100,EVF,1619049600,8.45,8.83
8.3,8.6,2021-04-23,332300,EVF,1619136000,8,8.68
8.6,8.53,2021-04-26,411900,EVF,1619395200,8.53,8.9
8.53,8.6,2021-04-27,156400,EVF,1619481600,8.38,8.6
8.53,8.6,2021-04-28,154400,EVF,1619568000,8.45,8.68
8.6,8.45,2021-04-29,181700,EVF,1619654400,8.38,8.68
8.38,8,2021-05-04,674100,EVF,1620086400,7.92,8.45
8,8.22,2021-05-05,420400,EVF,1620172800,8,8.3
8.22,8.45,2021-05-06,437000,EVF,1620259200,8.15,8.6
8.38,8.45,2021-05-07,388600,EVF,1620345600,8.22,8.53
8.38,8.45,2021-05-10,310700,EVF,1620604800,8.22,8.45
8.3,8.38,2021-05-11,158500,EVF,1620691200,8.3,8.45
8.3,8.3,2021-05-12,178500,EVF,1620777600,8.22,8.38
8.3,8.3,2021-05-13,151500,EVF,1620864000,8.22,8.38
8.22,8.3,2021-05-14,244000,EVF,1620950400,8.15,8.3
8.38,8.38,2021-05-17,483800,EVF,1621209600,8.22,8.53
8.3,8.22,2021-05-18,163500,EVF,1621296000,8.22,8.45
8.3,8.3,2021-05-19,121300,EVF,1621382400,8.22,8.3
8.15,8.07,2021-05-20,154300,EVF,1621468800,8,8.15
8.07,8,2021-05-21,188400,EVF,1621555200,7.85,8.22
8.07,8,2021-05-24,226000,EVF,1621814400,7.92,8.15
7.92,8.15,2021-05-25,251200,EVF,1621900800,7.92,8.15
8,8.22,2021-05-26,448500,EVF,1621987200,8,8.38
8.3,8.6,2021-05-27,577800,EVF,1622073600,8.3,8.75
8.6,8.68,2021-05-28,371900,EVF,1622160000,8.6,8.75
8.75,9.28,2021-05-31,1529000,EVF,1622419200,8.68,9.58
9.36,9.66,2021-06-01,1178600,EVF,1622505600,9.28,9.96
9.66,9.51,2021-06-02,726400,EVF,1622592000,9.43,9.81
9.51,10.04,2021-06-03,1762700,EVF,1622678400,9.36,10.56
10.04,10.04,2021-06-04,978800,EVF,1622764800,9.81,10.34
10.04,9.73,2021-06-07,1004500,EVF,1623024000,9.58,10.26
9.73,9.28,2021-06-08,567900,EVF,1623110400,9.21,9.81
9.28,9.21,2021-06-09,669800,EVF,1623196800,8.75,9.51
9.21,9.21,2021-06-10,306800,EVF,1623283200,9.13,9.43
9.21,9.58,2021-06-11,567400,EVF,1623369600,9.13,9.81
9.51,9.66,2021-06-14,622600,EVF,1623628800,9.51,9.81
9.66,9.66,2021-06-15,590300,EVF,1623715200,9.66,9.88
9.66,9.51,2021-06-16,292800,EVF,1623801600,9.51,9.73
9.43,9.73,2021-06-17,271600,EVF,1623888000,9.36,9.73
9.58,9.66,2021-06-18,391200,EVF,1623974400,9.51,9.66
9.58,9.58,2021-06-21,266100,EVF,1624233600,9.51,9.73
9.58,9.58,2021-06-22,437500,EVF,1624320000,9.51,9.66
9.58,9.51,2021-06-23,255400,EVF,1624406400,9.43,9.58
9.51,9.58,2021-06-24,347900,EVF,1624492800,9.43,9.66
9.51,9.51,2021-06-25,352400,EVF,1624579200,9.43,9.58
9.43,9.51,2021-06-28,612300,EVF,1624838400,9.43,9.51
9.58,9.58,2021-06-29,420800,EVF,1624924800,9.43,9.58
9.51,9.43,2021-06-30,303800,EVF,1625011200,9.36,9.58
9.36,9.36,2021-07-01,343100,EVF,1625097600,9.28,9.43
9.36,9.43,2021-07-02,454300,EVF,1625184000,9.36,9.51
9.36,9.36,2021-07-05,364800,EVF,1625443200,9.21,9.43
9.36,9.66,2021-07-06,2562600,EVF,1625529600,9.36,10.11
9.58,9.58,2021-07-07,306700,EVF,1625616000,9.36,9.73
9.51,9.96,2021-07-08,1121000,EVF,1625702400,9.51,9.96
9.81,9.58,2021-07-09,1073300,EVF,1625788800,9.21,10.11
10.11,9.13,2021-07-12,1034900,EVF,1626048000,8.9,10.11
9.21,9.21,2021-07-13,479700,EVF,1626134400,8.98,9.36
9.21,9.13,2021-07-14,385500,EVF,1626220800,8.83,9.28
8.98,9.05,2021-07-15,351500,EVF,1626307200,8.98,9.28
9.37,9.29,2021-07-16,270200,EVF,1626393600,9.2,9.46
9.29,8.68,2021-07-19,348600,EVF,1626652800,8.5,9.29
8.5,8.85,2021-07-20,225200,EVF,1626739200,8.5,8.85
8.76,9.02,2021-07-21,405700,EVF,1626825600,8.76,9.02
8.94,9.02,2021-07-22,181800,EVF,1626912000,8.85,9.02
8.94,8.85,2021-07-23,314500,EVF,1626998400,8.76,8.94
8.85,8.76,2021-07-26,186300,EVF,1627257600,8.59,8.85
8.76,8.85,2021-07-27,141600,EVF,1627344000,8.76,8.94
8.76,8.76,2021-07-28,234800,EVF,1627430400,8.68,8.85
8.76,8.76,2021-07-29,210200,EVF,1627516800,8.68,8.85
8.76,8.85,2021-07-30,187800,EVF,1627603200,8.68,8.94
8.85,8.94,2021-08-02,327900,EVF,1627862400,8.76,8.94
8.85,9.2,2021-08-03,399800,EVF,1627948800,8.85,9.2
9.2,9.46,2021-08-04,743500,EVF,1628035200,9.2,9.54
9.37,9.37,2021-08-05,199300,EVF,1628121600,9.37,9.54
9.46,9.2,2021-08-06,374300,EVF,1628208000,9.2,9.46
9.2,9.29,2021-08-09,368300,EVF,1628467200,9.11,9.37
9.37,9.37,2021-08-10,434200,EVF,1628553600,9.2,9.46
9.37,9.89,2021-08-11,1848200,EVF,1628640000,9.37,10.07
9.89,9.89,2021-08-12,793800,EVF,1628726400,9.89,10.15
9.98,9.89,2021-08-13,518300,EVF,1628812800,9.54,9.98
9.8,9.89,2021-08-16,580100,EVF,1629072000,9.63,9.89
9.89,9.8,2021-08-17,414700,EVF,1629158400,9.72,9.89
9.8,9.8,2021-08-18,207800,EVF,1629244800,9.72,9.89
9.72,9.8,2021-08-19,406400,EVF,1629331200,9.63,9.8
9.8,9.54,2021-08-20,610000,EVF,1629417600,9.46,9.8
9.54,9.11,2021-08-23,597300,EVF,1629676800,9.02,9.54
9.2,8.94,2021-08-24,452800,EVF,1629763200,8.85,9.2
8.94,9.02,2021-08-25,259800,EVF,1629849600,8.85,9.11
9.11,9.02,2021-08-26,309600,EVF,1629936000,8.94,9.11
9.02,9.11,2021-08-27,287200,EVF,1630022400,8.85,9.2
9.2,9.72,2021-08-30,987700,EVF,1630281600,9.2,9.89
9.63,9.63,2021-08-31,400700,EVF,1630368000,8.94,9.8
9.63,9.54,2021-09-01,352500,EVF,1630454400,9.29,9.63
9.54,9.72,2021-09-06,1044500,EVF,1630886400,9.37,9.89
9.72,10.5,2021-09-07,3996600,EVF,1630972800,9.72,10.85
10.59,10.5,2021-09-08,1152600,EVF,1631059200,10.41,10.76
10.5,10.41,2021-09-09,659300,EVF,1631145600,10.24,10.59
10.41,10.5,2021-09-10,687100,EVF,1631232000,10.24,10.5
10.41,10.67,2021-09-13,1162500,EVF,1631491200,10.33,11.28
10.67,10.5,2021-09-14,469000,EVF,1631577600,10.33,10.67
10.5,10.5,2021-09-15,871300,EVF,1631664000,10.24,10.5
10.24,10.59,2021-09-16,928400,EVF,1631750400,10.24,10.85
10.67,10.76,2021-09-17,706100,EVF,1631836800,10.59,10.85
10.85,11.37,2021-09-20,2390300,EVF,1632096000,10.67,11.63
11.28,11.37,2021-09-21,1175900,EVF,1632182400,10.93,11.54
11.28,11.8,2021-09-22,1216300,EVF,1632268800,11.28,11.97
11.63,11.54,2021-09-23,1446000,EVF,1632355200,11.19,12.06
11.28,11.54,2021-09-24,949100,EVF,1632441600,11.02,11.63
11.54,11.37,2021-09-27,1043900,EVF,1632700800,11.28,11.63
11.28,11.45,2021-09-28,687700,EVF,1632787200,11.11,11.54
11.28,11.45,2021-09-29,420800,EVF,1632873600,11.19,11.45
11.45,11.54,2021-09-30,316100,EVF,1632960000,11.28,11.71
11.54,11.45,2021-10-01,597900,EVF,1633046400,11.37,11.63
11.45,11.28,2021-10-04,835600,EVF,1633305600,11.19,11.45
11.45,11.45,2021-10-05,482200,EVF,1633392000,11.28,11.54
11.54,11.71,2021-10-06,582000,EVF,1633478400,11.37,11.71
11.71,12.23,2021-10-07,1131700,EVF,1633564800,11.71,12.49
12.32,12.23,2021-10-08,642700,EVF,1633651200,11.97,12.32
12.15,13.02,2021-10-11,1546100,EVF,1633910400,12.15,13.36
13.02,13.36,2021-10-12,1437500,EVF,1633996800,12.93,13.62
13.45,13.45,2021-10-13,609000,EVF,1634083200,13.28,13.71
13.45,13.28,2021-10-14,782100,EVF,1634169600,13.1,13.45
13.28,13.28,2021-10-15,808700,EVF,1634256000,13.02,13.36
13.28,13.36,2021-10-18,669800,EVF,1634515200,13.19,13.45
13.36,13.97,2021-10-19,866600,EVF,1634601600,13.28,13.97
13.88,14.84,2021-10-20,1430200,EVF,1634688000,13.88,15.1
14.75,15.1,2021-10-21,835600,EVF,1634774400,14.32,15.19
14.75,15.1,2021-10-22,765200,EVF,1634860800,14.75,15.1
15.19,15.1,2021-10-25,744000,EVF,1635120000,14.84,15.53
15.1,15.45,2021-10-26,610900,EVF,1635206400,15.1,15.45
15.36,15.45,2021-10-27,507800,EVF,1635292800,15.27,15.53
15.36,15.62,2021-10-28,729600,EVF,1635379200,15.36,15.62
15.53,16.05,2021-10-29,905400,EVF,1635465600,15.53,16.14
15.97,16.31,2021-11-01,806600,EVF,1635724800,15.97,16.57
16.31,16.14,2021-11-02,692700,EVF,1635811200,16.14,16.4
16.05,15.27,2021-11-03,1929200,EVF,1635897600,14.75,16.14
15.45,15.45,2021-11-04,497400,EVF,1635984000,14.75,15.62
15.45,15.53,2021-11-05,450400,EVF,1636070400,15.19,15.62
15.45,15.36,2021-11-08,523500,EVF,1636329600,15.19,15.53
15.45,15.53,2021-11-09,609300,EVF,1636416000,15.19,15.88
15.53,15.62,2021-11-10,479300,EVF,1636502400,15.45,15.71
15.45,15.62,2021-11-11,553200,EVF,1636588800,15.36,15.62
15.53,15.53,2021-11-12,611000,EVF,1636675200,15.19,15.62
15.45,15.97,2021-11-15,1596600,EVF,1636934400,15.45,16.14
16.05,15.88,2021-11-16,892300,EVF,1637020800,15.71,16.05
15.88,15.71,2021-11-17,520700,EVF,1637107200,15.62,15.88
15.62,16.66,2021-11-18,2272400,EVF,1637193600,15.53,17.01
16.31,16.66,2021-11-19,1330100,EVF,1637280000,16.14,17.36
16.92,16.4,2021-11-22,923300,EVF,1637539200,16.14,17.18
16.4,15.88,2021-11-23,1324600,EVF,1637625600,14.14,16.4
15.88,15.97,2021-11-24,1076100,EVF,1637712000,15.62,16.4
15.97,15.88,2021-11-25,764900,EVF,1637798400,15.71,16.05
15.88,15.62,2021-11-26,870800,EVF,1637884800,15.27,15.88
15.53,15.45,2021-11-29,558200,EVF,1638144000,14.93,15.62
15.53,16.05,2021-11-30,2186900,EVF,1638230400,15.53,16.83
16.05,16.14,2021-12-01,754300,EVF,1638316800,15.79,16.23
16.14,16.14,2021-12-02,1024000,EVF,1638403200,15.97,16.23
16.23,15.97,2021-12-03,1816100,EVF,1638489600,15.97,16.57
16.57,15.62,2021-12-06,956900,EVF,1638748800,15.36,16.57
15.71,16.14,2021-12-07,1370000,EVF,1638835200,15.36,16.14
16.31,17.96,2021-12-08,6710400,EVF,1638921600,16.14,17.96
17.79,17.61,2021-12-09,2638800,EVF,1639008000,17.36,18.22
17.61,17.44,2021-12-10,1043100,EVF,1639094400,17.09,17.61
17.27,17.61,2021-12-13,2245200,EVF,1639353600,17.01,17.79
17.53,17.01,2021-12-14,1210100,EVF,1639440000,17.01,17.79
17.09,16.83,2021-12-15,1161400,EVF,1639526400,16.66,17.18
16.92,16.75,2021-12-16,1789700,EVF,1639612800,16.14,16.92
16.57,16.75,2021-12-17,1386400,EVF,1639699200,16.49,17.53
16.49,16.4,2021-12-20,1531300,EVF,1639958400,16.23,16.92
16.4,16.05,2021-12-21,1781400,EVF,1640044800,15.88,16.49
16.23,16.66,2021-12-22,1724500,EVF,1640131200,16.14,17.09
16.75,16.23,2021-12-23,1503000,EVF,1640217600,15.97,16.92
16.23,16.23,2021-12-24,647400,EVF,1640304000,16.05,16.57
16.23,16.05,2021-12-27,777900,EVF,1640563200,15.97,16.4
16.14,16.4,2021-12-28,1469800,EVF,1640649600,16.05,16.57
16.49,16.66,2021-12-29,1748500,EVF,1640736000,16.49,16.92
18.22,16.53,2022-01-12,3210500,EVF,1641945600,16.14,18.22
16.66,15.71,2022-01-13,1054900,EVF,1642032000,15.4,16.83
14.66,15.01,2022-01-14,760400,EVF,1642118400,14.66,15.62
15.01,13.97,2022-01-17,2348200,EVF,1642377600,13.97,15.01
13.19,14.06,2022-01-18,1511500,EVF,1642464000,13.02,14.06
14.01,15.01,2022-01-19,857500,EVF,1642550400,13.71,15.01
13.97,14.62,2022-01-20,1116300,EVF,1642636800,13.97,15.14
14.32,14.45,2022-01-21,1288500,EVF,1642723200,14.1,14.66
14.45,13.54,2022-01-24,1446500,EVF,1642982400,13.45,14.45
13.8,13.75,2022-01-25,630300,EVF,1643068800,13.1,13.8
14.14,13.36,2022-01-26,448200,EVF,1643155200,13.36,14.14
13.19,13.45,2022-01-27,1137400,EVF,1643241600,13.19,14.23
13.54,13.58,2022-01-28,491000,EVF,1643328000,13.19,13.62
13.93,14.32,2022-02-07,700200,EVF,1644192000,13.8,14.49
14.75,14.36,2022-02-08,426800,EVF,1644278400,14.23,14.75
14.23,14.32,2022-02-09,673100,EVF,1644364800,13.97,14.45
14.32,13.97,2022-02-10,1456200,EVF,1644451200,13.88,14.58
13.97,13.97,2022-02-11,476400,EVF,1644537600,13.84,14.14
13.97,14.23,2022-02-14,1464200,EVF,1644796800,13.75,14.49
13.88,14.14,2022-02-15,1136700,EVF,1644883200,13.88,14.23
14.14,14.27,2022-02-16,1700600,EVF,1644969600,13.97,14.45
14.32,14.14,2022-02-17,658300,EVF,1645056000,13.97,14.32
14.14,14.45,2022-02-18,998900,EVF,1645142400,14.1,14.49
14.45,14.58,2022-02-21,635100,EVF,1645401600,14.45,14.58
14.75,15.27,2022-02-22,1940700,EVF,1645488000,14.58,15.27
15.27,15.27,2022-02-23,738900,EVF,1645574400,15.19,15.53
15.05,15.01,2022-02-24,1777200,EVF,1645660800,14.32,15.36
14.93,15.36,2022-02-25,1958400,EVF,1645747200,14.93,15.36
15.36,15.45,2022-02-28,2240100,EVF,1646006400,15.19,15.62
15.45,15.23,2022-03-01,700000,EVF,1646092800,15.19,15.45
15.05,14.84,2022-03-02,1064600,EVF,1646179200,14.79,15.19
15.02,15.48,2022-03-03,706800,EVF,1646265600,15.02,15.57
15.99,15.62,2022-03-04,734000,EVF,1646352000,15.62,15.99
15.66,15.53,2022-03-07,643600,EVF,1646611200,15.25,15.8
15.25,15.43,2022-03-08,515900,EVF,1646697600,15.25,15.62
15.8,16.5,2022-03-09,2898400,EVF,1646784000,15.71,16.5
17.1,16.68,2022-03-10,2059400,EVF,1646870400,16.64,17.47
16.68,16.45,2022-03-11,692200,EVF,1646956800,16.36,16.68
16.08,15.62,2022-03-14,1284100,EVF,1647216000,15.53,16.36
15.34,15.53,2022-03-15,648900,EVF,1647302400,15.34,15.71
15.71,15.94,2022-03-16,467200,EVF,1647388800,15.62,15.99
16.17,15.76,2022-03-17,442700,EVF,1647475200,15.71,16.17
15.76,15.8,2022-03-18,423600,EVF,1647561600,15.71,16.17
15.76,15.76,2022-03-21,542000,EVF,1647820800,15.76,15.99
15.76,15.71,2022-03-22,827800,EVF,1647907200,15.57,15.85
15.71,15.85,2022-03-23,700800,EVF,1647993600,15.71,16.04
15.76,15.9,2022-03-24,624900,EVF,1648080000,15.66,15.9
15.99,16.27,2022-03-25,1095200,EVF,1648166400,15.99,16.59
15.8,16.17,2022-03-28,690600,EVF,1648425600,15.8,16.27
16.17,15.76,2022-03-29,1745500,EVF,1648512000,15.71,16.36
15.76,15.8,2022-03-30,1391800,EVF,1648598400,15.53,16.13
15.8,15.8,2022-03-31,1236000,EVF,1648684800,15.25,15.9
15.71,15.71,2022-04-01,611700,EVF,1648771200,15.43,15.76
15.71,15.71,2022-04-04,544400,EVF,1649030400,15.62,15.8
15.66,15.53,2022-04-05,489300,EVF,1649116800,15.48,15.66
15.34,15.16,2022-04-06,978000,EVF,1649203200,15.16,15.48
15.16,14.7,2022-04-07,791800,EVF,1649289600,14.7,15.2
14.7,14.23,2022-04-08,791600,EVF,1649376000,14.23,14.79
14.05,13.68,2022-04-12,914900,EVF,1649721600,13.68,14.42
13.68,14.14,2022-04-13,486400,EVF,1649808000,13.68,14.14
14.19,14.23,2022-04-14,308500,EVF,1649894400,14.19,14.6
14.19,14.23,2022-04-15,283800,EVF,1649980800,13.86,14.23
14.23,13.45,2022-04-18,744400,EVF,1650240000,13.26,14.23
13.49,12.52,2022-04-19,539100,EVF,1650326400,12.52,13.77
12.52,11.97,2022-04-20,872400,EVF,1650412800,11.74,12.57
11.6,12.48,2022-04-21,826600,EVF,1650499200,11.32,12.48
12.48,12.52,2022-04-22,367200,EVF,1650585600,12.34,12.85
12.2,11.69,2022-04-25,732700,EVF,1650844800,11.69,12.57
11.32,11.88,2022-04-26,769500,EVF,1650931200,10.91,11.88
11.88,12.06,2022-04-27,346400,EVF,1651017600,11.6,12.06
12.06,11.92,2022-04-28,355100,EVF,1651104000,11.83,12.29
11.83,12.02,2022-04-29,632400,EVF,1651190400,11.74,12.02
12.11,12.02,2022-05-04,329000,EVF,1651622400,11.83,12.34
12.06,12.02,2022-05-05,272800,EVF,1651708800,11.92,12.38
11.92,11.6,2022-05-06,279900,EVF,1651795200,11.6,11.92
11.55,10.81,2022-05-09,466600,EVF,1652054400,10.81,11.6
10.07,10.63,2022-05-10,803900,EVF,1652140800,10.07,10.81
10.91,10.72,2022-05-11,330600,EVF,1652227200,10.54,11
10.72,10.17,2022-05-12,337600,EVF,1652313600,10.17,10.81
10.17,9.47,2022-05-13,879800,EVF,1652400000,9.47,10.17
9.7,9.61,2022-05-16,282000,EVF,1652659200,9.61,10.12
9.33,10.26,2022-05-17,400300,EVF,1652745600,9.33,10.26
10.4,10.54,2022-05-18,221600,EVF,1652832000,10.35,10.63
10.17,10.58,2022-05-19,197800,EVF,1652918400,10.07,10.63
10.35,10.54,2022-05-20,247600,EVF,1653004800,10.35,10.86
10.54,10.17,2022-05-23,191800,EVF,1653264000,10.17,10.63
10.17,10.54,2022-05-24,190800,EVF,1653350400,10.03,10.54
10.54,10.49,2022-05-25,222500,EVF,1653436800,10.35,10.72
10.72,10.86,2022-05-26,912200,EVF,1653523200,10.49,11.04
10.91,10.91,2022-05-27,176900,EVF,1653609600,10.81,10.95
10.86,11.37,2022-05-30,253400,EVF,1653868800,10.86,11.37
11.28,11,2022-05-31,488300,EVF,1653955200,10.86,11.37
11.04,11.04,2022-06-01,276500,EVF,1654041600,10.77,11.09
10.86,10.86,2022-06-02,236500,EVF,1654128000,10.49,11
11,10.72,2022-06-03,133500,EVF,1654214400,10.26,11
10.68,10.4,2022-06-06,170600,EVF,1654473600,10.4,10.68
10.17,10.4,2022-06-07,407500,EVF,1654560000,10.12,10.4
10.35,10.81,2022-06-08,272200,EVF,1654646400,10.35,10.81
10.91,10.58,2022-06-09,180900,EVF,1654732800,10.54,10.91
10.54,10.54,2022-06-10,135700,EVF,1654819200,10.17,10.63
10.35,9.84,2022-06-13,576400,EVF,1655078400,9.84,10.35
9.61,9.66,2022-06-14,239400,EVF,1655164800,9.52,9.89
9.66,9.33,2022-06-15,498100,EVF,1655251200,9.2,9.84
9.89,9.24,2022-06-16,191700,EVF,1655337600,9.24,9.89
9.15,8.69,2022-06-17,328500,EVF,1655424000,8.65,9.15
8.69,8.6,2022-06-20,203200,EVF,1655683200,8.52,9.24
8.32,8.55,2022-06-21,187500,EVF,1655769600,8.32,8.69
8.57,8.55,2022-06-22,192900,EVF,1655856000,8.32,8.6
8.56,8.87,2022-06-23,124400,EVF,1655942400,8.55,8.87
8.88,9.1,2022-06-24,230600,EVF,1656028800,8.88,9.33
9.1,9.24,2022-06-27,116500,EVF,1656288000,9.1,9.43
9.29,9.43,2022-06-28,303500,EVF,1656374400,9.15,9.56
9.23,9.24,2022-06-29,125600,EVF,1656460800,9.23,9.43
9.24,9.24,2022-06-30,109300,EVF,1656547200,9.15,9.24
9.16,9.15,2022-07-01,78600,EVF,1656633600,8.96,9.22
9.24,9.33,2022-07-04,101200,EVF,1656892800,9.2,9.38
9.33,9.18,2022-07-05,63100,EVF,1656979200,9.15,9.33
8.88,8.85,2022-07-06,104500,EVF,1657065600,8.85,9.17
8.78,8.95,2022-07-07,95700,EVF,1657152000,8.78,8.96
8.85,8.96,2022-07-08,65300,EVF,1657238400,8.85,9.06
8.92,8.95,2022-07-11,109100,EVF,1657497600,8.92,9.06
8.95,9,2022-07-12,128300,EVF,1657584000,8.92,9
9.15,9.09,2022-07-13,282000,EVF,1657670400,8.87,9.21
9.06,9.33,2022-07-14,254900,EVF,1657756800,9.06,9.33
9.43,9.7,2022-07-15,361600,EVF,1657843200,9.38,9.8
9.7,9.7,2022-07-18,173100,EVF,1658102400,9.66,9.98
9.7,9.7,2022-07-19,167600,EVF,1658188800,9.43,9.8
9.8,9.94,2022-07-20,288600,EVF,1658275200,9.61,10.03
10.03,9.98,2022-07-21,326900,EVF,1658361600,9.7,10.17
9.94,9.98,2022-07-22,230400,EVF,1658448000,9.89,10.12
9.89,9.84,2022-07-25,160800,EVF,1658707200,9.8,10.07
9.84,9.84,2022-07-26,304100,EVF,1658793600,9.7,9.94
9.89,9.7,2022-07-27,212100,EVF,1658880000,9.56,9.89
9.8,9.98,2022-07-28,215400,EVF,1658966400,9.7,10.03
9.98,9.89,2022-07-29,85900,EVF,1659052800,9.84,9.98
9.8,9.94,2022-08-01,259600,EVF,1659312000,9.7,9.98
9.89,10.07,2022-08-02,310000,EVF,1659398400,9.89,10.44
10.07,10.35,2022-08-03,330500,EVF,1659484800,10.07,10.58
10.54,10.21,2022-08-04,215500,EVF,1659571200,10.17,10.54
10.21,10.26,2022-08-05,226600,EVF,1659657600,10.12,10.26
10.26,10.35,2022-08-08,271700,EVF,1659916800,10.17,10.4
10.35,10.4,2022-08-09,166400,EVF,1660003200,10.3,10.44
10.4,10.35,2022-08-10,187900,EVF,1660089600,10.3,10.44
10.4,10.12,2022-08-11,237600,EVF,1660176000,9.98,10.44
10.07,10.12,2022-08-12,287900,EVF,1660262400,9.98,10.21
10.17,10.4,2022-08-15,238300,EVF,1660521600,10.17,10.4
10.44,10.4,2022-08-16,170200,EVF,1660608000,10.3,10.44
10.4,10.4,2022-08-17,318100,EVF,1660694400,10.3,10.44
10.35,10.26,2022-08-18,200600,EVF,1660780800,10.17,10.4
10.26,10.26,2022-08-19,285000,EVF,1660867200,10.17,10.35
10.45,10.2,2022-08-22,339100,EVF,1661126400,10.2,10.55
10.1,10.25,2022-08-23,128400,EVF,1661212800,10.1,10.25
10.25,10.25,2022-08-24,113700,EVF,1661299200,10.1,10.35
10.25,10.2,2022-08-25,422900,EVF,1661385600,10.1,10.25
10.15,10.3,2022-08-26,224900,EVF,1661472000,10.1,10.85
10,10,2022-08-29,471600,EVF,1661731200,9.84,10.05
10,9.98,2022-08-30,162700,EVF,1661817600,9.98,10.2
9.7,9.9,2022-08-31,230400,EVF,1661904000,9.7,9.96
10.1,10,2022-09-05,202200,EVF,1662336000,9.93,10.1
10,9.95,2022-09-06,96400,EVF,1662422400,9.95,10.05
9.91,9.79,2022-09-07,131400,EVF,1662508800,9.79,9.95
9.79,9.5,2022-09-08,171300,EVF,1662595200,9.5,9.79
9.4,9.38,2022-09-09,202100,EVF,1662681600,9.2,9.5
9.6,10,2022-09-12,503100,EVF,1662940800,9.6,10
10.05,10.7,2022-09-13,1076500,EVF,1663027200,10.05,10.7
10.6,10.8,2022-09-14,628500,EVF,1663113600,10.35,10.8
10.8,10.8,2022-09-15,491500,EVF,1663200000,10.6,11.15
10.9,10.45,2022-09-16,415500,EVF,1663286400,10.45,10.9
10.5,10.35,2022-09-19,394300,EVF,1663545600,10.05,10.5
10.15,10.95,2022-09-20,492100,EVF,1663632000,10.15,10.95
10.7,10.55,2022-09-21,293600,EVF,1663718400,10.55,10.9
10.5,10.4,2022-09-22,314300,EVF,1663804800,10.2,10.55
10.4,10.5,2022-09-23,217800,EVF,1663891200,10.3,10.75
10.4,9.88,2022-09-26,605800,EVF,1664150400,9.77,10.4
9.8,10,2022-09-27,312400,EVF,1664236800,9.8,10
9.99,9.8,2022-09-28,251900,EVF,1664323200,9.64,9.99
9.9,9.85,2022-09-29,326700,EVF,1664409600,9.65,9.9
9.83,9.76,2022-09-30,205500,EVF,1664496000,9.6,9.94
9.7,9.55,2022-10-03,333100,EVF,1664755200,9.44,9.88
9.49,9.55,2022-10-04,199600,EVF,1664841600,9.35,9.96
9.7,9.72,2022-10-05,525700,EVF,1664928000,9.4,10.2
9.8,9.5,2022-10-06,156000,EVF,1665014400,9.5,9.8
9.31,8.85,2022-10-07,584000,EVF,1665100800,8.84,9.39
8.9,8.85,2022-10-10,221400,EVF,1665360000,8.3,8.9
8.7,8.24,2022-10-11,558400,EVF,1665446400,8.24,8.8
8.24,8.25,2022-10-12,273800,EVF,1665532800,7.9,8.39
8.25,8.22,2022-10-13,142700,EVF,1665619200,8.2,8.53
8.25,8.5,2022-10-14,286400,EVF,1665705600,8.25,8.67
8.48,8.45,2022-10-17,86900.0,EVF,1665964800.0,8.2,8.48
8.58,8.6,2022-10-18,218900.0,EVF,1666051200.0,8.45,8.7
8.65,8.42,2022-10-19,71800.0,EVF,1666137600.0,8.4,8.65
8.35,8.33,2022-10-20,95700.0,EVF,1666224000.0,8.31,8.47
8.3,8.0,2022-10-21,243700.0,EVF,1666310400.0,8.0,8.6
8.0,7.98,2022-10-24,1000000.0,EVF,1666569600.0,7.44,8.1
7.98,7.51,2022-10-25,155000.0,EVF,1666656000.0,7.43,8.0
7.9,7.9,2022-10-26,441100.0,EVF,1666742400.0,7.55,8.02
8.0,8.07,2022-10-27,237600.0,EVF,1666828800.0,7.99,8.19
8.07,8.05,2022-10-28,91200.0,EVF,1666915200.0,8.0,8.2
8.0,8.01,2022-10-31,93100.0,EVF,1667174400.0,7.8,8.05
7.95,7.91,2022-11-01,88300.0,EVF,1667260800.0,7.84,8.03
7.91,7.8,2022-11-02,92200.0,EVF,1667347200.0,7.79,7.91
7.9,7.62,2022-11-03,128600.0,EVF,1667433600.0,7.62,7.9
