symbol,close,timestamp,low,open,high,volume,date
LKW,3.95,1375660800,3.95,3.95,3.95,800,2013-08-05
LKW,3.67,1378425600,3.67,3.67,3.67,200,2013-09-06
LKW,4.01,1387843200,4.01,4.01,4.01,10000,2013-12-24
LKW,4.57,1393286400,4.57,4.57,4.57,2900,2014-02-25
LKW,5.03,1394064000,5.03,5.03,5.03,100,2014-03-06
LKW,5.48,1395187200,5.48,5.48,5.48,100,2014-03-19
LKW,5.76,1395273600,5.76,5.76,5.76,100,2014-03-20
LKW,6.27,1396224000,6.27,6.27,6.27,100,2014-03-31
LKW,5.76,1396310400,5.76,5.76,5.76,100,2014-04-01
LKW,5.2,1399939200,5.2,5.2,5.2,100,2014-05-13
LKW,5.65,1400112000,5.65,5.65,5.65,1000,2014-05-15
LKW,5.59,1402444800,5.59,5.59,5.59,100,2014-06-11
LKW,6.1,1402531200,6.1,6.1,6.1,100,2014-06-12
LKW,6.61,1402963200,6.61,6.61,6.61,100,2014-06-17
LKW,5.99,1403568000,5.99,5.99,5.99,300,2014-06-24
LKW,5.76,1406073600,5.76,5.76,5.76,900,2014-07-23
LKW,5.76,1406592000,5.76,5.76,5.76,100,2014-07-29
LKW,6.33,1408060800,6.33,6.33,6.33,100,2014-08-15
LKW,6.95,1408320000,6.95,6.95,6.95,100,2014-08-18
LKW,7.51,1408406400,7.51,7.51,7.51,100,2014-08-19
LKW,6.78,1408492800,6.78,6.78,6.78,100,2014-08-20
LKW,6.1,1408924800,6.1,6.1,6.1,1000,2014-08-25
LKW,5.14,1412640000,5.14,5.14,5.14,1900,2014-10-07
LKW,5.65,1415750400,5.65,5.65,5.65,100,2014-11-12
LKW,5.37,1415836800,5.37,5.65,5.65,6000,2014-11-13
LKW,5.08,1416873600,5.08,5.65,5.76,2400,2014-11-25
LKW,5.25,1417478400,5.14,5.14,6.04,400,2014-12-02
LKW,5.25,1417564800,5.2,5.42,5.42,12300,2014-12-03
LKW,5.53,1417651200,5.53,5.53,5.53,400,2014-12-04
LKW,5.53,1418256000,5.53,5.65,5.65,4800,2014-12-11
LKW,5.65,1418774400,5.65,5.65,5.65,2000,2014-12-17
LKW,5.65,1418860800,5.65,5.65,5.65,500,2014-12-18
LKW,5.65,1419206400,5.65,5.65,5.65,700,2014-12-22
LKW,5.65,1421020800,5.42,5.42,5.65,5200,2015-01-12
LKW,5.65,1421107200,5.65,5.65,5.65,2000,2015-01-13
LKW,5.65,1421193600,5.65,5.65,5.65,8200,2015-01-14
LKW,5.65,1421280000,5.65,5.7,5.7,1800,2015-01-15
LKW,5.65,1421366400,5.65,5.82,5.82,3900,2015-01-16
LKW,5.65,1421884800,5.65,5.65,5.65,4900,2015-01-22
LKW,5.08,1422316800,5.08,5.08,5.08,100,2015-01-27
LKW,4.63,1426550400,4.63,4.63,4.63,100,2015-03-17
LKW,6.44,1429747200,6.44,6.44,6.44,100,2015-04-23
LKW,6.21,1430092800,6.21,6.21,6.21,2000,2015-04-27
LKW,6.21,1430697600,6.21,6.21,6.21,100,2015-05-04
LKW,6.27,1431561600,6.27,6.27,6.27,3100,2015-05-14
LKW,6.89,1431648000,6.89,6.89,6.89,100,2015-05-15
LKW,7.07,1431993600,7.07,7.07,7.07,1200,2015-05-19
LKW,7.26,1432166400,6.46,6.46,7.26,1100,2015-05-21
LKW,6.83,1432857600,6.83,6.83,6.83,100,2015-05-29
LKW,6.89,1433116800,6.89,7.07,7.07,1000,2015-06-01
LKW,7.38,1433203200,7.07,7.07,7.38,16000,2015-06-02
LKW,8.06,1433462400,8.06,8.06,8.06,100,2015-06-05
LKW,7.32,1433894400,7.32,7.32,7.32,100,2015-06-10
LKW,7.57,1434326400,7.5,7.5,7.57,600,2015-06-15
LKW,7.69,1434585600,7.69,7.69,7.69,1500,2015-06-18
LKW,7.75,1435017600,7.75,7.75,7.75,1000,2015-06-23
LKW,7.75,1435190400,7.75,7.75,7.75,200,2015-06-25
LKW,8.43,1435622400,8.43,8.43,8.43,200,2015-06-30
LKW,8,1435795200,8,8,8,900,2015-07-02
LKW,7.87,1437609600,7.87,7.87,7.87,1000,2015-07-23
LKW,7.87,1438128000,7.87,7.87,7.87,1000,2015-07-29
LKW,7.87,1438732800,7.87,7.87,7.87,4000,2015-08-05
LKW,8.98,1439424000,8.98,8.98,8.98,200,2015-08-13
LKW,10.21,1439942400,10.21,10.21,10.21,100,2015-08-19
LKW,11.63,1440028800,8.73,11.63,11.63,700,2015-08-20
LKW,10.34,1440115200,10.34,10.34,10.34,100,2015-08-21
LKW,11.01,1440374400,11.01,11.01,11.01,100,2015-08-24
LKW,12.55,1440979200,9.41,9.41,12.55,200,2015-08-31
LKW,9.41,1441065600,9.41,9.41,9.41,100,2015-09-01
LKW,10.7,1441324800,10.7,10.7,10.7,100,2015-09-04
LKW,9.1,1441584000,9.1,9.1,9.1,100,2015-09-07
LKW,10.4,1441843200,10.4,10.4,10.4,100,2015-09-10
LKW,8.86,1441929600,8.86,8.86,8.86,100,2015-09-11
LKW,10.09,1442188800,10.09,10.09,10.09,100,2015-09-14
LKW,11.5,1442275200,8.61,11.5,11.5,300,2015-09-15
LKW,8.98,1442361600,8.98,8.98,8.98,100,2015-09-16
LKW,10.21,1442448000,10.21,10.21,10.21,100,2015-09-17
LKW,8.73,1442534400,8.73,8.73,8.73,100,2015-09-18
LKW,9.96,1443139200,9.96,9.96,9.96,100,2015-09-25
LKW,8.49,1443398400,8.49,8.49,8.49,100,2015-09-28
LKW,9.66,1443484800,9.66,9.66,9.66,100,2015-09-29
LKW,8.24,1443571200,8.24,8.24,8.24,100,2015-09-30
LKW,9.41,1443657600,9.41,9.41,9.41,100,2015-10-01
LKW,10.7,1444089600,10.7,10.7,10.7,100,2015-10-06
LKW,9.1,1444348800,9.1,9.1,9.1,100,2015-10-09
LKW,10.4,1444867200,7.75,7.75,10.4,300,2015-10-15
LKW,8.12,1444953600,8.12,8.12,8.12,2600,2015-10-16
LKW,9.23,1445299200,9.23,9.23,9.23,100,2015-10-20
LKW,7.87,1446076800,7.87,10.58,10.58,300,2015-10-29
LKW,7.57,1446422400,7.57,10.09,10.09,1100,2015-11-02
LKW,8.92,1446508800,8.92,8.92,8.92,100,2015-11-03
LKW,8.92,1447632000,8.92,10.21,10.21,200,2015-11-16
LKW,8.43,1447718400,8.43,9.17,9.78,800,2015-11-17
LKW,10.21,1448323200,10.21,10.21,10.21,100,2015-11-24
LKW,8.73,1448841600,8.73,8.73,8.73,500,2015-11-30
LKW,8.73,1448928000,8.73,8.73,8.73,100,2015-12-01
LKW,7.44,1449532800,7.44,7.44,7.44,6000,2015-12-08
LKW,6.77,1449619200,6.52,6.52,6.77,200,2015-12-09
LKW,6.95,1449792000,6.95,6.95,6.95,100,2015-12-11
LKW,6.03,1450051200,6.03,6.03,6.03,100,2015-12-14
LKW,6.89,1450742400,6.89,6.89,6.89,300,2015-12-22
LKW,7.81,1450828800,5.97,5.97,7.81,600,2015-12-23
LKW,6.46,1450915200,6.46,6.46,6.46,100,2015-12-24
LKW,7.38,1451001600,7.38,7.38,7.38,900,2015-12-25
LKW,8.37,1451260800,6.34,6.34,8.37,600,2015-12-28
LKW,6.95,1451347200,6.95,6.95,6.95,100,2015-12-29
LKW,6.95,1451433600,6.95,6.95,6.95,1500,2015-12-30
LKW,6.03,1451520000,6.03,6.03,6.03,100,2015-12-31
LKW,6.89,1451952000,6.89,6.89,6.89,100,2016-01-05
LKW,5.97,1452038400,5.97,5.97,5.97,100,2016-01-06
LKW,6.83,1453075200,6.83,6.83,6.83,1400,2016-01-18
LKW,7.81,1453161600,6.83,6.83,7.81,5300,2016-01-19
LKW,7.93,1453248000,6.4,6.4,7.93,200,2016-01-20
LKW,7.07,1453334400,6.21,6.21,7.2,4300,2016-01-21
LKW,7.2,1453420800,7.2,8,8,300,2016-01-22
LKW,7.07,1454025600,6.4,6.4,8,600,2016-01-29
LKW,6.4,1454284800,6.4,6.4,6.4,100,2016-02-01
LKW,7.32,1454371200,7.32,7.32,7.32,700,2016-02-02
LKW,7.07,1455580800,6.34,6.34,8,1900,2016-02-16
LKW,8.18,1455667200,6.71,6.71,8.18,2400,2016-02-17
LKW,9.1,1455753600,6.89,6.89,9.1,300,2016-02-18
LKW,8.73,1455840000,7.2,7.2,8.73,400,2016-02-19
LKW,7.2,1456099200,7.2,7.2,7.2,100,2016-02-22
LKW,8.06,1456185600,8.06,8.12,8.12,2800,2016-02-23
LKW,7.57,1456272000,7.01,7.01,7.57,1100,2016-02-24
LKW,7.81,1456358400,6.95,6.95,7.81,900,2016-02-25
LKW,8.73,1456704000,8.73,8.73,8.73,100,2016-02-29
LKW,9.96,1456876800,9.96,9.96,9.96,100,2016-03-02
LKW,8.49,1456963200,8.49,11.38,11.38,400,2016-03-03
LKW,8.49,1457308800,8.49,8.49,8.49,100,2016-03-07
LKW,9.1,1457395200,9.1,9.6,9.6,6200,2016-03-08
LKW,7.81,1457481600,7.81,10.4,10.4,200,2016-03-09
LKW,7.75,1457568000,7.75,10.4,10.4,4800,2016-03-10
LKW,8.18,1457654400,8,8.98,8.98,1800,2016-03-11
LKW,7.69,1458000000,6.95,6.95,8,2600,2016-03-15
LKW,6.89,1458086400,6.77,6.77,8,1600,2016-03-16
LKW,6.71,1458172800,6.71,6.71,6.71,100,2016-03-17
LKW,7.69,1458259200,6.21,6.21,7.69,2000,2016-03-18
LKW,7.93,1458518400,6.58,6.58,7.93,300,2016-03-21
LKW,8.49,1458604800,6.46,7.75,8.49,4000,2016-03-22
LKW,8,1458691200,7.44,7.44,8.24,1300,2016-03-23
LKW,8,1458777600,7.14,7.14,8,200,2016-03-24
LKW,7.69,1458864000,6.52,6.52,7.69,200,2016-03-25
LKW,8.18,1459123200,6.15,6.15,8.18,6000,2016-03-28
LKW,8.3,1459209600,7.44,7.44,8.3,600,2016-03-29
LKW,8.61,1459728000,7.07,8.61,8.61,500,2016-04-04
LKW,6.64,1459814400,6.64,6.64,6.64,200,2016-04-05
LKW,7.63,1460419200,7.63,7.63,7.63,100,2016-04-12
LKW,6.58,1460505600,6.58,6.58,6.58,100,2016-04-13
LKW,7.57,1460592000,7.57,7.57,7.57,100,2016-04-14
LKW,8.61,1460678400,8.61,8.61,8.61,500,2016-04-15
LKW,7.38,1461024000,7.38,7.38,8.61,300,2016-04-19
LKW,6.71,1461110400,6.71,6.71,6.71,100,2016-04-20
LKW,7.69,1461801600,7.69,7.69,7.69,1200,2016-04-28
LKW,8.8,1462320000,8.8,8.8,8.8,700,2016-05-04
LKW,7.57,1462406400,7.57,7.57,7.57,100,2016-05-05
LKW,6.52,1462492800,6.52,8.67,8.67,800,2016-05-06
LKW,6.83,1462838400,6.83,6.83,6.83,100,2016-05-10
LKW,7.79,1464739200,7.79,7.79,7.79,20000,2016-06-01
LKW,8.9,1464825600,8.28,8.28,8.9,3100,2016-06-02
LKW,10.21,1464912000,7.66,7.66,10.21,1300,2016-06-03
LKW,8.76,1465171200,8.76,8.76,8.76,100,2016-06-06
LKW,10.07,1465257600,10.07,10.07,10.07,2300,2016-06-07
LKW,11.52,1465344000,11.52,11.52,11.52,100,2016-06-08
LKW,10.83,1465516800,9.79,9.79,11.52,800,2016-06-10
LKW,10.9,1465776000,9.38,9.38,10.9,400,2016-06-13
LKW,11.04,1465862400,11.04,11.04,11.04,100,2016-06-14
LKW,11.31,1465948800,11.31,11.31,11.31,200,2016-06-15
LKW,10.07,1466035200,9.66,9.66,10.07,1500,2016-06-16
LKW,8.69,1466121600,8.69,8.69,8.69,100,2016-06-17
LKW,8.35,1466380800,8.35,9.93,9.93,200,2016-06-20
LKW,8.07,1466467200,8.07,8.07,8.07,100,2016-06-21
LKW,9.24,1466726400,9.24,9.24,9.24,300,2016-06-24
LKW,8.35,1466985600,7.93,7.93,10.62,4700,2016-06-27
LKW,8,1467158400,8,8,8,100,2016-06-29
LKW,9.17,1468454400,9.17,9.17,9.17,100,2016-07-14
LKW,9.31,1468540800,9.31,9.31,9.31,100,2016-07-15
LKW,12.97,1473638400,10.35,10.35,12.97,700,2016-09-12
LKW,12.14,1473724800,12.14,12.14,12.14,100,2016-09-13
LKW,13.72,1473811200,13.72,13.72,13.72,100,2016-09-14
LKW,11.72,1474502400,11.72,11.72,11.72,100,2016-09-22
LKW,13.38,1474588800,13.38,13.38,13.38,100,2016-09-23
LKW,11.38,1475798400,11.38,11.38,11.38,400,2016-10-07
LKW,12.97,1476057600,12.97,12.97,12.97,100,2016-10-10
LKW,11.04,1476144000,11.04,11.04,11.04,100,2016-10-11
LKW,12.62,1476316800,12.62,12.62,12.62,100,2016-10-13
LKW,13.72,1476403200,13.72,13.72,13.72,100,2016-10-14
LKW,11.72,1476662400,11.72,11.72,11.72,1500,2016-10-17
LKW,11.72,1476748800,11.72,13.38,13.38,200,2016-10-18
LKW,14.35,1476835200,14.35,14.35,14.35,100,2016-10-19
LKW,12.21,1477958400,12.21,12.21,12.21,100,2016-11-01
LKW,13.93,1478044800,10.41,10.41,13.93,300,2016-11-02
LKW,14.55,1478217600,14.55,14.55,14.55,100,2016-11-04
LKW,12.41,1478822400,12.41,12.41,12.41,100,2016-11-11
LKW,10.55,1479081600,10.55,13.72,13.72,1200,2016-11-14
LKW,9.24,1479168000,9.24,9.31,9.31,1700,2016-11-15
LKW,8.97,1479254400,8.97,8.97,9.38,4000,2016-11-16
LKW,8.35,1480291200,8.35,8.35,8.35,100,2016-11-28
LKW,9.52,1480377600,9.52,9.52,9.52,100,2016-11-29
LKW,8.97,1480464000,8.97,9.1,9.17,5100,2016-11-30
LKW,9.24,1480550400,9.24,9.31,9.31,1100,2016-12-01
LKW,8.97,1480636800,8.97,9.38,9.38,10000,2016-12-02
LKW,10.55,1480982400,10.55,10.55,10.55,100,2016-12-06
LKW,11.66,1481068800,9.04,11.66,11.66,10200,2016-12-07
LKW,9.31,1482105600,9.31,9.31,9.31,100,2016-12-19
LKW,8.35,1482451200,8.35,8.35,8.35,100,2016-12-23
LKW,9.59,1482796800,9.59,9.59,9.59,100,2016-12-27
LKW,9.17,1482883200,9.17,9.17,9.17,100,2016-12-28
LKW,9.04,1483488000,9.04,9.04,9.04,100,2017-01-04
LKW,9.52,1483660800,9.52,9.52,9.52,100,2017-01-06
LKW,9.04,1484697600,9.04,9.04,9.04,100,2017-01-18
LKW,9.79,1485216000,9.79,9.79,9.79,100,2017-01-24
LKW,9.79,1485302400,9.79,9.86,9.86,200,2017-01-25
LKW,10.35,1486425600,10.35,10.35,10.35,100,2017-02-07
LKW,10.69,1486512000,10.69,10.69,10.69,100,2017-02-08
LKW,10.07,1486598400,10.07,10.76,10.76,600,2017-02-09
LKW,9.52,1486684800,9.52,10.07,10.07,200,2017-02-10
LKW,9.04,1487116800,9.04,9.04,9.04,100,2017-02-15
LKW,10.35,1488844800,10.35,10.35,10.35,100,2017-03-07
LKW,9.72,1488931200,9.72,10.07,10.07,200,2017-03-08
LKW,8.55,1490832000,8.55,8.55,8.55,100,2017-03-30
LKW,9.79,1491177600,9.79,9.79,9.79,4000,2017-04-03
LKW,10.69,1493164800,10.69,10.69,10.69,1900,2017-04-26
LKW,12.28,1493251200,12.28,12.28,12.28,100,2017-04-27
LKW,13.79,1493337600,13.79,13.79,13.79,100,2017-04-28
LKW,15.79,1493769600,15.79,15.79,15.79,100,2017-05-03
LKW,13.45,1495670400,13.45,13.45,13.45,9000,2017-05-25
LKW,15.36,1496880000,15.36,15.36,15.36,100,2017-06-08
LKW,13.08,1496966400,13.08,13.08,13.08,1500,2017-06-09
LKW,13.08,1497225600,13.08,13.08,13.08,100,2017-06-12
LKW,14.92,1497484800,14.92,14.92,14.92,100,2017-06-15
LKW,12.71,1497571200,12.71,12.71,12.71,100,2017-06-16
LKW,14.48,1497916800,14.48,14.48,14.48,100,2017-06-20
LKW,12.35,1498003200,12.35,12.35,12.35,100,2017-06-21
LKW,12.13,1498694400,12.13,14.11,14.11,1700,2017-06-29
LKW,14.04,1498780800,14.04,14.04,14.04,100,2017-06-30
LKW,11.98,1499126400,11.98,16.02,16.02,2200,2017-07-04
LKW,10.8,1499299200,10.8,10.8,10.8,3000,2017-07-06
LKW,9.99,1499385600,9.99,9.99,9.99,100,2017-07-07
LKW,11.46,1499731200,11.46,11.46,11.46,100,2017-07-11
LKW,10.88,1499817600,9.85,9.85,11.91,4200,2017-07-12
LKW,12.86,1499904000,12.86,12.86,12.86,5000,2017-07-13
LKW,11.17,1499990400,11.17,11.17,11.17,100,2017-07-14
LKW,12.79,1500249600,12.79,12.79,12.79,100,2017-07-17
LKW,13.89,1500336000,12.2,12.2,13.89,7000,2017-07-18
LKW,13.6,1500422400,11.46,11.46,13.6,1100,2017-07-19
LKW,13.3,1500508800,11.46,11.46,13.3,2100,2017-07-20
LKW,13.74,1500595200,11.32,11.32,13.74,5100,2017-07-21
LKW,13.08,1500940800,11.76,11.76,13.08,1200,2017-07-25
LKW,12.79,1501113600,11.17,11.17,12.79,2100,2017-07-27
LKW,11.1,1501200000,11.1,11.1,11.1,100,2017-07-28
LKW,12.42,1501459200,12.42,12.42,12.42,2000,2017-07-31
LKW,12.71,1501545600,12.71,12.71,12.71,2000,2017-08-01
LKW,11.02,1501718400,11.02,11.1,11.1,9900,2017-08-03
LKW,12.49,1502064000,12.49,12.49,12.49,100,2017-08-07
LKW,11.24,1502236800,11.1,11.1,11.69,2200,2017-08-09
LKW,11.1,1502409600,11.1,11.1,11.1,100,2017-08-11
LKW,11.17,1502755200,11.17,11.17,11.17,200,2017-08-15
LKW,9.99,1502841600,9.99,9.99,9.99,100,2017-08-16
LKW,9.63,1502928000,9.63,9.63,9.63,100,2017-08-17
LKW,11.02,1503360000,11.02,11.02,11.02,100,2017-08-22
LKW,9.63,1503446400,9.63,9.63,9.63,100,2017-08-23
LKW,11.02,1504137600,11.02,11.02,11.02,100,2017-08-31
LKW,11.24,1504224000,9.48,9.48,11.24,300,2017-09-01
LKW,10.44,1504569600,10.44,11.61,11.61,200,2017-09-05
LKW,9.7,1504656000,9.7,9.7,9.7,100,2017-09-06
LKW,11.1,1504742400,9.63,9.63,11.1,300,2017-09-07
LKW,9.99,1504828800,9.99,9.99,9.99,100,2017-09-08
LKW,10.44,1505174400,9.63,9.63,11.46,300,2017-09-12
LKW,9.63,1505260800,9.63,9.63,9.63,100,2017-09-13
LKW,10.36,1506384000,10.29,10.36,10.36,1200,2017-09-26
LKW,9.63,1506643200,9.63,9.63,9.63,100,2017-09-29
LKW,9.63,1506902400,9.63,9.63,9.63,1200,2017-10-02
LKW,10.29,1507680000,10.29,10.36,10.36,2700,2017-10-11
LKW,11.54,1508112000,11.54,11.54,11.54,100,2017-10-16
LKW,10.36,1508198400,10.36,10.36,10.36,100,2017-10-17
LKW,11.1,1508371200,11.1,11.1,11.1,1200,2017-10-19
LKW,11.1,1508457600,11.1,11.1,11.1,600,2017-10-20
LKW,11.1,1508803200,11.1,11.1,11.1,100,2017-10-24
LKW,10.58,1508976000,10.58,10.58,10.58,100,2017-10-26
LKW,10.36,1510272000,10.36,10.36,10.36,100,2017-11-10
LKW,11.02,1510704000,11.02,11.24,11.24,300,2017-11-15
LKW,10.07,1510876800,10.07,10.07,10.07,100,2017-11-17
LKW,11.39,1511740800,11.1,11.1,11.54,6400,2017-11-27
LKW,11.39,1511827200,11.39,11.39,11.39,3200,2017-11-28
LKW,11.17,1512086400,11.17,11.17,11.17,2000,2017-12-01
LKW,11.02,1512604800,11.02,11.02,11.02,1200,2017-12-07
LKW,11.02,1513296000,11.02,11.02,11.02,100,2017-12-15
LKW,11.02,1513555200,11.02,11.02,11.02,2628,2017-12-18
LKW,11.02,1513814400,11.02,11.02,11.02,700,2017-12-21
LKW,11.02,1514246400,11.02,11.02,11.02,100,2017-12-26
LKW,11.02,1514937600,11.02,11.02,11.02,3000,2018-01-03
LKW,11.1,1516147200,11.1,11.76,11.76,7000,2018-01-17
LKW,9.99,1516924800,9.99,9.99,9.99,100,2018-01-26
LKW,11.46,1517443200,10.73,10.73,11.46,1100,2018-02-01
LKW,11.39,1517529600,11.39,11.39,11.39,1000,2018-02-02
LKW,11.39,1518048000,11.39,11.39,11.39,1000,2018-02-08
LKW,13.01,1520380800,13.01,13.01,13.01,100,2018-03-07
LKW,14.85,1520467200,11.1,11.1,14.85,200,2018-03-08
LKW,11.24,1520812800,11.24,11.24,11.24,200,2018-03-12
LKW,11.39,1521676800,11.39,12.86,12.86,3100,2018-03-22
LKW,11.46,1522022400,11.46,11.46,11.46,100,2018-03-26
LKW,9.77,1522368000,9.77,9.77,9.77,100,2018-03-30
LKW,11.17,1522886400,11.17,11.17,11.17,100,2018-04-05
LKW,9.92,1524009600,9.92,9.92,9.92,100,2018-04-18
LKW,11.39,1524182400,11.39,11.39,11.39,8900,2018-04-20
LKW,12.49,1526342400,11.02,11.02,12.49,200,2018-05-15
LKW,12.86,1527033600,12.86,12.86,12.86,700,2018-05-23
LKW,12.86,1527120000,12.86,12.86,12.86,500,2018-05-24
LKW,10.95,1527724800,10.95,10.95,10.95,100,2018-05-31
LKW,12.57,1528848000,12.57,12.57,12.57,1500,2018-06-13
LKW,11.24,1528934400,11.24,11.24,11.24,100,2018-06-14
LKW,12.87,1529452800,12.87,12.87,12.87,1410,2018-06-20
LKW,11.16,1529539200,11.16,11.16,11.16,100,2018-06-21
LKW,12.79,1529625600,12.79,12.79,12.79,700,2018-06-22
LKW,11.41,1529884800,11.08,11.08,11.41,1100,2018-06-25
LKW,12.22,1530144000,12.22,12.22,12.22,2000,2018-06-28
LKW,12.22,1530230400,12.22,12.22,12.22,1000,2018-06-29
LKW,11.89,1530489600,11.89,11.89,11.89,1000,2018-07-02
LKW,12.22,1530662400,12.22,12.22,12.22,2600,2018-07-04
LKW,12.3,1530748800,12.3,12.3,12.3,100,2018-07-05
LKW,12.47,1531872000,12.38,12.38,12.47,1400,2018-07-18
LKW,13.36,1532649600,13.36,13.36,13.36,100,2018-07-27
LKW,14.01,1532995200,14.01,14.01,14.01,600,2018-07-31
LKW,15.48,1533254400,15.48,15.48,15.48,100,2018-08-03
LKW,13.85,1533513600,13.28,13.28,13.85,200,2018-08-06
LKW,14.1,1533686400,14.1,14.1,14.1,100,2018-08-08
LKW,14.42,1533859200,14.42,14.42,14.42,500,2018-08-10
LKW,14.42,1534118400,14.42,14.42,14.42,500,2018-08-13
LKW,14.67,1534204800,14.67,14.67,14.67,100,2018-08-14
LKW,15.48,1534464000,15.48,15.48,15.48,7600,2018-08-17
LKW,17.68,1534896000,17.68,17.68,17.68,100,2018-08-22
LKW,20.21,1534982400,15.15,15.15,20.21,400,2018-08-23
LKW,21.67,1535068800,16.21,16.21,21.67,400,2018-08-24
LKW,21.51,1535414400,21.51,21.51,21.51,100,2018-08-28
LKW,18.33,1535500800,18.33,18.33,18.33,400,2018-08-29
LKW,20.94,1535587200,15.64,15.72,20.94,10200,2018-08-30
LKW,17.44,1535673600,13.69,13.69,17.44,400,2018-08-31
LKW,15.07,1536019200,14.18,14.18,15.07,300,2018-09-04
LKW,15.07,1536192000,15.07,16.21,16.21,300,2018-09-06
LKW,17.68,1536278400,17.68,17.68,17.68,100,2018-09-07
LKW,17.93,1536537600,15.15,15.15,17.93,500,2018-09-10
LKW,15.24,1536624000,15.24,15.24,15.24,100,2018-09-11
LKW,16.21,1536710400,16.21,16.21,16.21,100,2018-09-12
LKW,18.5,1536796800,18.5,18.5,18.5,100,2018-09-13
LKW,21.18,1536883200,15.81,15.81,21.18,300,2018-09-14
LKW,21.92,1537228800,16.54,16.54,21.92,400,2018-09-18
LKW,17.6,1537315200,17.6,17.6,17.6,100,2018-09-19
LKW,20.12,1537401600,15.24,15.24,20.12,354,2018-09-20
LKW,15.72,1537488000,15.72,15.72,15.72,400,2018-09-21
LKW,17.93,1537747200,13.69,13.69,17.93,300,2018-09-24
LKW,18.66,1537833600,14.34,14.34,18.66,200,2018-09-25
LKW,14.26,1537920000,14.26,14.26,14.26,100,2018-09-26
LKW,16.3,1538524800,16.3,16.3,16.3,100,2018-10-03
LKW,17.68,1538611200,14.1,14.1,17.68,200,2018-10-04
LKW,17.03,1538697600,14.01,14.01,17.03,200,2018-10-05
LKW,17.76,1538956800,14.01,14.01,17.76,200,2018-10-08
LKW,14.1,1539043200,14.1,14.1,14.1,100,2018-10-09
LKW,15.56,1539216000,15.56,15.56,15.56,100,2018-10-11
LKW,13.61,1539302400,13.61,13.61,13.61,100,2018-10-12
LKW,15.07,1539734400,15.07,15.07,15.07,100,2018-10-17
LKW,13.44,1539820800,13.12,13.12,13.44,200,2018-10-18
LKW,14.99,1540771200,14.99,14.99,14.99,100,2018-10-29
LKW,16.62,1540857600,12.87,12.87,17.11,1400,2018-10-30
LKW,13.85,1540944000,13.85,13.85,13.85,500,2018-10-31
LKW,13.85,1541030400,13.85,13.85,13.85,500,2018-11-01
LKW,14.26,1541376000,14.26,14.26,14.26,600,2018-11-05
LKW,14.26,1541980800,14.26,14.26,14.26,500,2018-11-12
LKW,14.26,1542326400,14.26,14.26,14.26,200,2018-11-16
LKW,14.26,1542585600,14.26,14.26,14.26,2000,2018-11-19
LKW,16.21,1542672000,16.21,16.21,16.21,100,2018-11-20
LKW,18.5,1542758400,14.1,14.1,18.5,200,2018-11-21
LKW,18.41,1542844800,18.41,18.41,18.41,100,2018-11-22
LKW,15.72,1543190400,15.72,15.72,15.72,100,2018-11-26
LKW,13.61,1543276800,13.61,13.61,13.61,100,2018-11-27
LKW,14.42,1543536000,14.42,14.42,14.42,100,2018-11-30
LKW,16.46,1544659200,16.46,16.46,16.46,200,2018-12-13
LKW,17.03,1544745600,14.01,14.01,17.03,300,2018-12-14
LKW,13.93,1545004800,13.69,13.69,13.93,1500,2018-12-17
LKW,15.89,1545091200,15.89,15.89,15.89,100,2018-12-18
LKW,13.53,1545177600,13.53,13.53,13.53,100,2018-12-19
LKW,15.32,1545350400,15.32,15.32,15.32,100,2018-12-21
LKW,14.1,1545609600,13.69,13.69,14.67,300,2018-12-24
LKW,14.1,1545782400,14.1,14.1,14.1,800,2018-12-26
LKW,14.1,1545868800,14.1,14.1,14.1,800,2018-12-27
LKW,14.1,1545955200,14.1,15.4,15.4,2600,2018-12-28
LKW,15.89,1546387200,15.89,15.89,15.89,100,2019-01-02
LKW,16.21,1546473600,13.69,13.69,16.21,400,2019-01-03
LKW,13.69,1546560000,13.69,13.69,13.69,100,2019-01-04
LKW,15.4,1546992000,15.4,15.56,15.56,300,2019-01-09
LKW,13.2,1547078400,13.2,13.2,13.2,100,2019-01-10
LKW,15.07,1547510400,15.07,15.07,15.07,100,2019-01-15
LKW,13.53,1547596800,13.53,13.53,13.53,100,2019-01-16
LKW,15.15,1548028800,15.15,15.15,15.15,100,2019-01-21
LKW,15.48,1548115200,12.96,12.96,15.48,200,2019-01-22
LKW,15.07,1548374400,15.07,15.07,15.07,100,2019-01-25
LKW,12.87,1548633600,12.87,12.87,12.87,100,2019-01-28
LKW,14.01,1548979200,14.01,14.01,14.01,100,2019-02-01
LKW,14.1,1550448000,14.1,14.26,14.26,500,2019-02-18
LKW,15.97,1550534400,15.97,15.97,15.97,100,2019-02-19
LKW,13.85,1550620800,13.85,13.85,13.85,100,2019-02-20
LKW,13.85,1550707200,13.85,13.85,13.85,50,2019-02-21
LKW,15.81,1550793600,15.81,15.81,15.81,100,2019-02-22
LKW,14.1,1551052800,14.1,14.1,14.1,100,2019-02-25
LKW,14.91,1551139200,14.91,14.91,14.91,100,2019-02-26
LKW,15.32,1551225600,14.91,14.91,15.32,300,2019-02-27
LKW,15.07,1552262400,15.07,15.07,15.07,300,2019-03-11
LKW,16.3,1552435200,16.3,16.3,16.3,400,2019-03-13
LKW,18.66,1552521600,18.66,18.66,18.66,100,2019-03-14
LKW,21.35,1552608000,15.89,15.89,21.35,300,2019-03-15
LKW,22.32,1552867200,22.32,22.32,22.32,100,2019-03-18
LKW,18.98,1553644800,18.98,18.98,18.98,100,2019-03-27
LKW,21.67,1553731200,16.3,16.3,21.67,300,2019-03-28
LKW,16.95,1554076800,16.95,16.95,16.95,100,2019-04-01
LKW,18.01,1554163200,18.01,18.01,18.01,300,2019-04-02
LKW,18.25,1554249600,18.25,18.25,18.25,100,2019-04-03
LKW,20.94,1554681600,20.94,20.94,20.94,100,2019-04-08
LKW,17.84,1555977600,17.84,17.84,17.84,500,2019-04-23
LKW,17.68,1556064000,17.68,17.68,17.68,500,2019-04-24
LKW,17.27,1556150400,17.27,17.27,17.27,200,2019-04-25
LKW,19.8,1556236800,19.8,19.8,19.8,100,2019-04-26
LKW,21.1,1557100800,21.1,21.1,21.1,100,2019-05-06
LKW,18.01,1557273600,18.01,18.01,18.01,100,2019-05-08
LKW,20.21,1557446400,20.21,20.7,20.7,400,2019-05-10
LKW,21.51,1557705600,21.51,21.51,21.51,100,2019-05-13
LKW,18.33,1557792000,18.33,24.61,24.61,500,2019-05-14
LKW,20.94,1557878400,20.94,20.94,20.94,100,2019-05-15
LKW,17.84,1558310400,17.84,17.84,17.84,100,2019-05-20
LKW,17.93,1558396800,17.93,19.88,19.88,200,2019-05-21
LKW,17.6,1558656000,17.52,17.52,17.6,500,2019-05-24
LKW,18.09,1559001600,18.09,18.09,18.09,500,2019-05-28
LKW,18.01,1559088000,18.01,18.01,18.01,100,2019-05-29
LKW,18.01,1559520000,15.32,15.32,19.15,700,2019-06-03
LKW,18.01,1559606400,18.01,20.04,20.04,300,2019-06-04
LKW,17.27,1559692800,17.27,17.27,17.27,200,2019-06-05
LKW,19.72,1559779200,19.72,19.72,19.72,104,2019-06-06
LKW,20.76,1559865600,20.76,20.76,20.76,100,2019-06-07
LKW,23.37,1560124800,23.37,23.37,23.37,100,2019-06-10
LKW,19.89,1560211200,19.89,19.89,19.89,300,2019-06-11
LKW,18.41,1560297600,18.41,18.41,18.41,100,2019-06-12
LKW,20.59,1560384000,20.59,20.59,20.59,100,2019-06-13
LKW,18.41,1560470400,18.41,18.41,18.41,100,2019-06-14
LKW,21.11,1560729600,21.11,21.11,21.11,100,2019-06-17
LKW,21.71,1561680000,21.71,21.71,21.71,100,2019-06-28
LKW,18.5,1561939200,18.5,18.5,18.5,100,2019-07-01
LKW,18.5,1562198400,18.5,20.76,20.76,100,2019-07-04
LKW,20.85,1562284800,20.85,21.63,21.63,800,2019-07-05
LKW,23.89,1562803200,23.89,23.89,23.89,100,2019-07-11
LKW,20.32,1563148800,20.32,20.32,20.32,400,2019-07-15
LKW,18.24,1563235200,18.24,19.98,19.98,400,2019-07-16
LKW,21.37,1563321600,21.37,21.37,21.37,300,2019-07-17
LKW,21.71,1563408000,21.71,24.41,24.41,700,2019-07-18
LKW,20.41,1565049600,20.41,27.45,27.45,600,2019-08-06
LKW,23.54,1565136000,23.54,23.54,23.54,100,2019-08-07
LKW,20.07,1565308800,20.07,20.07,20.07,500,2019-08-09
LKW,21.63,1565654400,21.63,21.63,21.63,100,2019-08-13
LKW,20.85,1566864000,20.85,20.85,20.85,100,2019-08-27
LKW,17.89,1567555200,17.89,19.98,19.98,200,2019-09-04
LKW,19.63,1567641600,19.63,21.63,21.63,200,2019-09-05
LKW,21.54,1567987200,21.54,21.54,21.54,100,2019-09-09
LKW,19.98,1568246400,19.98,19.98,19.98,200,2019-09-12
LKW,22.5,1568592000,22.5,22.5,22.5,100,2019-09-16
LKW,19.28,1569196800,19.28,19.28,19.28,100,2019-09-23
LKW,17.2,1569283200,17.2,20.59,20.59,200,2019-09-24
LKW,17.11,1569369600,17.11,17.11,20.41,300,2019-09-25
LKW,19.98,1569456000,19.98,20.76,20.76,200,2019-09-26
LKW,20.07,1569542400,17.37,17.37,20.07,200,2019-09-27
LKW,19.46,1569888000,19.46,19.46,19.46,100,2019-10-01
LKW,17.11,1570492800,17.11,17.11,17.11,100,2019-10-08
LKW,17.29,1571011200,17.29,17.29,17.29,100,2019-10-14
LKW,19.63,1571616000,19.63,19.63,19.63,100,2019-10-21
LKW,19.54,1571788800,19.54,19.54,19.54,100,2019-10-23
LKW,19.11,1572307200,19.11,19.11,19.11,200,2019-10-29
LKW,20.85,1573689600,20.85,20.85,20.85,100,2019-11-14
LKW,18.24,1574726400,18.24,18.24,18.24,200,2019-11-26
LKW,17.11,1574812800,17.11,17.11,17.11,200,2019-11-27
LKW,19.28,1574899200,16.07,17.11,19.28,300,2019-11-28
LKW,19.46,1574985600,19.46,19.46,19.46,200,2019-11-29
LKW,18.24,1576022400,18.24,19.11,19.11,400,2019-12-11
LKW,19.72,1576195200,19.72,19.72,19.72,200,2019-12-13
LKW,19.11,1576454400,19.11,19.11,19.11,1900,2019-12-16
LKW,20.67,1576540800,20.67,20.67,20.67,100,2019-12-17
LKW,18.24,1576713600,18.24,18.24,18.24,100,2019-12-19
LKW,19.28,1576800000,17.98,17.98,19.28,400,2019-12-20
LKW,18.24,1577059200,18.24,18.24,18.24,200,2019-12-23
LKW,19.8,1579651200,19.8,19.8,19.8,100,2020-01-22
LKW,20.76,1580428800,20.76,20.76,20.76,100,2020-01-31
LKW,23.28,1582156800,23.28,23.28,23.28,100,2020-02-20
LKW,19.8,1582243200,19.8,19.8,25.97,500,2020-02-21
LKW,20.07,1582675200,20.07,20.07,20.07,100,2020-02-26
LKW,22.93,1582761600,20.07,23.02,23.02,1200,2020-02-27
LKW,23.54,1582848000,23.54,23.54,23.54,200,2020-02-28
LKW,20.07,1583193600,20.07,20.07,20.07,3100,2020-03-03
LKW,22.84,1583280000,22.84,22.84,22.84,100,2020-03-04
LKW,24.23,1583366400,24.23,24.23,24.23,100,2020-03-05
LKW,20.67,1583452800,20.67,20.67,20.67,100,2020-03-06
LKW,23.63,1583712000,23.63,23.63,23.63,100,2020-03-09
LKW,26.84,1583884800,26.84,26.84,26.84,100,2020-03-11
LKW,22.84,1584403200,22.84,22.84,22.84,100,2020-03-17
LKW,20.59,1584489600,19.46,19.46,20.59,200,2020-03-18
LKW,22.93,1584576000,22.93,22.93,22.93,100,2020-03-19
LKW,19.54,1584662400,19.54,19.54,22.84,4500,2020-03-20
LKW,22.5,1584921600,22.5,22.5,22.5,100,2020-03-23
LKW,25.8,1585094400,24.32,24.32,25.8,200,2020-03-25
LKW,21.37,1586131200,21.37,21.37,21.37,100,2020-04-06
LKW,19.98,1586217600,19.11,24.5,24.5,2100,2020-04-07
LKW,22.93,1586304000,22.93,22.93,22.93,200,2020-04-08
LKW,24.06,1586390400,24.06,24.06,24.06,100,2020-04-09
LKW,27.45,1586822400,27.45,27.45,27.45,100,2020-04-14
LKW,23.37,1587945600,23.37,23.37,23.37,100,2020-04-27
LKW,25.02,1588032000,19.89,19.89,25.97,22100,2020-04-28
LKW,20.85,1588118400,20.85,22.93,22.93,200,2020-04-29
LKW,22.58,1588550400,22.58,22.58,22.58,100,2020-05-04
LKW,23.19,1588636800,20.85,20.85,23.19,400,2020-05-05
LKW,23.37,1588723200,20.85,20.85,23.37,800,2020-05-06
LKW,24.15,1588809600,24.15,24.15,24.15,100,2020-05-07
LKW,25.02,1588896000,25.02,25.02,25.02,100,2020-05-08
LKW,24.23,1589155200,22.58,25.97,25.97,3500,2020-05-11
LKW,25.88,1589241600,25.8,26.14,26.14,600,2020-05-12
LKW,25.19,1589328000,25.19,29.45,29.45,200,2020-05-13
LKW,25.54,1589414400,23.28,23.28,25.54,700,2020-05-14
LKW,27.01,1589500800,27.01,27.01,27.01,100,2020-05-15
LKW,28.49,1589846400,23.45,30.31,30.31,1400,2020-05-19
LKW,23.45,1589932800,23.45,23.45,23.45,200,2020-05-20
LKW,25.97,1590019200,25.97,25.97,25.97,100,2020-05-21
LKW,22.58,1590105600,22.15,22.15,22.58,2500,2020-05-22
LKW,21.71,1590364800,21.71,21.71,21.71,4200,2020-05-25
LKW,21.28,1590451200,21.02,21.02,21.28,7200,2020-05-26
LKW,24.06,1590537600,21,21,24.06,200,2020-05-27
LKW,24.98,1590624000,20.63,22.58,24.98,700,2020-05-28
LKW,23.5,1590710400,23.5,23.5,23.5,100,2020-05-29
LKW,24.06,1590969600,23.5,23.5,24.06,1800,2020-06-01
LKW,20.63,1591228800,20.63,20.63,20.63,500,2020-06-04
LKW,22.11,1591315200,22.11,22.11,22.11,100,2020-06-05
LKW,19.61,1591574400,19.61,20.36,20.36,600,2020-06-08
LKW,21.74,1591747200,21.74,21.74,21.74,1800,2020-06-10
LKW,21.74,1591833600,18.6,18.6,22.02,4900,2020-06-11
LKW,20.08,1591920000,20.08,20.08,20.08,700,2020-06-12
LKW,20.08,1592179200,20.08,20.36,20.82,1600,2020-06-15
LKW,20.36,1592265600,20.36,20.36,20.36,700,2020-06-16
LKW,20.82,1592438400,20.82,20.82,20.82,100,2020-06-18
LKW,21.93,1592956800,21.93,21.93,21.93,100,2020-06-24
LKW,21.93,1593129600,21.93,22.02,22.02,800,2020-06-26
LKW,21.74,1593561600,21.74,21.74,21.74,100,2020-07-01
LKW,21.74,1593993600,20.82,21.37,21.74,2800,2020-07-06
LKW,21.28,1594080000,21.28,21.28,21.28,1000,2020-07-07
LKW,22.11,1594166400,22.11,22.11,22.11,100,2020-07-08
LKW,20.91,1594252800,20.91,20.91,20.91,100,2020-07-09
LKW,21.28,1594339200,21.28,21.28,21.28,300,2020-07-10
LKW,21.37,1594598400,21.28,21.28,21.74,500,2020-07-13
LKW,21.74,1594684800,21.74,21.74,21.74,3600,2020-07-14
LKW,21.84,1594771200,21.84,21.84,21.84,2500,2020-07-15
LKW,21.84,1595203200,21.84,21.84,21.84,2300,2020-07-20
LKW,21.84,1595289600,21.84,21.84,21.84,500,2020-07-21
LKW,23.32,1595376000,23.32,23.32,23.32,100,2020-07-22
LKW,24.61,1595462400,19.89,19.89,24.61,400,2020-07-23
LKW,26.74,1595808000,20.36,20.36,26.74,300,2020-07-27
LKW,25.54,1595894400,21,21,25.54,300,2020-07-28
LKW,24.8,1595980800,20.73,20.73,24.8,200,2020-07-29
LKW,26.09,1596067200,20.73,20.73,26.09,200,2020-07-30
LKW,20.73,1596153600,20.73,20.82,25.72,300,2020-07-31
LKW,21.74,1596412800,21.74,24.15,24.15,300,2020-08-03
LKW,23.32,1596499200,23.32,23.32,23.32,100,2020-08-04
LKW,21.28,1597017600,21.28,23.5,23.5,400,2020-08-10
LKW,23.96,1597104000,23.96,23.96,23.96,100,2020-08-11
LKW,22.21,1597190400,21.28,21.28,22.21,1900,2020-08-12
LKW,21.37,1597276800,21.37,21.37,21.37,100,2020-08-13
LKW,21.28,1597622400,20.17,20.17,23.13,1900,2020-08-17
LKW,20.36,1597708800,19.89,20.45,20.45,3200,2020-08-18
LKW,22.76,1597795200,22.76,22.76,22.76,100,2020-08-19
LKW,22.76,1597881600,19.43,19.43,22.76,200,2020-08-20
LKW,21.74,1597968000,21.09,22.02,22.02,700,2020-08-21
LKW,22.02,1598227200,21.28,21.74,22.02,3100,2020-08-24
LKW,21.84,1598313600,21.84,22.11,22.11,1000,2020-08-25
LKW,21.93,1598400000,18.97,18.97,21.93,300,2020-08-26
LKW,21.93,1598572800,21,22.02,22.02,3200,2020-08-28
LKW,22.02,1598918400,22.02,22.02,22.02,100,2020-09-01
LKW,23.04,1599091200,22.76,22.95,23.04,5100,2020-09-03
LKW,26.46,1599436800,26.46,26.46,26.46,100,2020-09-07
LKW,25.63,1599523200,22.58,22.58,25.63,300,2020-09-08
LKW,21.19,1599609600,21.19,21.19,21.19,100,2020-09-09
LKW,23.87,1600041600,23.87,23.87,23.87,100,2020-09-14
LKW,22.21,1601856000,22.21,23.04,23.13,1100,2020-10-05
LKW,23.13,1601942400,22.58,22.58,23.5,1300,2020-10-06
LKW,22.95,1602028800,22.3,23.69,23.69,300,2020-10-07
LKW,23.5,1602115200,23.5,23.5,23.5,100,2020-10-08
LKW,23.13,1602201600,23.13,23.13,23.13,3200,2020-10-09
LKW,22.67,1602460800,22.67,23.13,23.13,10200,2020-10-12
LKW,23.32,1602547200,23.32,23.78,23.78,200,2020-10-13
LKW,23.13,1602720000,23.13,23.13,23.13,800,2020-10-15
LKW,23.13,1602806400,23.13,23.13,23.78,3600,2020-10-16
LKW,23.13,1603065600,23.13,23.13,23.13,2900,2020-10-19
LKW,23.59,1603324800,19.71,19.71,23.59,200,2020-10-22
LKW,22.3,1603670400,22.3,22.3,22.3,400,2020-10-26
LKW,23.59,1603756800,23.59,23.59,23.59,100,2020-10-27
LKW,23.13,1604016000,23.13,23.13,23.13,100,2020-10-30
LKW,23.78,1604361600,23.78,23.78,23.78,100,2020-11-03
LKW,23.87,1604448000,22.3,22.3,23.87,600,2020-11-04
LKW,23.87,1604534400,23.87,23.87,23.87,100,2020-11-05
LKW,25.81,1604880000,22.02,22.02,25.81,5500,2020-11-09
LKW,25.81,1604966400,25.81,25.81,25.81,100,2020-11-10
LKW,22.11,1605052800,22.11,22.11,22.11,100,2020-11-11
LKW,25.17,1605484800,22.3,25.17,25.17,700,2020-11-16
LKW,22.39,1605571200,22.39,27.39,27.39,300,2020-11-17
LKW,27.48,1605657600,27.48,27.48,27.48,100,2020-11-18
LKW,23.41,1605830400,23.41,31.36,31.36,10400,2020-11-20
LKW,23.41,1606089600,23.41,23.41,23.41,500,2020-11-23
LKW,23.5,1606176000,23.5,26.46,26.46,300,2020-11-24
LKW,25.81,1606262400,23.13,26.55,26.55,500,2020-11-25
LKW,23.22,1606348800,23.22,23.22,26.65,700,2020-11-26
LKW,20.63,1606435200,20.63,20.63,20.63,300,2020-11-27
LKW,22.21,1606694400,22.21,22.21,22.21,500,2020-11-30
LKW,25.44,1607040000,25.44,25.44,25.44,100,2020-12-04
LKW,27.48,1607299200,21.65,21.65,27.48,200,2020-12-07
LKW,28.13,1607385600,22.39,22.39,28.13,800,2020-12-08
LKW,26.65,1607472000,26.65,26.65,26.65,100,2020-12-09
LKW,30.53,1607558400,22.85,22.85,30.53,200,2020-12-10
LKW,30.35,1607644800,30.35,30.35,30.35,100,2020-12-11
LKW,25.81,1607904000,25.81,25.81,29.24,4300,2020-12-14
LKW,25.81,1607990400,25.81,25.81,25.81,4400,2020-12-15
LKW,25.81,1608076800,22.3,22.3,25.81,200,2020-12-16
LKW,24.06,1608163200,24.06,24.06,26.37,6500,2020-12-17
LKW,25.44,1608249600,25.44,25.44,25.44,200,2020-12-18
LKW,25.44,1608595200,25.44,25.44,25.44,100,2020-12-22
LKW,27.57,1608768000,27.48,27.48,27.57,200,2020-12-24
LKW,29.05,1608854400,27.57,27.57,29.33,1400,2020-12-25
LKW,29.05,1609113600,29.05,29.05,29.05,100,2020-12-28
LKW,29.14,1609200000,24.8,24.8,29.14,200,2020-12-29
LKW,29.05,1609286400,24.06,24.06,29.05,300,2020-12-30
LKW,29.05,1609372800,21.93,21.93,29.05,200,2020-12-31
LKW,29.14,1609718400,29.14,29.24,29.24,2600,2021-01-04
LKW,29.24,1609804800,24.89,24.89,29.24,200,2021-01-05
LKW,29.05,1609977600,25.44,25.44,29.05,600,2021-01-07
LKW,25.91,1610409600,25.91,25.91,25.91,2800,2021-01-12
LKW,26,1610496000,26,26,29.05,7400,2021-01-13
LKW,26.83,1610582400,26.83,29.05,29.05,1100,2021-01-14
LKW,26.28,1610668800,26.09,26.09,30.35,2200,2021-01-15
LKW,30.16,1610928000,26.83,26.83,30.16,4700,2021-01-18
LKW,30.25,1611014400,30.25,30.25,30.25,100,2021-01-19
LKW,26,1611100800,26,26,26,1000,2021-01-20
LKW,29.61,1611187200,29.52,29.52,29.61,300,2021-01-21
LKW,29.79,1611273600,27.76,27.76,29.79,200,2021-01-22
LKW,29.52,1611532800,29.52,29.52,29.52,100,2021-01-25
LKW,25.91,1611619200,25.81,26,26,600,2021-01-26
LKW,25.91,1611705600,25.91,25.91,25.91,300,2021-01-27
LKW,29.33,1611792000,25.72,29.42,29.42,300,2021-01-28
LKW,28.31,1612137600,28.31,28.31,28.31,100,2021-02-01
LKW,24.98,1612224000,24.98,24.98,24.98,200,2021-02-02
LKW,27.48,1612396800,24.52,24.52,27.48,1100,2021-02-04
LKW,27.48,1612483200,27.48,27.48,27.48,100,2021-02-05
LKW,27.57,1613606400,27.57,27.57,27.57,400,2021-02-18
LKW,29.52,1613692800,29.42,29.42,29.52,3100,2021-02-19
LKW,28.68,1613952000,28.68,28.68,28.68,1500,2021-02-22
LKW,28.68,1614038400,28.68,28.68,28.68,100,2021-02-23
LKW,28.68,1614211200,28.68,28.68,28.68,2300,2021-02-25
LKW,26,1614297600,25.44,25.44,26,1100,2021-02-26
LKW,23.13,1614556800,23.13,23.13,23.13,2000,2021-03-01
LKW,26.55,1614643200,21.28,21.28,26.55,3100,2021-03-02
LKW,20.36,1614729600,20.36,20.36,20.36,3000,2021-03-03
LKW,18.5,1614816000,18.5,20.36,20.36,3100,2021-03-04
LKW,18.97,1614902400,18.97,18.97,18.97,5000,2021-03-05
LKW,21.74,1615161600,21.74,21.74,21.74,1000,2021-03-08
LKW,24.98,1615248000,24.98,24.98,24.98,100,2021-03-09
LKW,28.68,1615334400,28.68,28.68,28.68,1100,2021-03-10
LKW,28.68,1615507200,28.68,28.68,28.68,6400,2021-03-12
LKW,28.59,1615766400,28.59,28.59,28.59,300,2021-03-15
LKW,29.61,1615939200,28.68,28.68,29.61,3500,2021-03-17
LKW,28.68,1616112000,28.68,28.68,32.38,6100,2021-03-19
LKW,28.77,1616371200,28.68,28.68,36.08,7500,2021-03-22
LKW,29.89,1616457600,29.89,29.89,29.89,200,2021-03-23
LKW,29.61,1616544000,25.44,25.44,29.61,1100,2021-03-24
LKW,27.2,1616630400,26.83,26.83,28.68,3100,2021-03-25
LKW,26.83,1616716800,26.83,26.83,26.83,1000,2021-03-26
LKW,27.11,1616976000,27.11,27.11,27.11,1000,2021-03-29
LKW,27.11,1617062400,27.11,27.11,27.11,100,2021-03-30
LKW,27.11,1617148800,27.11,27.11,27.11,100,2021-03-31
LKW,27.48,1617235200,27.48,30.9,30.9,1700,2021-04-01
LKW,27.85,1617321600,27.85,31.64,31.64,200,2021-04-02
LKW,28.31,1617580800,27.76,27.76,33.96,2400,2021-04-05
LKW,32.57,1617667200,27.76,27.76,33.12,1500,2021-04-06
LKW,29.05,1617753600,29.05,32.75,32.75,600,2021-04-07
LKW,31,1617840000,31,31.27,31.36,2000,2021-04-08
LKW,31,1617926400,31,32.38,32.38,400,2021-04-09
LKW,28.68,1618185600,28.68,28.68,28.68,100,2021-04-12
LKW,31.27,1618272000,26.83,26.83,31.27,400,2021-04-13
LKW,29.42,1618444800,29.05,31.27,32.11,24500,2021-04-15
LKW,29.89,1618790400,29.79,29.79,35.16,700,2021-04-19
LKW,30.53,1618876800,30.53,30.53,30.53,1100,2021-04-20
LKW,30.63,1619049600,30.53,30.53,35.07,6500,2021-04-22
LKW,32.38,1619136000,32.38,32.38,32.38,300,2021-04-23
LKW,30.16,1619395200,30.16,30.16,30.16,500,2021-04-26
LKW,30.16,1619481600,30.16,30.16,30.16,400,2021-04-27
LKW,30.53,1620604800,25.72,25.72,34.33,4200,2021-05-10
LKW,31.18,1620691200,31.18,34.6,34.6,5100,2021-05-11
LKW,33.22,1620777600,30.53,30.53,33.22,5300,2021-05-12
LKW,31.64,1620950400,31.64,35.99,35.99,5300,2021-05-14
LKW,31.73,1621209600,31.73,31.73,31.73,10100,2021-05-17
LKW,31.73,1621296000,31.73,31.73,31.73,3500,2021-05-18
LKW,28.77,1621382400,28.77,31.73,31.83,5900,2021-05-19
LKW,30.07,1621468800,29.52,29.52,34.14,3200,2021-05-20
LKW,30.9,1621555200,30.9,31.46,31.46,700,2021-05-21
LKW,31.46,1621814400,31.18,31.18,31.46,900,2021-05-24
LKW,35.71,1621900800,29.79,31.36,35.71,4400,2021-05-25
LKW,31.09,1622073600,31.09,31.92,31.92,400,2021-05-27
LKW,31.27,1622160000,31.27,31.27,31.27,300,2021-05-28
LKW,30.63,1622505600,27.76,27.76,30.63,3400,2021-06-01
LKW,30.53,1622592000,30.53,30.63,30.63,3000,2021-06-02
LKW,30.53,1622678400,30.53,30.53,30.53,4000,2021-06-03
LKW,30.53,1622764800,30.53,30.53,30.53,500,2021-06-04
LKW,34.88,1623110400,34.88,34.88,34.88,100,2021-06-08
LKW,39.78,1623196800,29.7,29.7,39.78,300,2021-06-09
LKW,40.52,1623283200,31.09,31.09,41.54,2600,2021-06-10
LKW,34.97,1623369600,34.97,39.6,39.6,400,2021-06-11
LKW,32.75,1623628800,32.75,32.75,41.45,3300,2021-06-14
LKW,37.84,1623715200,34.23,37.84,37.84,1500,2021-06-15
LKW,35.44,1623801600,35.44,38.77,38.77,500,2021-06-16
LKW,32.38,1623888000,32.38,32.48,32.48,1100,2021-06-17
LKW,32.48,1623974400,32.48,32.48,32.48,100,2021-06-18
LKW,34.97,1624233600,34.97,34.97,34.97,100,2021-06-21
LKW,31.46,1624492800,31.46,31.46,31.46,500,2021-06-24
LKW,32.2,1624579200,32.2,32.2,32.2,100,2021-06-25
LKW,31.46,1624838400,31.46,31.46,31.46,100,2021-06-28
LKW,32.57,1624924800,32.57,32.57,32.57,500,2021-06-29
LKW,32.38,1625443200,32.38,32.38,32.38,100,2021-07-05
LKW,32.11,1626048000,28.68,28.68,32.11,500,2021-07-12
LKW,31.83,1626220800,31.83,31.83,31.83,200,2021-07-14
LKW,31.83,1626652800,31.83,31.83,31.83,2100,2021-07-19
LKW,32.57,1626739200,32.57,32.57,32.57,100,2021-07-20
LKW,33.82,1626912000,33.82,33.82,33.82,100,2021-07-22
LKW,33.24,1627257600,33.24,33.92,33.92,500,2021-07-26
LKW,33.92,1627344000,29.77,29.77,33.92,800,2021-07-27
LKW,33.63,1627430400,33.63,33.63,33.63,200,2021-07-28
LKW,33.82,1627516800,33.82,33.82,33.82,100,2021-07-29
LKW,32.86,1627603200,32.86,32.86,32.86,100,2021-07-30
LKW,32.95,1627948800,32.95,32.95,32.95,100,2021-08-03
LKW,34.02,1628035200,34.02,34.02,34.02,100,2021-08-04
LKW,32.86,1628467200,32.86,32.86,32.86,100,2021-08-09
LKW,37.59,1628553600,37.59,37.59,37.59,100,2021-08-10
LKW,32.08,1628812800,32.08,32.08,32.08,500,2021-08-13
LKW,34.02,1629244800,34.02,34.02,34.02,100,2021-08-18
LKW,32.18,1630022400,32.18,32.18,32.18,100,2021-08-27
LKW,32.86,1630281600,30.93,32.66,32.86,1300,2021-08-30
LKW,36.53,1630368000,36.53,36.53,36.53,100,2021-08-31
LKW,35.76,1631145600,35.76,41.94,41.94,300,2021-09-09
LKW,41.46,1631232000,41.46,41.46,41.46,100,2021-09-10
LKW,36.53,1631577600,35.27,35.27,36.53,3600,2021-09-14
LKW,36.24,1631664000,36.24,36.24,36.24,100,2021-09-15
LKW,39.43,1631836800,36.34,41.46,41.55,6300,2021-09-17
LKW,36.24,1632096000,35.76,35.76,36.24,4100,2021-09-20
LKW,38.56,1632182400,38.56,38.56,38.56,300,2021-09-21
LKW,36.24,1632268800,34.5,38.56,40.11,4900,2021-09-22
LKW,36.24,1632355200,34.79,38.46,39.62,4300,2021-09-23
LKW,34.79,1632787200,34.79,34.79,34.79,1500,2021-09-28
LKW,34.69,1632873600,34.69,34.69,34.69,500,2021-09-29
LKW,33.73,1633046400,33.73,34.6,37.59,8700,2021-10-01
LKW,33.82,1633305600,33.82,33.82,33.82,2300,2021-10-04
LKW,33.34,1633392000,33.34,33.82,33.82,3800,2021-10-05
LKW,33.24,1633478400,33.24,33.34,33.34,1600,2021-10-06
LKW,33.34,1633564800,33.15,33.15,33.34,4800,2021-10-07
LKW,33.34,1633651200,33.34,33.34,33.34,2500,2021-10-08
LKW,33.24,1633910400,33.24,33.24,33.24,1400,2021-10-11
LKW,33.24,1633996800,33.24,33.24,33.24,200,2021-10-12
LKW,34.79,1634083200,33.34,34.79,34.79,11500,2021-10-13
LKW,35.66,1634169600,33.24,33.24,35.66,19500,2021-10-14
LKW,34.79,1634256000,34.79,34.79,34.79,6300,2021-10-15
LKW,34.79,1634515200,34.79,34.79,34.79,1100,2021-10-18
LKW,36.14,1634601600,35.18,35.18,36.53,5900,2021-10-19
LKW,36.34,1634688000,36.34,36.34,36.34,100,2021-10-20
LKW,35.76,1634774400,35.76,35.76,35.76,1000,2021-10-21
LKW,36.72,1634860800,36.72,40.49,40.49,10400,2021-10-22
LKW,40.3,1635120000,37.21,40.49,40.49,2900,2021-10-25
LKW,40.4,1635206400,40.4,40.4,40.4,2600,2021-10-26
LKW,39.62,1635292800,38.66,38.66,40.49,8200,2021-10-27
LKW,40.88,1635379200,39.04,39.04,42.42,14300,2021-10-28
LKW,40.3,1635465600,39.62,41.46,41.46,13100,2021-10-29
LKW,41.07,1635811200,40.59,41.36,41.36,10600,2021-11-02
LKW,43.3,1635897600,40.78,43.39,43.39,2700,2021-11-03
LKW,41.94,1635984000,39.62,39.62,41.94,6800,2021-11-04
LKW,47.64,1636070400,41.55,41.55,47.64,4200,2021-11-05
LKW,47.16,1636329600,47.16,47.16,47.16,1200,2021-11-08
LKW,48.13,1636588800,41.07,41.07,48.13,13500,2021-11-11
LKW,51.22,1636675200,47.35,53.05,53.15,116000,2021-11-12
LKW,47.35,1636934400,46.87,46.87,51.03,8000,2021-11-15
LKW,50.06,1637020800,50.06,50.06,50.06,100,2021-11-16
LKW,50.06,1637107200,43.01,43.59,50.06,93700,2021-11-17
LKW,49.19,1637193600,49,49.19,49.19,2900,2021-11-18
LKW,49.77,1637280000,43.59,43.59,49.77,5300,2021-11-19
LKW,49,1637539200,49,49,49,100,2021-11-22
LKW,45.42,1637712000,42.52,42.52,45.42,1400,2021-11-24
LKW,48.22,1637798400,39.72,48.13,48.22,1300,2021-11-25
LKW,44.45,1637884800,44.45,44.45,44.45,1000,2021-11-26
LKW,41.55,1638144000,40.59,47.06,47.06,3500,2021-11-29
LKW,44.45,1638230400,41.55,43.3,44.45,7100,2021-11-30
LKW,44.45,1638316800,41.55,41.65,44.45,2100,2021-12-01
LKW,43.88,1638403200,41.75,41.84,43.88,3800,2021-12-02
LKW,45.9,1638489600,45.9,45.9,45.9,100,2021-12-03
LKW,43.49,1638748800,42.52,42.52,43.49,600,2021-12-06
LKW,44.07,1638835200,44.07,44.07,44.07,100,2021-12-07
LKW,41.46,1639353600,38.66,38.95,41.55,11500,2021-12-13
LKW,41.07,1639440000,41.07,41.27,41.27,600,2021-12-14
LKW,43.3,1639526400,43.3,43.3,43.3,100,2021-12-15
LKW,42.42,1639612800,42.33,42.33,42.42,700,2021-12-16
LKW,43.01,1639958400,43.01,43.01,43.01,100,2021-12-20
LKW,41.55,1640044800,40.59,40.69,41.55,6100,2021-12-21
LKW,43.1,1640131200,43.1,43.1,43.1,100,2021-12-22
LKW,43.39,1640217600,40.59,40.59,43.39,2200,2021-12-23
LKW,42.91,1640736000,42.91,42.91,42.91,100,2021-12-29
LKW,43.1,1641254400,40.59,43.3,43.3,700,2022-01-04
LKW,43.2,1641340800,43.2,43.2,43.2,200,2022-01-05
LKW,43.1,1641427200,43.1,43.1,43.1,100,2022-01-06
LKW,41.55,1641772800,41.46,41.46,41.55,1400,2022-01-10
LKW,42.42,1641859200,42.42,42.42,42.42,100,2022-01-11
LKW,42.42,1641945600,37.88,37.88,42.42,400,2022-01-12
LKW,42.33,1642032000,38.75,42.33,42.33,500,2022-01-13
LKW,42.42,1642118400,41.55,42.42,42.42,800,2022-01-14
LKW,44.26,1642377600,44.26,44.26,44.26,500,2022-01-17
LKW,43.01,1642464000,38.66,38.66,43.01,500,2022-01-18
LKW,42.81,1642550400,42.81,42.81,42.81,100,2022-01-19
LKW,40.59,1642982400,40.59,40.59,40.59,400,2022-01-24
LKW,40.59,1643068800,40.11,40.11,43.49,900,2022-01-25
LKW,42.42,1643241600,38.85,44.26,44.26,2400,2022-01-27
LKW,42.52,1644192000,39.62,43.39,43.39,2300,2022-02-07
LKW,41.36,1644278400,41.36,41.36,41.36,100,2022-02-08
LKW,40.49,1644883200,40.49,40.49,40.49,100,2022-02-15
LKW,40.49,1644969600,39.14,39.14,40.49,1100,2022-02-16
LKW,40.2,1645056000,38.85,39.14,40.2,2200,2022-02-17
LKW,39.33,1645401600,39.24,39.24,40.49,900,2022-02-21
LKW,39.62,1645488000,39.62,39.62,39.62,4000,2022-02-22
LKW,39.14,1645574400,39.14,39.14,39.14,100,2022-02-23
LKW,40.49,1645660800,40.49,40.49,40.49,200,2022-02-24
LKW,42.52,1646006400,40.4,40.4,42.52,500,2022-02-28
LKW,43.3,1646092800,43.3,43.3,43.3,200,2022-03-01
LKW,43.2,1647475200,43.2,43.2,43.2,900,2022-03-17
LKW,42.42,1647561600,42.42,42.42,42.42,300,2022-03-18
LKW,41.07,1647907200,41.07,41.07,41.07,800,2022-03-22
LKW,41.07,1647993600,41.07,41.07,41.07,200,2022-03-23
LKW,41.07,1648080000,41.07,41.07,41.07,1000,2022-03-24
LKW,42.33,1648425600,42.33,42.33,42.33,100,2022-03-28
LKW,43.39,1648512000,43.39,43.39,43.39,100,2022-03-29
LKW,42.52,1648598400,42.52,48.22,48.22,200,2022-03-30
LKW,51.7,1648771200,51.7,51.7,51.7,100,2022-04-01
LKW,43.97,1649030400,43.97,43.97,43.97,2200,2022-04-04
LKW,44.45,1649203200,44.45,44.45,44.45,400,2022-04-06
LKW,44.45,1649289600,44.45,44.45,44.45,500,2022-04-07
LKW,44.45,1649376000,44.45,44.45,44.45,600,2022-04-08
LKW,43.49,1649721600,43.49,43.49,43.49,200,2022-04-12
LKW,44.26,1649894400,42.72,42.72,44.26,700,2022-04-14
LKW,43.78,1649980800,43.49,43.49,44.84,3500,2022-04-15
LKW,43.01,1650240000,43.01,44.74,44.74,2400,2022-04-18
LKW,44.84,1650326400,44.84,44.84,44.84,600,2022-04-19
LKW,42.72,1650412800,42.72,44.36,44.74,2900,2022-04-20
LKW,42.52,1650499200,42.52,43.88,43.88,1800,2022-04-21
LKW,42.52,1650585600,42.52,43.88,43.88,17,2022-04-22
LKW,42.52,1650844800,42.52,44.45,44.45,1400,2022-04-25
LKW,40.59,1650931200,40.11,41.65,41.65,3800,2022-04-26
LKW,41.55,1651017600,41.55,41.55,41.55,200,2022-04-27
LKW,44.26,1651104000,44.26,44.26,44.26,700,2022-04-28
LKW,41.07,1651190400,41.07,41.07,41.07,100,2022-04-29
LKW,44.16,1651622400,44.16,44.16,44.16,100,2022-05-04
LKW,43.88,1651708800,41.07,45.32,45.32,5900,2022-05-05
LKW,44.36,1651795200,44.36,44.36,44.36,100,2022-05-06
LKW,42.42,1652054400,42.42,42.52,42.52,1000,2022-05-09
LKW,40.59,1652140800,39.24,39.62,40.59,2600,2022-05-10
LKW,44.26,1652227200,44.26,44.26,44.26,196,2022-05-11
LKW,43.78,1652659200,39.72,39.72,43.78,400,2022-05-16
LKW,44.16,1652832000,44.16,44.16,44.16,213,2022-05-18
LKW,40.59,1653264000,40.59,40.59,40.59,300,2022-05-23
LKW,40.59,1653436800,40.59,40.59,40.59,200,2022-05-25
LKW,40.59,1653523200,40.49,40.59,40.59,800,2022-05-26
LKW,42.81,1653609600,42.81,42.81,42.81,100,2022-05-27
LKW,41.55,1653868800,41.55,41.55,41.55,200,2022-05-30
LKW,42.52,1653955200,42.52,42.52,42.52,100,2022-05-31
LKW,41.65,1654128000,41.65,42.42,42.42,300,2022-06-02
LKW,42.52,1654473600,42.52,44.36,44.36,200,2022-06-06
LKW,40.59,1654732800,40.59,42.52,42.52,1500,2022-06-09
LKW,41.55,1654819200,41.07,41.07,42.52,500,2022-06-10
LKW,40.98,1655078400,40.98,41.55,41.55,1300,2022-06-13
LKW,40.69,1655164800,40.59,40.59,40.69,500,2022-06-14
LKW,41.55,1655251200,41.55,41.55,41.55,100,2022-06-15
LKW,42.42,1655424000,40.59,40.59,42.42,600,2022-06-17
LKW,41.55,1655683200,41.55,41.55,41.55,100,2022-06-20
LKW,40.11,1655769600,40.11,40.11,40.11,300,2022-06-21
LKW,45.9,1655856000,45.9,45.9,45.9,100,2022-06-22
LKW,40.78,1656028800,40.78,40.78,40.78,100,2022-06-24
LKW,40.11,1656288000,40.11,40.11,40.11,300,2022-06-27
LKW,46,1656460800,46,46,46,100,2022-06-29
LKW,41.55,1656547200,41.55,41.55,41.55,100,2022-06-30
LKW,44.36,1656633600,41.55,41.55,44.36,200,2022-07-01
LKW,44.16,1656979200,41.55,41.55,44.16,700,2022-07-05
LKW,44.07,1657065600,41.55,41.55,44.07,300,2022-07-06
LKW,41.55,1657152000,41.55,41.55,41.55,100,2022-07-07
LKW,43.2,1657584000,40.11,40.3,43.2,900,2022-07-12
LKW,43.1,1657670400,43.1,43.1,43.1,100,2022-07-13
LKW,42.52,1657843200,42.52,42.52,42.52,200,2022-07-15
LKW,43.1,1658188800,43.1,43.1,43.1,100,2022-07-19
LKW,45.9,1658361600,45.9,45.9,45.9,100,2022-07-21
LKW,45.8,1658793600,41.5,41.5,45.8,500,2022-07-26
LKW,45.7,1658880000,45.7,45.7,45.7,100,2022-07-27
LKW,45.6,1658966400,43,43,45.6,700,2022-07-28
LKW,45.7,1659052800,45.7,45.7,45.7,100,2022-07-29
LKW,45,1659657600,45,45,45,200,2022-08-05
LKW,45,1659916800,45,45.7,45.7,200,2022-08-08
LKW,42.1,1660089600,42.1,42.1,42.1,104,2022-08-10
LKW,42,1660176000,42,42.1,42.1,500,2022-08-11
LKW,45.7,1660521600,45.7,45.7,45.7,100,2022-08-15
LKW,45.7,1660780800,44,44,45.7,300,2022-08-18
LKW,45.7,1660867200,44,45.7,45.7,700,2022-08-19
LKW,45.7,1661126400,45.7,45.7,45.7,100,2022-08-22
LKW,42.4,1661299200,42.4,42.5,42.5,2200,2022-08-24
LKW,42,1661385600,42,42,42,1500,2022-08-25
LKW,44.9,1661472000,44.9,44.9,44.9,100,2022-08-26
LKW,42.4,1662940800,42.4,51.5,51.5,3100,2022-09-12
LKW,42.5,1663113600,42.5,42.5,42.5,500,2022-09-14
LKW,44.9,1663545600,44.9,44.9,44.9,100,2022-09-19
LKW,42,1663632000,42,42,42,600,2022-09-20
LKW,43.4,1663718400,43.4,43.4,43.4,100,2022-09-21
LKW,41.5,1664150400,41.5,48.9,48.9,300,2022-09-26
LKW,41,1664236800,41,46.2,46.2,300,2022-09-27
LKW,40.6,1664409600,40.6,46.9,46.9,2800,2022-09-29
LKW,46.8,1664496000,46.8,46.8,46.8,200,2022-09-30
LKW,40.7,1664755200,40.7,40.7,40.7,1400,2022-10-03
LKW,41.9,1664841600,40.7,40.7,41.9,400,2022-10-04
LKW,41,1664928000,41,43.6,43.6,700,2022-10-05
LKW,40.6,1665100800,38.1,38.1,40.6,1800,2022-10-07
LKW,45.3,1665360000,45.3,45.3,45.3,100,2022-10-10
LKW,40,1665619200,39.1,40.6,40.6,1300,2022-10-13
LKW,39.3,1665705600,39.3,44.9,44.9,3000,2022-10-14
LKW,42.8,1665964800.0,42.8,42.8,42.8,100.0,2022-10-17
LKW,40.3,1666137600.0,40.3,40.3,40.3,100.0,2022-10-19
LKW,38.0,1666310400.0,38.0,38.0,38.0,1000.0,2022-10-21
LKW,38.0,1666569600.0,38.0,43.5,43.5,200.0,2022-10-24
LKW,38.0,1666915200.0,37.9,38.5,38.5,1300.0,2022-10-28
LKW,37.0,1667260800.0,37.0,37.0,37.0,100.0,2022-11-01
LKW,37.0,1667347200.0,37.0,37.0,37.0,100.0,2022-11-02
LKW,37.7,1667433600.0,35.1,35.4,37.7,1500.0,2022-11-03
LKW,38.9,1667520000.0,38.9,38.9,38.9,100.0,2022-11-04
LKW,37.8,1667865600.0,35.0,39.9,39.9,2000.0,2022-11-08
LKW,39.9,1667952000.0,39.9,39.9,39.9,100.0,2022-11-09
LKW,35.0,1668124800.0,35.0,35.0,35.0,100.0,2022-11-11
LKW,36.0,1668384000.0,33.0,39.9,39.9,400.0,2022-11-14
LKW,39.9,1668470400.0,39.9,39.9,39.9,100.0,2022-11-15
LKW,34.1,1669161600.0,34.1,34.1,34.1,700.0,2022-11-23
