timestamp,symbol,close,low,open,high,volume,date
1416441600,SNC,7.37,7.37,7.37,7.37,100,2014-11-20
1416528000,SNC,8.1,8.1,8.1,8.1,100,2014-11-21
1416787200,SNC,8.89,8.89,8.89,8.89,100,2014-11-24
1416873600,SNC,9.73,9.73,9.73,9.73,100,2014-11-25
1416960000,SNC,10.68,10.68,10.68,10.68,100,2014-11-26
1417046400,SNC,11.73,11.73,11.73,11.73,300,2014-11-27
1417132800,SNC,12.89,12.89,12.89,12.89,100,2014-11-28
1417651200,SNC,12.1,12.1,12.1,12.1,600,2014-12-04
1418256000,SNC,12.36,12.36,12.36,12.36,4000,2014-12-11
1418688000,SNC,12.63,12.36,12.63,12.63,11300,2014-12-16
1418774400,SNC,12.63,12.63,12.63,13.15,2300,2014-12-17
1418860800,SNC,12.89,12.63,12.63,12.89,6000,2014-12-18
1418947200,SNC,12.1,12.1,12.36,12.36,2000,2014-12-19
1419206400,SNC,12.26,12.26,12.26,12.26,8500,2014-12-22
1419292800,SNC,12.26,12.2,12.26,12.26,2600,2014-12-23
1419379200,SNC,12.2,12.2,12.2,12.26,20800,2014-12-24
1419552000,SNC,11.99,11.99,12.1,12.1,5600,2014-12-26
1420416000,SNC,11.99,10.94,12.1,12.1,5100,2015-01-05
1420502400,SNC,12.1,12.1,12.1,12.1,100,2015-01-06
1420588800,SNC,12.15,12.15,13.31,13.31,1100,2015-01-07
1420675200,SNC,12.36,11.05,11.05,12.36,2100,2015-01-08
1420761600,SNC,10.78,10.57,12.78,12.78,27900,2015-01-09
1421020800,SNC,11.57,10.52,12.05,12.05,28400,2015-01-12
1421107200,SNC,11.57,10.73,10.73,11.78,130800,2015-01-13
1421193600,SNC,12.63,10.78,10.78,12.63,24000,2015-01-14
1421280000,SNC,13.57,12.63,12.63,13.57,21050,2015-01-15
1421366400,SNC,14.73,14.26,14.68,14.73,27000,2015-01-16
1421625600,SNC,15.36,13.68,15.78,15.78,11100,2015-01-19
1421712000,SNC,14.47,13.68,14.73,15.26,19400,2015-01-20
1421798400,SNC,14.36,13.15,13.73,14.94,74900,2015-01-21
1421884800,SNC,15.47,14.73,14.73,15.52,38400,2015-01-22
1421971200,SNC,15.57,15.26,15.31,15.89,14600,2015-01-23
1422230400,SNC,15.41,15.26,15.26,15.41,300,2015-01-26
1422316800,SNC,14.73,13.94,13.94,15.26,10000,2015-01-27
1422403200,SNC,14.2,13.94,14.41,14.47,12900,2015-01-28
1422489600,SNC,13.68,13.68,14.2,14.2,21500,2015-01-29
1422576000,SNC,13.89,13.78,13.78,14.2,6900,2015-01-30
1422835200,SNC,13.94,13.68,13.94,14.47,19000,2015-02-02
1422921600,SNC,14.47,13.68,13.68,14.47,30000,2015-02-03
1423008000,SNC,13.94,13.68,13.68,13.94,2200,2015-02-04
1423094400,SNC,14.2,13.73,13.73,14.78,72000,2015-02-05
1423180800,SNC,15.26,14.47,14.47,15.26,84750,2015-02-06
1423440000,SNC,13.62,13.62,15.26,15.26,15500,2015-02-09
1423526400,SNC,14.2,13.94,14.47,14.47,4200,2015-02-10
1423612800,SNC,13.68,13.36,14.2,14.2,63200,2015-02-11
1423699200,SNC,13.52,13.41,13.94,13.94,1900,2015-02-12
1423785600,SNC,13.41,13.41,13.41,13.41,3400,2015-02-13
1424736000,SNC,13.68,12.63,13.68,13.68,300,2015-02-24
1424822400,SNC,12.1,12.1,13.15,13.26,37500,2015-02-25
1424908800,SNC,12.26,12.26,12.63,12.63,13800,2015-02-26
1424995200,SNC,12.1,11.31,11.31,13.52,7300,2015-02-27
1425254400,SNC,11.57,11.21,12.31,12.31,9600,2015-03-02
1425340800,SNC,11.84,10.78,12.1,12.1,16700,2015-03-03
1425427200,SNC,13.05,11.94,12.84,13.05,12800,2015-03-04
1425513600,SNC,12.36,12.36,12.52,12.52,2000,2015-03-05
1425600000,SNC,12.36,11.57,11.57,12.36,400,2015-03-06
1425945600,SNC,12.1,12.05,12.05,12.1,3000,2015-03-10
1426032000,SNC,11.05,10.94,10.94,13.15,6700,2015-03-11
1426118400,SNC,11.36,11.36,11.36,11.36,200,2015-03-12
1426204800,SNC,11.36,11.36,11.36,11.36,1000,2015-03-13
1426464000,SNC,12.36,12.36,12.36,12.36,1000,2015-03-16
1426550400,SNC,11.57,11.57,11.57,11.63,2900,2015-03-17
1426636800,SNC,11.57,11.57,11.57,11.57,2000,2015-03-18
1426723200,SNC,11.84,11.52,11.99,11.99,1800,2015-03-19
1426809600,SNC,11.78,11.05,11.05,11.78,600,2015-03-20
1427068800,SNC,10.78,10.57,10.57,11.73,700,2015-03-23
1427155200,SNC,10.78,10.78,10.78,11.31,450,2015-03-24
1427241600,SNC,10.89,10.1,11.63,11.63,8000,2015-03-25
1427328000,SNC,11.57,11.57,11.57,11.57,2000,2015-03-26
1427414400,SNC,12.26,11.52,11.52,12.26,735100,2015-03-27
1427673600,SNC,12.84,12.31,12.89,12.94,16000,2015-03-30
1427760000,SNC,12.76,12.78,12.94,13.68,31400,2015-03-31
1427846400,SNC,13.15,13.05,13.2,13.68,581600,2015-04-01
1427932800,SNC,13.52,13.15,13.15,13.57,105200,2015-04-02
1428019200,SNC,14.68,13.68,13.68,14.68,108700,2015-04-03
1428278400,SNC,15.52,14.68,14.68,16.04,60650,2015-04-06
1428364800,SNC,15.36,15.2,15.47,15.68,71100,2015-04-07
1428451200,SNC,15.15,14.94,15.36,15.36,111000,2015-04-08
1428537600,SNC,15.62,15.15,15.36,15.73,138600,2015-04-09
1428624000,SNC,16.89,15.68,15.68,16.89,126900,2015-04-10
1428883200,SNC,16.99,16.78,17.36,17.36,199800,2015-04-13
1428969600,SNC,16.89,16.52,16.52,16.99,65800,2015-04-14
1429056000,SNC,16.62,16.46,16.68,16.78,29800,2015-04-15
1429142400,SNC,16.41,16.25,16.41,16.57,82410,2015-04-16
1429228800,SNC,16.83,16.41,16.57,17.89,39600,2015-04-17
1429488000,SNC,16.57,16.52,16.68,16.68,131700,2015-04-20
1429574400,SNC,16.25,16.25,16.57,16.57,78900,2015-04-21
1429660800,SNC,15.94,15.26,16.31,16.31,32800,2015-04-22
1429747200,SNC,16.15,15.62,16.04,16.83,18800,2015-04-23
1429833600,SNC,15.78,15.78,15.78,15.83,9000,2015-04-24
1430092800,SNC,15.52,15.2,15.78,15.78,27200,2015-04-27
1430697600,SNC,14.73,14.2,14.2,14.73,1000,2015-05-04
1430784000,SNC,14.2,14.2,14.68,14.68,1200,2015-05-05
1430870400,SNC,14.1,14.1,15.94,15.94,2800,2015-05-06
1430956800,SNC,14.83,14.2,14.31,15.15,27600,2015-05-07
1431043200,SNC,15.26,15.26,16.31,16.31,500,2015-05-08
1431302400,SNC,16.46,16.46,16.83,16.83,500,2015-05-11
1431388800,SNC,14.89,14.89,15.26,15.26,800,2015-05-12
1431475200,SNC,15.2,14.2,16.31,16.31,5500,2015-05-13
1431561600,SNC,15.04,13.73,13.73,15.04,700,2015-05-14
1431648000,SNC,15.78,15.68,15.68,16.25,14300,2015-05-15
1431907200,SNC,14.68,14.68,15.41,15.41,2400,2015-05-18
1431993600,SNC,14.31,14.31,14.62,14.62,3600,2015-05-19
1432080000,SNC,14.41,14.41,14.99,15.15,13700,2015-05-20
1432166400,SNC,14.2,14.2,14.94,14.94,15600,2015-05-21
1432252800,SNC,14.2,14.2,14.2,14.2,3200,2015-05-22
1432512000,SNC,13.68,12.78,14.2,14.2,3000,2015-05-25
1432598400,SNC,13.94,13.94,14.68,14.68,5100,2015-05-26
1432684800,SNC,13.68,13.68,13.94,13.94,3000,2015-05-27
1432771200,SNC,13.78,13.78,14.62,14.62,6000,2015-05-28
1432857600,SNC,14.41,13.68,13.68,14.41,1600,2015-05-29
1433116800,SNC,13.57,13.57,14.26,14.26,1900,2015-06-01
1433203200,SNC,14.1,12.63,13.62,14.1,16100,2015-06-02
1433376000,SNC,12.94,12.63,13.62,13.62,7900,2015-06-04
1433462400,SNC,13.36,12.63,13.62,13.62,4100,2015-06-05
1433721600,SNC,12.63,11.84,11.89,13.1,18000,2015-06-08
1433808000,SNC,13.05,11.57,13.15,13.15,9900,2015-06-09
1433894400,SNC,13.15,12.84,12.84,13.15,4000,2015-06-10
1433980800,SNC,12.94,12.73,12.73,12.94,200,2015-06-11
1434067200,SNC,13.05,12.63,13.1,13.1,2100,2015-06-12
1434326400,SNC,12.89,12.84,12.99,12.99,1600,2015-06-15
1434412800,SNC,13.05,12.1,12.2,13.05,4800,2015-06-16
1434499200,SNC,13.05,12.1,12.1,13.05,1400,2015-06-17
1434585600,SNC,13.79,13.79,13.79,13.79,100,2015-06-18
1434672000,SNC,13.96,13.73,13.73,13.96,1200,2015-06-19
1434931200,SNC,12.5,12.5,12.84,12.84,4500,2015-06-22
1435017600,SNC,12.5,12.5,13.56,13.56,800,2015-06-23
1435104000,SNC,12.84,12.84,12.84,12.84,100,2015-06-24
1435190400,SNC,13.62,11.72,11.72,13.62,4700,2015-06-25
1435276800,SNC,13.29,12.84,13.4,14.51,8000,2015-06-26
1435536000,SNC,13.9,13.4,13.4,13.9,36500,2015-06-29
1435622400,SNC,14.23,12.5,14.18,14.23,101700,2015-06-30
1435708800,SNC,12.28,12.28,12.34,12.34,1000,2015-07-01
1435795200,SNC,12.28,11.16,11.16,14.12,12200,2015-07-02
1436227200,SNC,11.83,11.83,12.84,13.9,4900,2015-07-07
1436313600,SNC,13.4,13.4,13.4,13.4,100,2015-07-08
1436486400,SNC,13.17,13.17,13.17,13.17,100,2015-07-10
1436745600,SNC,13.45,13.45,13.84,13.84,20000,2015-07-13
1436832000,SNC,11.72,11.72,13.4,13.56,21000,2015-07-14
1436918400,SNC,13.23,13.23,13.34,13.34,12000,2015-07-15
1437004800,SNC,13.17,11.39,11.44,13.17,15600,2015-07-16
1437091200,SNC,13.4,11.05,11.11,13.4,5900,2015-07-17
1437350400,SNC,12.95,12.95,12.95,12.95,100,2015-07-20
1437609600,SNC,11.05,11.05,11.05,11.05,100,2015-07-23
1437696000,SNC,10.72,10.61,10.66,10.72,4000,2015-07-24
1437955200,SNC,10.72,10.72,10.72,10.72,300,2015-07-27
1438041600,SNC,11.11,10.61,11.16,11.16,2500,2015-07-28
1438128000,SNC,11.33,11.28,11.28,11.33,400,2015-07-29
1438300800,SNC,12.73,11.44,11.44,12.73,1900,2015-07-31
1438732800,SNC,10.72,10.72,10.88,11.67,2100,2015-08-05
1438819200,SNC,11.05,10.33,11.39,11.39,6200,2015-08-06
1438905600,SNC,11.16,11.16,11.72,12.5,8200,2015-08-07
1439251200,SNC,10.61,10.61,10.61,10.61,1000,2015-08-11
1439337600,SNC,10.61,10.05,10.05,10.88,1800,2015-08-12
1439424000,SNC,10.61,10.05,10.05,10.66,5900,2015-08-13
1439510400,SNC,10.61,10.61,10.61,11.11,5800,2015-08-14
1439769600,SNC,10.55,10.1,10.1,10.55,4100,2015-08-17
1439942400,SNC,10.55,10.55,10.55,10.55,100,2015-08-19
1440028800,SNC,11.72,11.16,11.16,12.11,32400,2015-08-20
1440115200,SNC,11.72,10.61,10.61,11.72,300,2015-08-21
1440374400,SNC,10.05,10.05,12.28,12.28,200,2015-08-24
1440460800,SNC,10.61,10.61,10.61,10.61,5000,2015-08-25
1440979200,SNC,10.05,10.05,11.72,11.72,300,2015-08-31
1441238400,SNC,12.84,11.16,11.16,12.84,200,2015-09-03
1441324800,SNC,10.21,10.21,12.84,12.84,4000,2015-09-04
1441584000,SNC,11.11,11.05,11.05,11.11,200,2015-09-07
1441670400,SNC,9.54,9.49,11.11,11.11,8100,2015-09-08
1441756800,SNC,10.33,10.33,10.33,10.33,100,2015-09-09
1442188800,SNC,8.93,8.82,8.93,8.93,12100,2015-09-14
1442275200,SNC,8.88,8.88,9.43,10.16,18400,2015-09-15
1442361600,SNC,10.16,8.93,9.49,10.38,26500,2015-09-16
1442448000,SNC,10.21,10.21,10.38,10.38,3100,2015-09-17
1442534400,SNC,9.49,9.49,9.49,10.21,2100,2015-09-18
1442966400,SNC,9.21,8.93,8.93,9.21,700,2015-09-23
1443052800,SNC,9.94,9.94,9.94,9.94,200,2015-09-24
1443139200,SNC,9.21,9.21,9.21,9.21,4300,2015-09-25
1443398400,SNC,9.82,9.82,9.82,9.82,100,2015-09-28
1443484800,SNC,8.54,8.54,8.93,8.93,1200,2015-09-29
1443571200,SNC,8.82,8.82,9.21,10.05,6200,2015-09-30
1443657600,SNC,9.21,9.21,9.21,9.21,500,2015-10-01
1444003200,SNC,9.27,9.27,9.71,9.71,800,2015-10-05
1444089600,SNC,9.21,9.04,9.21,9.21,9500,2015-10-06
1444176000,SNC,10.16,10.16,10.16,10.16,100,2015-10-07
1444262400,SNC,9.49,9.49,11.67,11.67,1200,2015-10-08
1444348800,SNC,9.21,8.93,9.49,9.49,3600,2015-10-09
1444608000,SNC,9.66,9.66,9.66,9.66,100,2015-10-12
1444694400,SNC,8.93,8.93,8.93,8.93,2000,2015-10-13
1444780800,SNC,8.37,8.37,8.65,8.65,1700,2015-10-14
1444867200,SNC,8.93,8.93,9.43,9.43,600,2015-10-15
1444953600,SNC,8.37,8.37,8.93,8.93,1400,2015-10-16
1445212800,SNC,9.66,9.66,9.66,9.66,100,2015-10-19
1445385600,SNC,9.04,8.76,8.76,9.21,4500,2015-10-21
1445472000,SNC,8.93,8.93,9.04,9.04,1600,2015-10-22
1445558400,SNC,10.33,10.33,10.33,10.33,100,2015-10-23
1445817600,SNC,9.21,9.21,11.11,11.11,1900,2015-10-26
1445904000,SNC,9.6,9.27,10.94,10.94,1100,2015-10-27
1445990400,SNC,9.99,9.21,9.21,9.99,200,2015-10-28
1446076800,SNC,9.49,9.49,11,11,1300,2015-10-29
1446163200,SNC,9.21,9.21,9.21,9.21,500,2015-10-30
1446422400,SNC,8.99,8.93,8.93,9.99,1100,2015-11-02
1446508800,SNC,8.93,8.93,9.49,10.38,5900,2015-11-03
1446595200,SNC,8.93,8.93,8.93,8.93,1000,2015-11-04
1446681600,SNC,8.65,8.65,9.43,9.43,1600,2015-11-05
1446768000,SNC,8.93,8.93,9.04,9.04,2100,2015-11-06
1447113600,SNC,8.37,8.37,9.38,9.38,300,2015-11-10
1447200000,SNC,8.88,8.88,8.88,8.88,700,2015-11-11
1447286400,SNC,8.88,7.59,7.59,8.88,1100,2015-11-12
1447372800,SNC,9.43,9.43,9.43,9.43,100,2015-11-13
1447718400,SNC,8.93,8.93,9.38,10.83,2100,2015-11-17
1447804800,SNC,9.49,8.93,9.49,10.88,4100,2015-11-18
1447891200,SNC,9.49,9.49,11,11,5600,2015-11-19
1447977600,SNC,9.49,9.49,10.83,10.83,3100,2015-11-20
1448236800,SNC,9.21,9.21,9.21,9.21,10000,2015-11-23
1448323200,SNC,9.21,9.21,9.21,9.21,1300,2015-11-24
1448409600,SNC,9.21,8.93,8.93,9.21,1600,2015-11-25
1448496000,SNC,9.1,8.93,8.93,9.1,7200,2015-11-26
1448582400,SNC,8.93,8.93,8.93,8.93,1200,2015-11-27
1448841600,SNC,8.93,8.93,8.93,8.93,7300,2015-11-30
1448928000,SNC,8.93,8.93,8.93,8.93,1500,2015-12-01
1449014400,SNC,8.93,8.93,8.93,8.93,3000,2015-12-02
1449100800,SNC,8.99,8.99,8.99,8.99,200,2015-12-03
1449187200,SNC,9.43,9.43,9.43,9.43,100,2015-12-04
1449532800,SNC,8.99,8.99,8.99,8.99,1000,2015-12-08
1449619200,SNC,8.93,8.93,8.93,8.93,1000,2015-12-09
1449705600,SNC,8.93,8.93,8.93,8.93,2400,2015-12-10
1449792000,SNC,9.43,9.43,9.43,9.43,100,2015-12-11
1450137600,SNC,8.93,8.93,8.93,8.93,200,2015-12-15
1450224000,SNC,9.21,8.93,8.93,9.21,1800,2015-12-16
1450310400,SNC,9.15,9.15,9.15,9.15,100,2015-12-17
1450656000,SNC,9.21,9.21,9.21,9.21,100,2015-12-21
1450742400,SNC,8.93,8.93,8.93,8.93,400,2015-12-22
1450828800,SNC,8.93,8.93,8.93,8.93,1300,2015-12-23
1451001600,SNC,8.93,8.93,8.93,8.93,1100,2015-12-25
1451260800,SNC,8.93,8.93,10.05,10.1,2600,2015-12-28
1451347200,SNC,11,11,11.11,11.11,2100,2015-12-29
1451433600,SNC,9.38,9.38,9.38,12.22,19000,2015-12-30
1451520000,SNC,9.66,9.66,10.61,12.22,40200,2015-12-31
1452470400,SNC,10.05,10.05,10.05,10.05,500,2016-01-11
1452556800,SNC,8.93,8.93,8.93,8.93,300,2016-01-12
1452643200,SNC,9.15,9.15,9.15,9.15,500,2016-01-13
1453075200,SNC,9.32,9.32,9.32,9.32,100,2016-01-18
1453248000,SNC,10.27,10.27,10.27,10.27,100,2016-01-20
1453334400,SNC,11.55,11.55,11.55,11.55,100,2016-01-21
1453680000,SNC,9.82,9.82,9.82,9.82,200,2016-01-25
1453766400,SNC,11,11,11,11,100,2016-01-26
1454457600,SNC,9.38,9.38,9.38,9.38,400,2016-02-03
1454544000,SNC,8.93,8.93,10.49,10.49,400,2016-02-04
1454630400,SNC,8.93,8.93,9.43,10.44,1300,2016-02-05
1455580800,SNC,9.04,8.37,8.37,9.04,1000,2016-02-16
1455667200,SNC,8.04,7.31,9.15,9.15,15300,2016-02-17
1455753600,SNC,8.37,8.37,8.37,8.37,100,2016-02-18
1455840000,SNC,8.37,8.37,8.99,8.99,510,2016-02-19
1456099200,SNC,8.82,8.48,8.48,8.82,31500,2016-02-22
1456185600,SNC,9.15,8.65,8.71,9.15,20300,2016-02-23
1456272000,SNC,8.88,8.71,8.71,8.88,8800,2016-02-24
1456358400,SNC,9.27,8.93,9.1,9.27,1300,2016-02-25
1456444800,SNC,9.49,9.04,9.04,9.49,4000,2016-02-26
1456704000,SNC,9.38,9.15,9.15,9.49,10800,2016-02-29
1456790400,SNC,9.49,9.21,9.32,9.49,6600,2016-03-01
1456876800,SNC,10.05,9.32,9.32,10.05,12100,2016-03-02
1456963200,SNC,9.71,9.21,9.21,10.05,6400,2016-03-03
1457049600,SNC,9.99,9.71,9.71,10.05,7300,2016-03-04
1457308800,SNC,10.05,9.99,9.99,10.05,4200,2016-03-07
1457395200,SNC,9.94,9.82,9.99,9.99,14100,2016-03-08
1457481600,SNC,10.21,9.49,9.49,10.38,10100,2016-03-09
1457568000,SNC,10.77,9.77,9.77,11.33,68900,2016-03-10
1457654400,SNC,12.28,10.05,10.33,12.28,45600,2016-03-11
1457913600,SNC,12.84,11.72,13.01,13.01,57300,2016-03-14
1458000000,SNC,12.45,10.83,10.94,12.45,59800,2016-03-15
1458086400,SNC,12.84,12.28,12.28,12.84,5000,2016-03-16
1458172800,SNC,12.62,12.62,12.73,13.34,19100,2016-03-17
1458259200,SNC,12.28,11.05,11.05,12.28,11200,2016-03-18
1458518400,SNC,10.05,9.49,9.49,12.22,42500,2016-03-21
1458604800,SNC,10.72,9.04,10.05,11,21100,2016-03-22
1458691200,SNC,11.28,11.28,11.28,11.28,3100,2016-03-23
1458777600,SNC,12.28,11.22,12.56,12.56,1700,2016-03-24
1458864000,SNC,11.83,10.16,10.16,12.5,15100,2016-03-25
1459123200,SNC,11.95,10.16,10.16,11.95,3100,2016-03-28
1459209600,SNC,11.61,10.27,10.27,11.61,1600,2016-03-29
1459296000,SNC,11.95,11.95,11.95,11.95,100,2016-03-30
1459382400,SNC,12.22,11.5,11.5,13.68,40300,2016-03-31
1459900800,SNC,11.72,10.77,10.77,11.72,1100,2016-04-06
1460073600,SNC,11.16,9.82,9.82,11.16,7000,2016-04-08
1460332800,SNC,11.16,9.04,9.1,11.16,5600,2016-04-11
1460419200,SNC,11.16,11.16,11.16,11.16,100,2016-04-12
1460592000,SNC,11.16,11.16,12,12.17,87500,2016-04-14
1461196800,SNC,11.16,10.33,10.33,11.16,1500,2016-04-21
1461283200,SNC,9.49,9.49,10.05,10.05,141900,2016-04-22
1461542400,SNC,10.55,10.55,10.55,10.55,100,2016-04-25
1461628800,SNC,11,11,11,11,100,2016-04-26
1462838400,SNC,9.77,9.49,9.49,9.77,500,2016-05-10
1462924800,SNC,9.71,9.71,9.71,9.71,300,2016-05-11
1463011200,SNC,10.88,10.88,10.88,10.88,100,2016-05-12
1463097600,SNC,9.77,9.77,9.77,9.77,800,2016-05-13
1463356800,SNC,9.88,9.71,9.71,9.88,1000,2016-05-16
1463443200,SNC,9.99,9.99,9.99,9.99,1000,2016-05-17
1463529600,SNC,9.99,9.21,10.21,10.21,16100,2016-05-18
1463616000,SNC,10.88,9.7,9.7,10.88,200,2016-05-19
1463702400,SNC,10.57,10.51,10.51,10.57,1100,2016-05-20
1464048000,SNC,10.57,10.57,10.57,10.57,500,2016-05-24
1464134400,SNC,10.57,10.57,10.57,10.57,600,2016-05-25
1464307200,SNC,10.51,10.51,10.51,10.51,100,2016-05-27
1464825600,SNC,9.95,9.95,9.95,9.95,7200,2016-06-02
1464912000,SNC,9.33,9.33,9.33,9.33,3500,2016-06-03
1465171200,SNC,9.89,9.89,9.89,9.89,100,2016-06-06
1465257600,SNC,9.33,9.33,9.83,10.57,8400,2016-06-07
1465344000,SNC,9.89,9.89,9.89,9.89,500,2016-06-08
1465430400,SNC,10.45,9.33,9.33,10.45,300,2016-06-09
1465776000,SNC,9.33,9.33,9.58,9.58,1700,2016-06-13
1465862400,SNC,9.89,9.89,9.89,9.89,100,2016-06-14
1466380800,SNC,9.89,9.83,9.83,9.89,300,2016-06-20
1466640000,SNC,9.89,8.71,8.71,9.89,2600,2016-06-23
1466726400,SNC,9.89,9.89,9.89,9.89,100,2016-06-24
1466985600,SNC,9.02,9.02,9.02,9.02,100,2016-06-27
1467072000,SNC,9.83,8.21,9.83,9.89,3500,2016-06-28
1467158400,SNC,10.51,7.77,7.77,10.51,36100,2016-06-29
1467244800,SNC,10.38,10.38,11.07,11.13,40500,2016-06-30
1467676800,SNC,10.51,9.52,9.52,10.51,200,2016-07-05
1467763200,SNC,10.57,8.58,8.71,10.57,2200,2016-07-06
1467849600,SNC,10.07,8.15,9.33,10.07,9200,2016-07-07
1467936000,SNC,9.95,9.95,9.95,9.95,100,2016-07-08
1468195200,SNC,9.14,8.46,9.33,9.33,44800,2016-07-11
1468281600,SNC,9.33,9.33,9.33,9.33,100,2016-07-12
1468368000,SNC,9.27,9.2,9.2,9.27,1100,2016-07-13
1468454400,SNC,9.33,8.71,8.71,9.33,4100,2016-07-14
1468800000,SNC,9.14,9.14,9.14,9.14,100,2016-07-18
1468972800,SNC,9.02,8.71,8.71,9.02,1700,2016-07-20
1469059200,SNC,9.83,9.83,9.83,9.83,100,2016-07-21
1469145600,SNC,8.96,8.96,8.96,8.96,4200,2016-07-22
1469491200,SNC,9.27,9.27,9.27,9.27,100,2016-07-26
1469577600,SNC,9.27,8.08,8.08,9.27,5200,2016-07-27
1469664000,SNC,8.96,8.08,8.08,8.96,4300,2016-07-28
1469750400,SNC,9.02,8.08,8.08,9.02,1300,2016-07-29
1470009600,SNC,8.77,8.77,8.77,8.77,2000,2016-08-01
1470096000,SNC,8.64,7.53,7.53,8.71,900,2016-08-02
1470182400,SNC,8.64,8.33,8.33,8.64,300,2016-08-03
1470268800,SNC,8.64,8.39,8.39,8.64,500,2016-08-04
1470355200,SNC,8.39,8.39,8.64,8.64,400,2016-08-05
1470614400,SNC,8.71,8.71,8.71,8.71,100,2016-08-08
1470700800,SNC,9.02,8.96,9.02,9.02,21100,2016-08-09
1470787200,SNC,9.27,9.27,9.27,9.27,100,2016-08-10
1470873600,SNC,9.27,8.83,8.83,9.27,200,2016-08-11
1470960000,SNC,9.05,8.39,8.39,9.14,200,2016-08-12
1471219200,SNC,8.77,8.77,9.27,9.27,700,2016-08-15
1471305600,SNC,9.14,9.14,9.14,9.14,100,2016-08-16
1471392000,SNC,10.26,10.26,10.26,10.26,1400,2016-08-17
1471564800,SNC,9.14,9.14,9.14,9.14,500,2016-08-19
1471996800,SNC,8.89,8.15,8.15,8.96,3000,2016-08-24
1472083200,SNC,8.39,8.39,8.39,8.39,100,2016-08-25
1472169600,SNC,8.89,8.71,8.71,8.89,1400,2016-08-26
1472428800,SNC,9.02,9.02,9.02,9.02,100,2016-08-29
1473033600,SNC,8.71,8.71,8.71,8.71,1000,2016-09-05
1473120000,SNC,8.71,8.08,8.08,8.71,3000,2016-09-06
1473206400,SNC,9.27,9.27,9.27,9.27,100,2016-09-07
1473984000,SNC,9.27,8.08,8.15,9.27,2500,2016-09-16
1474243200,SNC,9.27,9.27,9.27,9.27,100,2016-09-19
1474329600,SNC,9.14,9.14,9.14,9.14,100,2016-09-20
1474416000,SNC,9.14,8.08,8.15,9.14,1000,2016-09-21
1474502400,SNC,9.2,9.2,9.2,9.2,800,2016-09-22
1474588800,SNC,9.58,9.2,9.2,9.58,3900,2016-09-23
1475452800,SNC,8.71,8.71,8.71,8.71,1000,2016-10-03
1475539200,SNC,9.33,9.33,9.33,9.33,100,2016-10-04
1475625600,SNC,8.71,8.71,8.71,8.71,500,2016-10-05
1476057600,SNC,8.71,8.71,8.71,8.71,300,2016-10-10
1476144000,SNC,8.71,8.71,8.71,8.71,300,2016-10-11
1476662400,SNC,9.2,9.2,9.2,9.2,100,2016-10-17
1476748800,SNC,8.71,8.71,8.71,8.71,1500,2016-10-18
1476835200,SNC,8.96,8.96,8.96,8.96,100,2016-10-19
1477267200,SNC,8.08,7.71,7.71,9.27,2900,2016-10-24
1477353600,SNC,9.02,7.84,9.95,9.95,1800,2016-10-25
1477440000,SNC,10.45,10.45,10.45,10.45,1200,2016-10-26
1478217600,SNC,9.02,9.02,9.02,9.02,100,2016-11-04
1478476800,SNC,9.02,7.71,7.71,9.95,5200,2016-11-07
1478563200,SNC,9.27,9.27,9.27,9.27,100,2016-11-08
1478649600,SNC,7.96,7.96,10.51,10.51,1200,2016-11-09
1479081600,SNC,8.64,8.64,8.64,8.64,200,2016-11-14
1479427200,SNC,9.27,9.27,9.52,9.52,2000,2016-11-18
1479686400,SNC,9.27,8.39,8.39,9.27,800,2016-11-21
1479772800,SNC,9.27,9.27,9.27,9.27,4000,2016-11-22
1479859200,SNC,9.14,8.39,8.39,9.2,2700,2016-11-23
1480377600,SNC,9.2,9.2,9.2,9.2,2000,2016-11-29
1480464000,SNC,9.27,9.27,9.27,9.27,1000,2016-11-30
1480550400,SNC,10.26,10.2,10.38,10.38,4000,2016-12-01
1480982400,SNC,8.83,8.83,8.83,8.83,200,2016-12-06
1481241600,SNC,8.77,8.77,9.52,9.52,5300,2016-12-09
1481500800,SNC,9.33,9.33,9.33,9.33,2000,2016-12-12
1482105600,SNC,9.27,8.08,9.02,9.27,5700,2016-12-19
1482192000,SNC,9.27,9.27,9.27,9.27,1200,2016-12-20
1483056000,SNC,10.26,8.08,8.08,10.26,5500,2016-12-30
1483401600,SNC,9.02,8.27,8.27,9.02,2000,2017-01-03
1483660800,SNC,8.08,7.65,7.65,8.64,2700,2017-01-06
1483920000,SNC,8.08,8.08,8.08,8.08,100,2017-01-09
1484006400,SNC,8.39,8.08,8.39,8.39,2200,2017-01-10
1484179200,SNC,8.27,8.15,8.15,8.27,2000,2017-01-12
1484265600,SNC,8.08,8.08,8.15,8.15,1000,2017-01-13
1484524800,SNC,9.02,9.02,9.02,9.02,1000,2017-01-16
1485302400,SNC,9.58,9.58,9.58,9.58,1000,2017-01-25
1486339200,SNC,9.95,9.95,9.95,9.95,2400,2017-02-06
1487635200,SNC,8.71,8.71,8.71,8.71,100,2017-02-21
1487721600,SNC,9.27,9.27,9.27,9.27,3100,2017-02-22
1487808000,SNC,8.15,8.15,8.71,8.71,3300,2017-02-23
1487894400,SNC,9.2,9.2,9.2,9.2,2000,2017-02-24
1488153600,SNC,8.15,8.15,8.15,8.15,800,2017-02-27
1488240000,SNC,8.27,8.21,9.02,9.02,10800,2017-02-28
1488499200,SNC,8.96,7.65,7.77,8.96,6300,2017-03-03
1488931200,SNC,8.71,8.64,8.64,8.71,5000,2017-03-08
1489017600,SNC,8.58,8.52,8.52,8.71,1000,2017-03-09
1489363200,SNC,8.39,8.39,8.39,8.39,100,2017-03-13
1489449600,SNC,8.08,8.08,8.08,8.08,19800,2017-03-14
1489536000,SNC,7.77,7.77,7.77,8.08,4000,2017-03-15
1489622400,SNC,8.27,8.08,8.08,8.27,11300,2017-03-16
1489708800,SNC,7.46,7.46,8.39,8.39,18400,2017-03-17
1489968000,SNC,6.84,6.84,7.77,7.77,16400,2017-03-20
1490140800,SNC,7.96,7.96,7.96,7.96,10,2017-03-22
1490313600,SNC,7.15,7.15,7.15,7.15,10100,2017-03-24
1490572800,SNC,7.46,7.15,7.15,7.46,1000,2017-03-27
1490832000,SNC,7.71,7.65,7.65,7.71,2000,2017-03-30
1490918400,SNC,7.15,7.15,7.15,7.15,100,2017-03-31
1491264000,SNC,7.15,7.15,7.15,7.15,5900,2017-04-04
1492560000,SNC,7.15,7.15,7.46,7.46,7100,2017-04-19
1492646400,SNC,7.15,7.15,7.15,7.15,9200,2017-04-20
1492732800,SNC,6.84,6.84,7.15,7.15,1000,2017-04-21
1493078400,SNC,7.15,7.15,7.15,7.15,200,2017-04-25
1493251200,SNC,7.15,7.15,7.15,7.15,5000,2017-04-27
1493769600,SNC,7.15,7.15,7.15,7.15,5700,2017-05-03
1493856000,SNC,7.34,7.34,7.34,7.34,100,2017-05-04
1493942400,SNC,7.46,7.34,7.34,7.46,3200,2017-05-05
1494201600,SNC,7.46,7.46,7.46,7.46,300,2017-05-08
1494288000,SNC,7.77,7.77,7.77,7.77,4900,2017-05-09
1494460800,SNC,7.9,7.9,7.9,7.9,700,2017-05-11
1494979200,SNC,8.08,8.08,8.08,8.08,3000,2017-05-17
1495152000,SNC,8.08,8.08,8.08,8.08,1000,2017-05-19
1495497600,SNC,7.96,7.96,8.02,8.02,5200,2017-05-23
1495670400,SNC,7.96,7.96,7.96,7.96,3000,2017-05-25
1496188800,SNC,8.08,8.08,8.08,8.08,200,2017-05-31
1496361600,SNC,9.14,9.14,9.14,9.14,100,2017-06-02
1496620800,SNC,8.39,8.39,8.39,8.39,2000,2017-06-05
1496707200,SNC,8.96,8.15,8.15,8.96,1500,2017-06-06
1496793600,SNC,9.27,9.27,9.27,9.27,1000,2017-06-07
1496966400,SNC,8.15,8.08,8.08,8.21,24500,2017-06-09
1497225600,SNC,8.96,8.08,8.08,8.96,9000,2017-06-12
1497312000,SNC,9.95,8.08,8.08,9.95,24500,2017-06-13
1497398400,SNC,8.71,8.27,9.14,9.14,39500,2017-06-14
1497484800,SNC,9.89,9.89,9.89,9.89,15000,2017-06-15
1497571200,SNC,8.46,8.46,8.46,8.46,1000,2017-06-16
1497830400,SNC,7.34,7.28,7.28,7.77,6500,2017-06-19
1497916800,SNC,7.77,7.77,8.08,8.08,10600,2017-06-20
1498003200,SNC,7.77,7.77,7.77,7.77,4000,2017-06-21
1498176000,SNC,7.96,7.96,7.96,7.96,100,2017-06-23
1498435200,SNC,8.08,7.77,7.77,8.08,2600,2017-06-26
1498521600,SNC,8.08,8.08,8.08,8.08,900,2017-06-27
1498608000,SNC,8.08,6.9,8.08,8.08,13800,2017-06-28
1498694400,SNC,7.96,7.96,7.96,7.96,100,2017-06-29
1499040000,SNC,7.77,7.77,7.84,7.84,2000,2017-07-03
1499299200,SNC,7.77,7.59,7.59,7.77,5100,2017-07-06
1499817600,SNC,7.46,7.46,7.46,7.77,5400,2017-07-12
1499904000,SNC,7.46,7.46,7.46,7.46,2000,2017-07-13
1499990400,SNC,7.46,7.46,7.46,7.46,2000,2017-07-14
1500508800,SNC,7.46,7.46,7.46,7.46,4400,2017-07-20
1500595200,SNC,7.46,7.46,7.46,7.46,8800,2017-07-21
1500854400,SNC,7.46,7.46,7.46,7.46,8300,2017-07-24
1500940800,SNC,7.46,7.46,7.46,7.46,15000,2017-07-25
1501459200,SNC,7.77,7.77,7.77,7.77,100,2017-07-31
1502064000,SNC,7.46,6.9,7.77,7.9,49100,2017-08-07
1502150400,SNC,7.71,6.84,6.84,7.71,41500,2017-08-08
1503273600,SNC,7.77,7.77,7.77,7.77,7400,2017-08-21
1503360000,SNC,7.77,7.77,7.77,7.77,14300,2017-08-22
1503446400,SNC,7.77,7.77,7.77,7.77,100,2017-08-23
1503532800,SNC,7.77,7.77,7.77,7.77,4700,2017-08-24
1503878400,SNC,7.46,7.46,7.46,7.46,3500,2017-08-28
1503964800,SNC,8.15,7.46,7.46,8.15,4600,2017-08-29
1504137600,SNC,7.46,7.46,7.46,7.46,5000,2017-08-31
1504224000,SNC,7.46,7.46,7.46,7.46,8200,2017-09-01
1504569600,SNC,7.46,7.46,7.46,7.46,12800,2017-09-05
1504656000,SNC,7.46,7.46,7.46,7.46,7000,2017-09-06
1504742400,SNC,7.46,7.46,7.46,7.46,9000,2017-09-07
1505865600,SNC,8.27,8.27,8.27,8.27,100,2017-09-20
1506038400,SNC,8.66,8.66,8.66,8.66,100,2017-09-22
1506384000,SNC,8.79,8.66,8.66,8.79,200,2017-09-26
1506556800,SNC,8.14,8.14,9.7,9.7,500,2017-09-28
1507766400,SNC,8.47,8.47,8.47,8.47,100,2017-10-12
1507852800,SNC,7.88,7.88,8.34,8.34,900,2017-10-13
1508112000,SNC,8.01,8.01,8.01,8.01,300,2017-10-16
1508198400,SNC,7.82,7.82,7.82,7.82,200,2017-10-17
1508284800,SNC,7.82,7.82,7.82,7.82,4100,2017-10-18
1508716800,SNC,7.82,7.82,7.82,7.82,500,2017-10-23
1508803200,SNC,7.82,7.82,7.82,7.82,1500,2017-10-24
1509062400,SNC,7.82,7.82,7.82,7.82,1000,2017-10-27
1509321600,SNC,7.82,7.82,7.82,7.82,1400,2017-10-30
1510012800,SNC,7.82,7.82,7.82,7.82,600,2017-11-07
1510099200,SNC,7.82,7.82,7.82,7.82,2000,2017-11-08
1510185600,SNC,7.82,7.82,7.82,7.82,1000,2017-11-09
1510272000,SNC,7.82,7.82,7.82,7.82,1100,2017-11-10
1510531200,SNC,7.82,7.82,7.82,7.82,16700,2017-11-13
1510617600,SNC,7.82,7.82,7.82,7.82,7500,2017-11-14
1510704000,SNC,7.82,7.82,7.82,7.82,1000,2017-11-15
1510790400,SNC,7.82,7.82,7.82,7.82,3000,2017-11-16
1511308800,SNC,7.82,7.82,7.82,7.82,2000,2017-11-22
1511740800,SNC,7.82,7.82,7.82,7.82,2000,2017-11-27
1511913600,SNC,7.82,7.82,7.82,7.82,200,2017-11-29
1512000000,SNC,7.82,7.82,8.14,8.14,800,2017-11-30
1512345600,SNC,8.14,8.14,8.14,8.14,200,2017-12-04
1512432000,SNC,7.82,7.82,7.95,7.95,200,2017-12-05
1512604800,SNC,7.95,7.95,7.95,7.95,200,2017-12-07
1512691200,SNC,7.95,7.95,7.95,8.01,900,2017-12-08
1513036800,SNC,7.82,7.82,7.95,7.95,5500,2017-12-12
1513123200,SNC,7.82,7.82,7.82,7.82,3800,2017-12-13
1513209600,SNC,7.82,7.82,7.82,7.82,500,2017-12-14
1513555200,SNC,7.82,7.82,7.82,7.82,100,2017-12-18
1513900800,SNC,7.82,7.82,7.82,7.82,500,2017-12-22
1514419200,SNC,7.82,7.82,7.82,7.82,2000,2017-12-28
1515542400,SNC,7.16,6.64,6.64,7.16,1800,2018-01-10
1515628800,SNC,6.06,6.06,6.12,6.12,1300,2018-01-11
1515715200,SNC,6.97,6.97,6.97,6.97,4000,2018-01-12
1516060800,SNC,7.49,7.49,7.49,7.49,1000,2018-01-16
1516233600,SNC,7.16,7.16,7.16,7.16,1400,2018-01-18
1516579200,SNC,6.84,6.84,7.16,7.16,1400,2018-01-22
1516665600,SNC,6.51,6.51,6.84,6.84,1100,2018-01-23
1517356800,SNC,7.42,7.42,7.42,7.42,100,2018-01-31
1517529600,SNC,7.36,7.36,7.36,7.36,100,2018-02-02
1517875200,SNC,7.16,7.16,7.16,7.16,500,2018-02-06
1518048000,SNC,7.16,7.16,7.16,7.16,500,2018-02-08
1518480000,SNC,7.16,7.16,7.16,7.16,1000,2018-02-13
1519171200,SNC,7.16,7.16,7.16,7.16,12000,2018-02-21
1519862400,SNC,6.51,6.51,6.51,6.51,7000,2018-03-01
1520208000,SNC,6.9,6.84,6.84,6.9,5300,2018-03-05
1520294400,SNC,6.84,6.84,6.84,6.9,28500,2018-03-06
1520467200,SNC,6.84,6.51,6.51,6.84,14000,2018-03-08
1520812800,SNC,6.84,6.84,6.84,6.84,30500,2018-03-12
1520899200,SNC,7.1,7.1,7.1,7.1,500,2018-03-13
1520985600,SNC,7.16,7.16,7.42,7.42,2500,2018-03-14
1521072000,SNC,7.16,7.16,7.36,7.36,4900,2018-03-15
1521158400,SNC,7.36,6.51,6.51,7.36,9500,2018-03-16
1521417600,SNC,6.84,6.84,7.1,7.1,6800,2018-03-19
1521504000,SNC,6.9,6.9,7.16,7.16,4200,2018-03-20
1521590400,SNC,6.84,6.51,6.51,6.9,7000,2018-03-21
1521763200,SNC,6.84,6.51,6.84,6.84,25500,2018-03-23
1522022400,SNC,6.84,6.51,6.51,6.84,10500,2018-03-26
1522108800,SNC,6.84,6.84,6.84,6.84,42900,2018-03-27
1522195200,SNC,6.84,6.84,6.84,6.84,11500,2018-03-28
1522368000,SNC,6.84,6.84,6.84,6.84,2000,2018-03-30
1522627200,SNC,6.84,6.84,6.84,6.84,18000,2018-04-02
1522713600,SNC,6.84,6.84,6.84,6.84,5000,2018-04-03
1523404800,SNC,6.84,6.84,6.84,6.84,2500,2018-04-11
1523491200,SNC,6.84,6.84,6.84,6.84,3000,2018-04-12
1524182400,SNC,6.51,6.51,6.51,6.51,11000,2018-04-20
1524441600,SNC,6.84,6.84,6.84,6.84,10000,2018-04-23
1524528000,SNC,6.9,6.51,6.51,6.9,30700,2018-04-24
1524787200,SNC,6.84,6.84,6.9,6.9,19000,2018-04-27
1525305600,SNC,6.84,6.84,6.84,6.84,1000,2018-05-03
1525824000,SNC,6.51,6.51,6.84,6.84,27300,2018-05-09
1525910400,SNC,6.77,6.77,6.84,6.84,12100,2018-05-10
1526428800,SNC,6.84,6.84,6.84,6.84,4100,2018-05-16
1526515200,SNC,6.84,6.84,6.84,6.84,1000,2018-05-17
1526601600,SNC,6.84,6.84,6.84,6.84,1000,2018-05-18
1528416000,SNC,6.84,6.84,6.84,6.84,1000,2018-06-08
1528675200,SNC,6.84,6.84,6.84,6.84,800,2018-06-11
1528934400,SNC,6.84,6.84,7.16,7.16,7500,2018-06-14
1529020800,SNC,6.84,6.84,6.84,6.84,5000,2018-06-15
1529280000,SNC,6.84,6.84,6.84,6.84,1000,2018-06-18
1529366400,SNC,6.84,6.84,6.84,6.84,2000,2018-06-19
1529452800,SNC,6.84,6.84,6.84,6.84,2000,2018-06-20
1529539200,SNC,6.84,6.84,6.84,6.84,23000,2018-06-21
1529971200,SNC,6.84,6.84,6.84,6.84,3800,2018-06-26
1530057600,SNC,6.84,6.84,6.84,6.84,11000,2018-06-27
1530230400,SNC,6.51,6.51,6.51,6.51,6000,2018-06-29
1530748800,SNC,6.51,6.51,6.51,6.51,4500,2018-07-05
1530835200,SNC,6.51,6.51,6.51,6.51,4500,2018-07-06
1531094400,SNC,5.73,5.73,5.73,5.73,1000,2018-07-09
1531440000,SNC,6.19,6.19,6.19,6.19,6000,2018-07-13
1531699200,SNC,6.19,6.19,6.19,6.19,4500,2018-07-16
1531785600,SNC,6.19,6.19,6.19,6.19,400,2018-07-17
1531872000,SNC,6.19,6.19,6.25,6.25,8700,2018-07-18
1531958400,SNC,6.51,6.51,6.51,6.51,1000,2018-07-19
1532390400,SNC,6.51,6.51,6.51,6.51,5000,2018-07-24
1532476800,SNC,6.25,6.25,6.25,6.25,5000,2018-07-25
1532563200,SNC,7.16,7.16,7.16,7.16,1500,2018-07-26
1532649600,SNC,7.16,7.16,7.16,7.16,1000,2018-07-27
1533081600,SNC,7.16,7.16,7.16,7.16,1400,2018-08-01
1533600000,SNC,7.16,7.16,7.16,7.16,1000,2018-08-07
1533686400,SNC,7.82,7.75,7.75,7.82,1200,2018-08-08
1533772800,SNC,7.49,7.49,7.49,7.49,1000,2018-08-09
1533859200,SNC,7.82,7.82,7.82,7.82,200,2018-08-10
1534118400,SNC,8.92,8.92,8.92,8.92,100,2018-08-13
1534291200,SNC,7.82,7.82,7.82,7.82,1400,2018-08-15
1534377600,SNC,7.82,7.82,7.82,7.82,7800,2018-08-16
1534464000,SNC,8.47,8.47,8.47,8.47,100,2018-08-17
1534723200,SNC,7.29,7.29,7.29,7.29,100,2018-08-20
1534809600,SNC,6.58,6.58,6.58,6.58,100,2018-08-21
1534896000,SNC,7.49,7.49,7.49,7.49,1000,2018-08-22
1534982400,SNC,8.2,8.2,8.2,8.2,100,2018-08-23
1535068800,SNC,7.13,7.13,7.13,7.13,100,2018-08-24
1535587200,SNC,6.42,6.42,6.42,6.42,300,2018-08-30
1535673600,SNC,5.71,5.71,5.71,5.71,200,2018-08-31
1536105600,SNC,5.35,5.35,5.35,5.35,500,2018-09-05
1536192000,SNC,5.63,5.63,5.63,5.63,500,2018-09-06
1536278400,SNC,5.49,5.49,5.49,5.49,500,2018-09-07
1536537600,SNC,5.78,5.78,5.78,5.78,300,2018-09-10
1537228800,SNC,5.49,5.49,5.49,5.49,500,2018-09-18
1537315200,SNC,6.21,6.21,6.21,6.21,100,2018-09-19
1537401600,SNC,5.42,5.42,5.42,5.42,200,2018-09-20
1537488000,SNC,6.21,6.21,6.21,6.21,100,2018-09-21
1537747200,SNC,6.21,6.21,6.21,6.21,500,2018-09-24
1537833600,SNC,7.13,5.49,5.56,7.13,1200,2018-09-25
1537920000,SNC,7.85,5.99,5.99,7.85,3800,2018-09-26
1538006400,SNC,8.77,7.2,7.2,8.77,2000,2018-09-27
1538092800,SNC,9.27,7.2,8.42,9.63,4000,2018-09-28
1538352000,SNC,9.42,6.99,7.06,9.42,4000,2018-10-01
1538438400,SNC,6.63,6.56,8.77,8.77,23400,2018-10-02
1538524800,SNC,8.27,6.13,6.28,8.27,11800,2018-10-03
1538611200,SNC,8.27,6.28,8.27,8.27,62400,2018-10-04
1538697600,SNC,7.85,6.56,7.85,7.85,44800,2018-10-05
1538956800,SNC,7.85,6.85,7.85,7.85,281921,2018-10-08
1539043200,SNC,7.85,7.85,7.85,7.85,6500,2018-10-09
1539129600,SNC,8.99,8.99,8.99,8.99,8400,2018-10-10
1539216000,SNC,9.84,9.84,9.84,9.84,100,2018-10-11
1539302400,SNC,9.77,8.42,8.56,9.77,13200,2018-10-12
1539561600,SNC,7.49,7.49,9.27,9.63,6700,2018-10-15
1539648000,SNC,9.49,7.85,7.85,9.49,3521,2018-10-16
1540166400,SNC,8.35,8.35,10.27,10.27,630,2018-10-22
1540252800,SNC,8.63,8.63,8.63,8.63,100,2018-10-23
1540339200,SNC,9.91,8.06,8.06,9.91,300,2018-10-24
1540512000,SNC,9.91,9.27,9.27,9.91,300,2018-10-26
1540771200,SNC,11.06,10.84,10.84,11.06,1200,2018-10-29
1540857600,SNC,11.7,9.42,10.7,11.7,700,2018-10-30
1540944000,SNC,11.13,11.13,11.13,11.13,100,2018-10-31
1541030400,SNC,11.34,11.34,11.34,11.34,130,2018-11-01
1541116800,SNC,11.34,11.34,11.34,11.34,2000,2018-11-02
1541376000,SNC,11.2,11.2,11.34,11.34,3400,2018-11-05
1541462400,SNC,10.63,10.63,10.63,10.63,1020,2018-11-06
1541548800,SNC,9.06,9.06,11.41,11.41,1900,2018-11-07
1541635200,SNC,11.2,9.34,9.34,11.34,1100,2018-11-08
1541721600,SNC,9.84,9.7,11.41,11.41,900,2018-11-09
1541980800,SNC,9.42,9.27,9.27,9.42,8200,2018-11-12
1542067200,SNC,8.92,8.92,8.92,8.92,100,2018-11-13
1542153600,SNC,8.56,8.56,8.56,8.56,100,2018-11-14
1542240000,SNC,9.77,9.77,9.77,9.77,100,2018-11-15
1542326400,SNC,10.83,8.79,8.79,10.83,506,2018-11-16
1542585600,SNC,9.32,9.32,11.13,11.36,600,2018-11-19
1542672000,SNC,11.89,9.92,11.97,11.97,4400,2018-11-20
1542758400,SNC,11.82,10.6,13.56,13.56,3300,2018-11-21
1542844800,SNC,12.04,11.97,11.97,12.04,1200,2018-11-22
1542931200,SNC,11.36,11.36,11.36,11.66,12000,2018-11-23
1543190400,SNC,9.85,9.85,12.8,12.8,8900,2018-11-26
1543449600,SNC,9.24,9.24,9.24,9.24,100,2018-11-29
1543536000,SNC,10.6,9.47,10.45,10.6,17100,2018-11-30
1543795200,SNC,9.85,9.85,11.21,11.21,9600,2018-12-03
1543881600,SNC,11.13,11.13,11.13,11.13,100,2018-12-04
1543968000,SNC,11.29,11.29,11.29,11.29,100,2018-12-05
1544054400,SNC,10.6,10.6,10.6,10.6,900,2018-12-06
1544140800,SNC,10.6,10.6,11.74,11.74,400,2018-12-07
1544400000,SNC,11.74,11.74,11.74,11.74,100,2018-12-10
1544486400,SNC,10.98,10.98,10.98,10.98,2700,2018-12-11
1544572800,SNC,10.6,10.6,10.6,10.6,5500,2018-12-12
1544659200,SNC,10.98,10.98,11.74,12.2,11300,2018-12-13
1544745600,SNC,10.91,10.91,10.91,10.91,400,2018-12-14
1545004800,SNC,12.42,12.42,12.42,12.42,100,2018-12-17
1545091200,SNC,12.72,12.72,12.72,12.72,100,2018-12-18
1545350400,SNC,11.74,11.74,11.74,11.74,200,2018-12-21
1545609600,SNC,10.98,10.98,10.98,10.98,1600,2018-12-24
1545696000,SNC,9.54,9.54,9.62,9.62,8400,2018-12-25
1545955200,SNC,10.83,10.76,10.76,10.83,1200,2018-12-28
1546560000,SNC,9.32,9.32,9.39,9.39,1200,2019-01-04
1546905600,SNC,10.68,9.39,9.39,10.68,200,2019-01-08
1546992000,SNC,10,10,10,10,100,2019-01-09
1547769600,SNC,10.45,10.45,10.45,10.45,100,2019-01-18
1548028800,SNC,10.91,10.91,10.91,10.91,1000,2019-01-21
1548115200,SNC,10.91,10.91,10.91,10.91,100,2019-01-22
1548201600,SNC,11.66,11.66,11.66,11.66,100,2019-01-23
1548288000,SNC,11.36,11.36,11.36,11.36,400,2019-01-24
1548374400,SNC,9.92,9.92,11.36,11.36,600,2019-01-25
1548633600,SNC,9.32,9.32,9.32,9.32,100,2019-01-28
1548806400,SNC,10.53,10.53,10.53,10.53,200,2019-01-30
1549929600,SNC,10.68,10.68,10.68,10.68,100,2019-02-12
1550188800,SNC,11.44,11.44,11.44,11.44,100,2019-02-15
1550448000,SNC,11.44,11.44,11.44,11.44,700,2019-02-18
1550620800,SNC,11.44,11.36,11.36,11.44,400,2019-02-20
1550707200,SNC,10.98,10.98,11.44,11.44,300,2019-02-21
1551052800,SNC,10.98,10.98,10.98,10.98,5000,2019-02-25
1551657600,SNC,10.98,10.98,11.13,11.13,6300,2019-03-04
1551744000,SNC,10.6,10.6,10.6,10.6,2900,2019-03-05
1551830400,SNC,10.6,9.16,9.16,10.6,1100,2019-03-06
1551916800,SNC,9.85,9.85,10.45,10.45,15000,2019-03-07
1552435200,SNC,10.91,10.6,10.6,10.91,4500,2019-03-13
1553040000,SNC,11.36,10.98,12.12,12.12,5100,2019-03-20
1553126400,SNC,9.85,9.85,9.85,9.85,200,2019-03-21
1553212800,SNC,9.16,9.16,9.16,9.16,106,2019-03-22
1553558400,SNC,10.53,10.45,10.45,10.53,5200,2019-03-26
1553644800,SNC,10.6,10.6,10.6,10.6,2000,2019-03-27
1553731200,SNC,11.36,11.36,11.36,11.36,1000,2019-03-28
1554940800,SNC,11.36,11.29,11.29,11.36,6300,2019-04-11
1555632000,SNC,11.89,11.89,12.12,12.12,5500,2019-04-19
1555891200,SNC,11.36,11.36,11.74,11.74,4000,2019-04-22
1555977600,SNC,11.36,11.36,11.36,11.36,3000,2019-04-23
1556064000,SNC,10.98,10.98,10.98,10.98,5000,2019-04-24
1556150400,SNC,11.36,10.98,11.06,11.74,27000,2019-04-25
1556236800,SNC,11.36,11.29,11.29,11.36,8000,2019-04-26
1557187200,SNC,11.36,11.36,11.36,11.36,7000,2019-05-07
1557705600,SNC,11.74,11.36,11.36,11.74,2400,2019-05-13
1557792000,SNC,11.74,11.74,11.74,11.74,2300,2019-05-14
1557964800,SNC,11.74,11.74,11.74,11.74,4700,2019-05-16
1558051200,SNC,11.74,11.74,11.74,11.74,3000,2019-05-17
1558310400,SNC,10.98,10.98,10.98,10.98,2700,2019-05-20
1561939200,SNC,6.89,6.89,6.89,6.89,100,2019-07-01
1562112000,SNC,7.88,7.88,7.88,7.88,100,2019-07-03
1562198400,SNC,7.88,7.88,8.63,8.63,100,2019-07-04
1562544000,SNC,9.92,9.92,9.92,9.92,100,2019-07-08
1562630400,SNC,11.36,11.06,11.06,11.36,4100,2019-07-09
1562889600,SNC,12.88,12.88,12.88,12.88,100,2019-07-12
1563148800,SNC,14.39,14.39,14.39,14.39,100,2019-07-15
1563235200,SNC,12.27,12.27,12.27,12.27,4300,2019-07-16
1563408000,SNC,13.63,13.63,13.63,13.63,100,2019-07-18
1563494400,SNC,14.7,14.7,14.7,14.7,100,2019-07-19
1563753600,SNC,14.77,12.5,12.5,14.77,5200,2019-07-22
1563840000,SNC,14.32,14.32,14.32,14.32,100,2019-07-23
1566345600,SNC,14.39,14.39,14.39,14.39,100,2019-08-21
1567123200,SNC,12.27,12.27,12.27,12.27,4500,2019-08-30
1567468800,SNC,12.27,12.27,12.27,12.27,600,2019-09-03
1567641600,SNC,10.45,10.45,10.45,10.45,200,2019-09-05
1567728000,SNC,11.97,11.97,11.97,11.97,100,2019-09-06
1568246400,SNC,13.16,13.16,13.16,13.16,2000,2019-09-12
1568678400,SNC,15.08,15.08,15.08,15.08,300,2019-09-17
1568937600,SNC,12.85,12.85,12.85,12.85,100,2019-09-20
1569196800,SNC,10.93,10.93,10.93,10.93,100,2019-09-23
1569456000,SNC,12.53,12.53,12.53,12.53,100,2019-09-26
1569542400,SNC,14.12,14.12,14.12,14.12,100,2019-09-27
1569888000,SNC,12.53,12.53,12.53,12.53,9200,2019-10-01
1569974400,SNC,13.24,13.24,13.24,13.24,200,2019-10-02
1570060800,SNC,15.08,15.08,15.08,15.08,1500,2019-10-03
1570752000,SNC,13.16,12.85,12.85,13.16,2300,2019-10-11
1571011200,SNC,14.28,12.37,12.37,14.28,3600,2019-10-14
1571097600,SNC,14.12,14.12,14.12,14.12,200,2019-10-15
1571270400,SNC,15.08,15.08,15.08,15.08,200,2019-10-17
1571356800,SNC,17.31,17.31,17.31,17.31,200,2019-10-18
1571788800,SNC,19.07,19.07,19.07,19.07,200,2019-10-23
1571875200,SNC,16.28,16.28,16.28,16.28,100,2019-10-24
1572393600,SNC,15.96,15.96,15.96,15.96,2000,2019-10-30
1572566400,SNC,13.56,13.56,13.56,13.56,400,2019-11-01
1572825600,SNC,15,15,15.08,15.08,2100,2019-11-04
1572912000,SNC,15.72,15.72,15.72,15.72,100,2019-11-05
1572998400,SNC,15.88,15.88,15.88,15.88,100,2019-11-06
1574812800,SNC,18.19,18.19,18.19,18.19,100,2019-11-27
1578528000,SNC,12.37,12.37,12.37,12.37,500,2020-01-09
1578873600,SNC,12.77,12.77,12.77,12.77,1500,2020-01-13
1579478400,SNC,14.6,14.6,14.6,14.6,100,2020-01-20
1579651200,SNC,16.6,16.6,16.6,16.6,100,2020-01-22
1581897600,SNC,14.18,14.18,14.18,14.18,100,2020-02-17
1582156800,SNC,15.77,15.77,15.77,15.77,100,2020-02-20
1582502400,SNC,17.44,17.44,17.44,17.44,100,2020-02-24
1583971200,SNC,14.85,14.85,14.85,14.85,100,2020-03-12
1584057600,SNC,12.68,12.68,12.68,12.68,100,2020-03-13
1584576000,SNC,14.1,11.77,11.77,14.1,300,2020-03-19
1585008000,SNC,14.1,14.1,14.1,14.1,100,2020-03-24
1585180800,SNC,12.1,12.1,12.52,12.52,7000,2020-03-26
1585267200,SNC,14.1,14.1,14.1,14.1,100,2020-03-27
1585526400,SNC,12.1,12.1,12.1,12.1,3000,2020-03-30
1585699200,SNC,12.18,12.18,12.18,12.43,1500,2020-04-01
1585872000,SNC,12.1,12.1,12.1,13.68,9000,2020-04-03
1586131200,SNC,12.1,12.1,12.1,12.1,4000,2020-04-06
1586217600,SNC,10.85,10.85,12.1,12.1,1900,2020-04-07
1586304000,SNC,12.1,10.85,10.85,12.1,1300,2020-04-08
1587686400,SNC,12.1,12.1,12.1,12.1,4000,2020-04-24
1588032000,SNC,12.1,12.1,12.1,12.1,6000,2020-04-28
1588118400,SNC,12.43,12.43,12.43,12.43,4300,2020-04-29
1588636800,SNC,12.1,12.1,12.1,12.1,600,2020-05-05
1588723200,SNC,12.1,12.1,12.1,12.1,100,2020-05-06
1589241600,SNC,12.1,12.1,12.1,12.1,3500,2020-05-12
1589500800,SNC,12.43,12.1,12.1,12.43,16500,2020-05-15
1589760000,SNC,12.1,12.1,12.27,12.43,7900,2020-05-18
1589846400,SNC,12.1,11.68,11.68,12.1,3500,2020-05-19
1589932800,SNC,12.1,12.1,12.52,12.52,14700,2020-05-20
1590019200,SNC,12.27,12.27,12.27,12.27,6000,2020-05-21
1590451200,SNC,12.27,12.27,12.27,12.27,2200,2020-05-26
1590537600,SNC,12.52,12.27,12.27,12.52,7200,2020-05-27
1590624000,SNC,12.27,12.27,12.27,12.27,4000,2020-05-28
1590969600,SNC,10.43,10.43,10.43,10.43,9100,2020-06-01
1591142400,SNC,11.93,11.93,11.93,11.93,100,2020-06-03
1591228800,SNC,10.35,10.35,12.52,13.68,24600,2020-06-04
1591660800,SNC,13.35,12.52,12.52,13.35,13700,2020-06-09
1591833600,SNC,12.52,12.52,12.52,12.52,8700,2020-06-11
1592265600,SNC,12.52,12.52,12.52,12.52,5000,2020-06-16
1592438400,SNC,12.52,12.52,12.52,12.52,1700,2020-06-18
1592524800,SNC,12.52,12.52,12.52,12.52,2000,2020-06-19
1592870400,SNC,12.52,12.52,12.52,12.52,100,2020-06-23
1592956800,SNC,12.52,12.52,12.52,12.52,1100,2020-06-24
1598400000,SNC,7.59,7.59,7.59,7.59,100,2020-08-26
1598832000,SNC,8.69,8.69,8.69,8.69,100,2020-08-31
1599436800,SNC,9.97,9.97,9.97,9.97,900,2020-09-07
1599523200,SNC,11.44,11.44,11.44,11.44,900,2020-09-08
1599609600,SNC,13.08,13.08,13.08,13.08,900,2020-09-09
1601424000,SNC,14.64,13.72,13.72,14.64,13500,2020-09-30
1601510400,SNC,14.36,13.72,13.72,14.36,20000,2020-10-01
1601596800,SNC,12.81,12.81,12.81,12.81,100,2020-10-02
1601942400,SNC,13.26,13.26,13.26,13.26,7100,2020-10-06
1602028800,SNC,13.72,13.72,14.64,15.19,73100,2020-10-07
1602115200,SNC,13.72,13.72,13.72,13.72,100,2020-10-08
1602201600,SNC,13.72,13.72,13.72,13.72,300,2020-10-09
1602460800,SNC,12.44,12.44,12.44,12.44,700,2020-10-12
1602633600,SNC,11.16,11.16,11.16,11.16,72200,2020-10-14
1602720000,SNC,12.44,12.44,12.44,12.44,700,2020-10-15
1604361600,SNC,13.72,13.72,13.72,13.72,300,2020-11-03
1604880000,SNC,13.72,13.26,13.72,13.72,15400,2020-11-09
1605484800,SNC,13.72,13.72,13.72,13.72,100,2020-11-16
1607385600,SNC,13.72,13.72,13.72,13.72,100,2020-12-08
1608163200,SNC,13.72,13.72,13.72,13.72,300,2020-12-17
1608249600,SNC,13.72,13.72,13.72,13.72,6400,2020-12-18
1608508800,SNC,13.72,13.72,13.72,13.72,100,2020-12-21
1610323200,SNC,12.81,12.81,12.81,12.81,1900,2021-01-11
1610668800,SNC,10.98,10.98,12.35,12.35,21700,2021-01-15
1610928000,SNC,10.98,10.98,11.89,11.89,25400,2021-01-18
1611014400,SNC,12.71,10.52,11.07,12.71,13000,2021-01-19
1611100800,SNC,10.98,10.79,10.98,10.98,9700,2021-01-20
1611187200,SNC,12.62,10.98,10.98,12.62,27400,2021-01-21
1611273600,SNC,12.07,12.07,12.07,12.07,2000,2021-01-22
1611792000,SNC,10.98,10.98,11.44,11.44,7600,2021-01-28
1611878400,SNC,10.61,10.61,10.61,10.61,100,2021-01-29
1612224000,SNC,11.07,11.07,11.07,11.07,300,2021-02-02
1612310400,SNC,12.71,12.07,12.07,12.71,10300,2021-02-03
1612396800,SNC,11.89,11.8,11.89,11.89,1500,2021-02-04
1612483200,SNC,11.8,11.8,11.8,11.8,1000,2021-02-05
1613520000,SNC,12.35,12.35,12.35,12.35,3200,2021-02-17
1613606400,SNC,12.35,12.35,12.35,12.35,3500,2021-02-18
1613692800,SNC,12.35,12.35,12.35,12.35,1000,2021-02-19
1613952000,SNC,12.35,12.35,12.35,12.35,4000,2021-02-22
1614124800,SNC,12.81,12.81,12.81,12.81,400,2021-02-24
1614902400,SNC,11.07,11.07,11.07,11.07,20000,2021-03-05
1615334400,SNC,12.71,11.71,11.71,12.71,1500,2021-03-10
1615766400,SNC,12.81,12.35,12.35,12.81,3600,2021-03-15
1615852800,SNC,14.36,13.72,13.72,14.36,8400,2021-03-16
1615939200,SNC,13.72,13.72,13.9,13.9,8000,2021-03-17
1616025600,SNC,13.72,13.72,13.72,13.72,500,2021-03-18
1616112000,SNC,14.18,13.9,13.9,14.18,900,2021-03-19
1616544000,SNC,14.18,14.18,14.18,14.18,100,2021-03-24
1616716800,SNC,16.01,16.01,16.01,16.01,800,2021-03-26
1617321600,SNC,15.55,15.55,15.55,15.55,1000,2021-04-02
1617580800,SNC,15.46,15.37,15.37,15.46,4400,2021-04-05
1618876800,SNC,15.09,15.09,15.09,15.09,5700,2021-04-20
1619049600,SNC,15.09,15.09,15.09,15.09,5000,2021-04-22
1620172800,SNC,15.55,15.55,15.55,15.55,1000,2021-05-05
1620864000,SNC,17.84,17.84,17.84,17.84,1000,2021-05-13
1621296000,SNC,17.84,17.84,17.84,17.84,100,2021-05-18
1621382400,SNC,15.19,15.19,15.19,15.19,900,2021-05-19
1621900800,SNC,15.55,15.55,15.55,15.55,100,2021-05-25
1621987200,SNC,16.47,16.47,16.47,16.47,3900,2021-05-26
1623024000,SNC,18.11,18.11,18.11,18.11,100,2021-06-07
1623110400,SNC,15.46,15.46,15.46,15.46,300,2021-06-08
1623196800,SNC,14.73,14.73,16.47,16.47,200,2021-06-09
1623283200,SNC,15.64,13.36,13.36,15.64,1100,2021-06-10
1623628800,SNC,14.18,14.18,14.18,14.18,200,2021-06-14
1623974400,SNC,13.72,13.72,16.19,16.19,600,2021-06-18
1624233600,SNC,16.19,13.72,13.72,16.19,200,2021-06-21
1625184000,SNC,15.46,15.46,15.46,15.46,200,2021-07-02
1625788800,SNC,15.46,15.46,15.46,15.46,1200,2021-07-09
1629244800,SNC,13.81,13.81,13.81,13.81,100,2021-08-18
1629331200,SNC,11.8,11.8,11.8,11.8,400,2021-08-19
1629676800,SNC,10.15,10.15,10.15,10.15,100,2021-08-23
1630368000,SNC,11.62,11.62,11.62,11.62,100,2021-08-31
1631577600,SNC,13.36,13.36,13.36,13.36,100,2021-09-14
1631664000,SNC,15.28,14.64,14.64,15.28,300,2021-09-15
1631750400,SNC,17.29,16.47,17.2,17.29,12600,2021-09-16
1631836800,SNC,19.21,18.2,18.2,19.21,12600,2021-09-17
1632096000,SNC,16.56,16.56,21.04,21.04,1100,2021-09-20
1632268800,SNC,18.57,17.66,17.66,20.67,36000,2021-09-22
1632441600,SNC,17.56,17.56,17.56,17.56,100,2021-09-24
1632960000,SNC,15.64,15.64,19.67,19.67,1100,2021-09-30
1633046400,SNC,16.56,16.56,16.56,16.56,100,2021-10-01
1633564800,SNC,16.56,16.56,16.56,16.56,500,2021-10-07
1633910400,SNC,16.65,16.65,19.03,19.03,1100,2021-10-11
1633996800,SNC,16.19,16.19,16.19,16.19,100,2021-10-12
1634083200,SNC,18.3,18.3,18.3,18.3,1000,2021-10-13
1634169600,SNC,15.63,15.63,15.63,15.63,100,2021-10-14
1634256000,SNC,14.01,14.01,14.01,14.01,100,2021-10-15
1634515200,SNC,16.1,16.1,16.1,16.1,100,2021-10-18
1634601600,SNC,14.29,14.29,14.29,14.29,20000,2021-10-19
1634688000,SNC,14.29,14.29,14.29,14.29,1000,2021-10-20
1634774400,SNC,16.39,16.39,16.39,16.39,100,2021-10-21
1634860800,SNC,15.44,14.87,18.77,18.77,8500,2021-10-22
1635292800,SNC,16.1,16.1,16.1,16.1,100,2021-10-27
1636416000,SNC,18.49,18.49,18.49,18.49,100,2021-11-09
1636502400,SNC,16.3,15.72,18.49,21.25,20400,2021-11-10
1636588800,SNC,18.01,18.01,18.01,18.01,100,2021-11-11
1636675200,SNC,15.34,15.34,15.34,15.34,100,2021-11-12
1636934400,SNC,15.91,15.91,17.63,17.63,200,2021-11-15
1637020800,SNC,16.3,15.91,19.06,19.06,1500,2021-11-16
1637107200,SNC,16.01,16.01,16.01,16.01,100,2021-11-17
1637280000,SNC,18.39,18.39,18.39,18.39,100,2021-11-19
1637625600,SNC,16.3,16.3,16.3,16.3,5000,2021-11-23
1638316800,SNC,18.68,18.68,18.68,18.68,100,2021-12-01
1638403200,SNC,16.68,16.58,16.58,20.96,300,2021-12-02
1638489600,SNC,15.63,15.53,15.53,20.77,50100,2021-12-03
1638748800,SNC,17.82,17.82,17.82,17.82,100,2021-12-06
1639008000,SNC,15.34,15.34,15.34,15.34,100,2021-12-09
1640304000,SNC,15.34,15.34,17.63,17.63,200,2021-12-24
1640563200,SNC,18.87,18.87,18.87,18.87,100,2021-12-27
1640908800,SNC,16.1,16.1,16.1,16.1,100,2021-12-31
1641254400,SNC,18.49,18.49,18.49,18.49,100,2022-01-04
1641340800,SNC,18.58,18.58,18.58,18.58,40100,2022-01-05
1641945600,SNC,15.82,15.82,15.82,15.82,100,2022-01-12
1642032000,SNC,18.11,13.63,18.11,18.11,300,2022-01-13
1642118400,SNC,14.39,14.39,14.39,17.15,800,2022-01-14
1642377600,SNC,17.15,17.15,18.11,18.11,600,2022-01-17
1642550400,SNC,18.11,14.77,14.77,18.11,200,2022-01-19
1642636800,SNC,18.11,18.11,18.11,18.11,100,2022-01-20
1644537600,SNC,15.44,15.44,15.44,15.44,100,2022-02-11
1644796800,SNC,17.72,17.72,17.72,17.72,100,2022-02-14
1645574400,SNC,17.63,17.63,17.63,17.63,200,2022-02-23
1646092800,SNC,17.63,17.15,17.15,17.63,500,2022-03-01
1646179200,SNC,16.3,16.3,17.15,17.15,600,2022-03-02
1646611200,SNC,17.15,17.15,17.15,17.15,100,2022-03-07
1646870400,SNC,17.15,17.15,17.15,17.15,500,2022-03-10
1647561600,SNC,17.15,17.15,17.15,17.15,100,2022-03-18
1647993600,SNC,17.15,17.15,17.15,17.15,400,2022-03-23
1648080000,SNC,17.15,17.15,17.15,17.15,1000,2022-03-24
1648166400,SNC,17.15,17.15,17.15,17.15,1100,2022-03-25
1648684800,SNC,17.15,17.15,17.15,17.15,100,2022-03-31
1649203200,SNC,16.2,14.58,14.58,16.2,6700,2022-04-06
1649980800,SNC,13.24,13.24,13.24,13.24,100,2022-04-15
1650240000,SNC,15.15,15.15,15.15,15.15,100,2022-04-18
1650499200,SNC,16.2,16.2,16.2,16.2,100,2022-04-21
1651622400,SNC,16.2,16.2,16.2,16.2,100,2022-05-04
1652054400,SNC,16.1,16.1,16.1,16.1,100,2022-05-09
1652227200,SNC,16.1,16.1,16.1,16.1,100,2022-05-11
1652313600,SNC,16.01,16.01,16.01,16.01,100,2022-05-12
1652400000,SNC,15.25,15.25,15.63,15.63,200,2022-05-13
1652918400,SNC,15.72,15.72,15.72,15.72,900,2022-05-19
1653264000,SNC,15.72,15.72,15.72,15.72,3800,2022-05-23
1653609600,SNC,15.72,15.72,15.72,15.72,200,2022-05-27
1653868800,SNC,16.2,16.2,16.2,16.2,100,2022-05-30
1653955200,SNC,16.2,16.2,16.2,16.2,400,2022-05-31
1654214400,SNC,16.68,16.68,16.68,16.68,100,2022-06-03
1654473600,SNC,16.68,16.68,16.68,16.68,400,2022-06-06
1654732800,SNC,19.06,19.06,19.06,19.06,100,2022-06-09
1657238400,SNC,19.06,19.06,21.92,21.92,200,2022-07-08
1658275200,SNC,19.06,19.06,19.06,19.06,100,2022-07-20
1660608000,SNC,18.58,18.58,18.58,18.58,1000,2022-08-16
1661385600,SNC,15.82,15.82,15.82,15.82,1000,2022-08-25
1662336000,SNC,16.2,15.91,15.91,16.2,900,2022-09-05
1662422400,SNC,16.2,16.2,16.2,16.2,2000,2022-09-06
1662508800,SNC,16.2,16.2,16.2,16.2,3000,2022-09-07
1663200000,SNC,15.1,15.1,15.1,15.1,100,2022-09-15
1663891200,SNC,13,13,13,13,100,2022-09-23
1666137600.0,SNC,14.0,14.0,14.0,14.0,100.0,2022-10-19
1667433600.0,SNC,15.0,15.0,15.0,15.0,100.0,2022-11-03
1668038400.0,SNC,15.5,15.5,15.5,15.5,200.0,2022-11-10
1668470400.0,SNC,15.0,15.0,15.5,15.5,1700.0,2022-11-15
