volume,date,symbol,high,timestamp,open,low,close
1300,2016-12-09,SZE,6.82,1481241600,6.82,6.69,6.69
1700,2016-12-16,SZE,7.62,1481846400,7.62,5.75,5.75
13317,2016-12-19,SZE,8.49,1482105600,8.49,6.42,6.42
12160,2016-12-20,SZE,9.29,1482192000,9.29,7.16,9.16
2000,2016-12-21,SZE,10.43,1482278400,10.43,7.89,7.89
8200,2016-12-22,SZE,7.62,1482364800,7.62,7.62,7.62
3000,2016-12-23,SZE,8.63,1482451200,6.55,6.55,8.49
22300,2016-12-26,SZE,7.62,1482710400,7.09,6.96,6.96
200,2016-12-27,SZE,7.22,1482796800,7.22,7.22,7.22
13400,2016-12-28,SZE,7.36,1482883200,6.75,6.15,6.22
1200,2016-12-29,SZE,7.22,1482969600,7.22,7.22,7.22
2400,2016-12-30,SZE,6.69,1483056000,6.49,6.49,6.69
6000,2017-01-03,SZE,6.49,1483401600,6.49,6.42,6.42
23300,2017-01-04,SZE,6.35,1483488000,6.35,6.35,6.35
3000,2017-01-05,SZE,7.29,1483574400,6.69,6.35,7.29
300,2017-01-06,SZE,6.89,1483660800,6.82,6.82,6.89
11200,2017-01-09,SZE,6.89,1483920000,6.89,6.35,6.89
2900,2017-01-10,SZE,6.35,1484006400,6.35,6.35,6.35
12150,2017-01-11,SZE,7.02,1484092800,7.02,6.42,6.42
600,2017-01-12,SZE,6.75,1484179200,6.75,6.42,6.42
600,2017-01-13,SZE,6.35,1484265600,6.35,6.35,6.35
2200,2017-01-16,SZE,6.35,1484524800,6.35,6.35,6.35
11100,2017-01-17,SZE,6.35,1484611200,6.35,6.35,6.35
300,2017-01-18,SZE,6.62,1484697600,6.62,6.62,6.62
1000,2017-01-20,SZE,6.42,1484870400,6.42,6.35,6.35
25100,2017-01-23,SZE,6.35,1485129600,6.35,6.35,6.35
500,2017-01-24,SZE,6.62,1485216000,5.48,5.48,6.62
6100,2017-01-25,SZE,6.35,1485302400,6.35,6.35,6.35
200,2017-02-02,SZE,6.55,1485993600,6.55,6.55,6.55
500,2017-02-06,SZE,7.49,1486339200,7.49,6.42,6.42
500,2017-02-07,SZE,8.36,1486425600,8.36,6.49,6.49
5500,2017-02-09,SZE,6.82,1486598400,6.82,6.82,6.82
1100,2017-02-10,SZE,6.42,1486684800,6.42,6.42,6.42
500,2017-02-13,SZE,6.69,1486944000,5.55,5.55,6.69
1700,2017-02-14,SZE,6.35,1487030400,6.35,6.35,6.35
200,2017-02-15,SZE,5.48,1487116800,5.48,5.48,5.48
100,2017-02-23,SZE,6.29,1487808000,6.29,6.29,6.29
200,2017-02-27,SZE,6.49,1488153600,6.42,6.42,6.49
100,2017-02-28,SZE,6.69,1488240000,6.69,6.69,6.69
100,2017-03-01,SZE,5.75,1488326400,5.75,5.75,5.75
900,2017-03-02,SZE,6.55,1488412800,6.42,6.42,6.55
300,2017-03-03,SZE,6.62,1488499200,5.68,5.68,6.62
21000,2017-03-06,SZE,6.35,1488758400,6.35,5.48,6.35
5100,2017-03-08,SZE,7.02,1488931200,6.69,5.82,7.02
5700,2017-03-09,SZE,6.82,1489017600,5.88,5.88,6.82
200,2017-03-10,SZE,6.89,1489104000,6.89,6.89,6.89
100,2017-03-13,SZE,6.89,1489363200,6.89,6.89,6.89
12000,2017-03-14,SZE,6.89,1489449600,6.89,6.69,6.69
10000,2017-03-15,SZE,6.69,1489536000,6.69,6.69,6.69
11200,2017-03-16,SZE,6.89,1489622400,6.89,6.69,6.69
2200,2017-03-17,SZE,6.69,1489708800,5.75,5.75,6.69
12366,2017-03-20,SZE,6.89,1489968000,6.75,6.35,6.89
10,2017-03-22,SZE,6.69,1490140800,6.69,6.69,6.69
23200,2017-03-23,SZE,6.49,1490227200,6.49,5.88,6.35
5800,2017-03-24,SZE,6.35,1490313600,6.35,5.42,6.15
28060,2017-03-27,SZE,6.15,1490572800,6.15,6.02,6.08
1201,2017-03-28,SZE,6.02,1490659200,6.02,6.02,6.02
2000,2017-04-03,SZE,6.02,1491177600,6.02,6.02,6.02
2000,2017-04-04,SZE,6.02,1491264000,6.02,6.02,6.02
9300,2017-04-07,SZE,6.02,1491523200,6.02,6.02,6.02
1670,2017-04-10,SZE,6.69,1491782400,6.02,5.35,6.69
100,2017-04-11,SZE,6.69,1491868800,6.69,5.35,6.69
130,2017-04-12,SZE,6.69,1491955200,6.69,6.69,6.69
2600,2017-04-13,SZE,6.82,1492041600,6.55,6.55,6.62
18268,2017-04-14,SZE,6.55,1492128000,6.55,5.68,6.02
4400,2017-04-17,SZE,6.02,1492387200,6.02,6.02,6.02
9843,2017-04-18,SZE,6.08,1492473600,6.08,6.02,6.02
5900,2017-04-19,SZE,6.02,1492560000,6.02,6.02,6.02
1800,2017-04-20,SZE,6.02,1492646400,6.02,6.02,6.02
1200,2017-04-21,SZE,6.15,1492732800,6.15,6.02,6.15
4300,2017-04-25,SZE,6.01,1493078400,6.01,6.01,6.01
400,2017-04-27,SZE,6.59,1493251200,6.59,6.59,6.59
1199,2017-05-04,SZE,6.23,1493856000,6.23,6.01,6.01
300,2017-05-05,SZE,6.01,1493942400,6.01,6.01,6.01
600,2017-05-11,SZE,6.01,1494460800,6.01,6.01,6.01
200,2017-05-12,SZE,6.59,1494547200,6.59,6.59,6.59
5100,2017-05-15,SZE,6.59,1494806400,6.3,6.23,6.23
100,2017-05-16,SZE,6.59,1494892800,6.59,6.59,6.59
13368,2017-05-17,SZE,6.15,1494979200,6.15,6.15,6.15
18441,2017-05-18,SZE,6.23,1495065600,5.35,5.35,6.15
2200,2017-05-19,SZE,6.52,1495152000,6.52,6.15,6.15
5054,2017-05-22,SZE,6.23,1495411200,6.23,6.23,6.23
26251,2017-05-23,SZE,6.15,1495497600,6.15,6.01,6.15
1000,2017-05-24,SZE,6.15,1495584000,6.15,6.15,6.15
10500,2017-05-25,SZE,6.15,1495670400,6.15,6.15,6.15
36974,2017-05-26,SZE,6.15,1495756800,6.15,6.15,6.15
14600,2017-05-29,SZE,6.08,1496016000,5.93,5.93,6.08
300,2017-05-30,SZE,6.08,1496102400,6.08,6.08,6.08
19100,2017-06-05,SZE,6.01,1496620800,5.93,5.86,5.86
200,2017-06-09,SZE,5.93,1496966400,5.93,5.93,5.93
7377,2017-06-12,SZE,6.01,1497225600,6.01,6.01,6.01
4500,2017-06-14,SZE,6.08,1497398400,6.01,6.01,6.08
200,2017-06-15,SZE,6.23,1497484800,6.23,6.01,6.01
110,2017-06-16,SZE,6.01,1497571200,6.01,6.01,6.01
200,2017-06-19,SZE,6.01,1497830400,6.01,6.01,6.01
1000,2017-06-26,SZE,6.01,1498435200,6.01,6.01,6.01
100,2017-06-30,SZE,6.23,1498780800,6.23,6.23,6.23
200,2017-07-03,SZE,6.59,1499040000,6.23,6.23,6.59
100,2017-07-05,SZE,5.57,1499212800,5.57,5.57,5.57
2500,2017-07-06,SZE,6.37,1499299200,6.37,6.37,6.37
100,2017-07-11,SZE,6.74,1499731200,6.74,6.74,6.74
100,2017-07-12,SZE,5.86,1499817600,5.86,5.86,5.86
100,2017-07-13,SZE,6.74,1499904000,6.74,6.74,6.74
300,2017-07-14,SZE,7.33,1499990400,6.74,6.74,7.33
100,2017-07-18,SZE,7.33,1500336000,7.33,7.33,7.33
1000,2017-07-20,SZE,6.96,1500508800,6.96,6.96,6.96
4915,2017-07-21,SZE,6.01,1500595200,6.01,5.93,5.93
100,2017-08-02,SZE,6.59,1501632000,6.59,6.59,6.59
300,2017-08-03,SZE,7.25,1501718400,5.71,5.71,5.71
1100,2017-08-08,SZE,6.08,1502150400,5.42,5.42,6.08
18203,2017-08-14,SZE,6.08,1502668800,6.08,6.08,6.08
200,2017-08-15,SZE,6.15,1502755200,5.27,5.27,6.15
14600,2017-08-16,SZE,6.08,1502841600,6.08,6.08,6.08
16300,2017-08-17,SZE,6.08,1502928000,6.08,5.86,5.86
51900,2017-08-18,SZE,6.01,1503014400,6.01,5.86,5.86
300,2017-08-21,SZE,5.86,1503273600,5.05,5.05,5.86
10800,2017-08-22,SZE,5.71,1503360000,5.71,5.71,5.71
15046,2017-08-23,SZE,5.86,1503446400,5.79,5.64,5.86
16968,2017-08-24,SZE,5.79,1503532800,5.71,5.64,5.71
12700,2017-08-25,SZE,5.71,1503619200,5.71,5.64,5.64
6370,2017-08-28,SZE,5.57,1503878400,5.05,5.05,5.49
20624,2017-08-29,SZE,5.49,1503964800,5.49,5.49,5.49
8021,2017-08-30,SZE,5.49,1504051200,5.49,5.49,5.49
26300,2017-08-31,SZE,5.49,1504137600,5.49,5.42,5.42
7924,2017-09-01,SZE,5.42,1504224000,5.42,5.42,5.42
18090,2017-09-05,SZE,5.49,1504569600,5.42,5.42,5.42
9172,2017-09-06,SZE,5.49,1504656000,5.49,5.49,5.49
18612,2017-09-07,SZE,5.49,1504742400,5.35,5.35,5.49
319,2017-09-08,SZE,5.86,1504828800,5.86,5.86,5.86
320,2017-09-11,SZE,5.57,1505088000,5.05,5.05,5.57
130,2017-09-12,SZE,5.57,1505174400,5.57,5.57,5.57
7100,2017-09-13,SZE,5.49,1505260800,5.49,5.49,5.49
12100,2017-09-14,SZE,5.57,1505347200,5.57,5.49,5.49
1000,2017-09-15,SZE,5.49,1505433600,5.49,5.49,5.49
4300,2017-09-18,SZE,5.49,1505692800,5.49,5.49,5.49
100,2017-09-19,SZE,5.49,1505779200,5.49,5.49,5.49
1005,2017-09-22,SZE,5.49,1506038400,5.49,5.49,5.49
15992,2017-09-25,SZE,5.57,1506297600,5.49,5.49,5.57
9810,2017-09-28,SZE,5.49,1506556800,5.49,5.49,5.49
14008,2017-09-29,SZE,5.57,1506643200,5.49,5.49,5.49
25000,2017-10-02,SZE,5.57,1506902400,5.49,5.49,5.49
534,2017-10-03,SZE,5.49,1506988800,5.49,5.49,5.49
12323,2017-10-05,SZE,5.49,1507161600,5.49,5.49,5.49
10000,2017-10-06,SZE,5.71,1507248000,5.49,5.49,5.71
9486,2017-10-09,SZE,5.57,1507507200,5.49,5.49,5.57
2057,2017-10-11,SZE,5.49,1507680000,5.49,5.49,5.49
16123,2017-10-12,SZE,5.49,1507766400,5.49,5.49,5.49
8736,2017-10-16,SZE,5.57,1508112000,5.49,5.49,5.57
8016,2017-10-17,SZE,5.79,1508198400,5.64,5.49,5.49
5405,2017-10-18,SZE,5.57,1508284800,5.57,5.49,5.49
2000,2017-10-20,SZE,5.57,1508457600,5.57,5.49,5.49
11800,2017-10-23,SZE,5.57,1508716800,5.49,5.49,5.49
20395,2017-10-24,SZE,5.57,1508803200,5.49,5.49,5.57
10195,2017-10-25,SZE,5.49,1508889600,5.49,5.49,5.49
13000,2017-10-30,SZE,5.64,1509321600,5.49,5.49,5.64
5003,2017-11-01,SZE,5.49,1509494400,5.49,5.49,5.49
300,2017-11-02,SZE,5.49,1509580800,5.49,5.49,5.49
5200,2017-11-13,SZE,5.64,1510531200,5.57,5.57,5.57
800,2017-11-14,SZE,5.64,1510617600,5.64,5.64,5.64
5010,2017-11-17,SZE,5.57,1510876800,5.57,5.57,5.57
32200,2017-11-20,SZE,5.79,1511136000,5.57,5.57,5.79
1100,2017-11-21,SZE,5.71,1511222400,5.64,5.64,5.71
2100,2017-11-22,SZE,5.71,1511308800,5.64,5.64,5.71
100,2017-11-23,SZE,6.01,1511395200,6.01,6.01,6.01
100,2017-11-27,SZE,5.86,1511740800,5.86,5.86,5.86
6707,2017-11-30,SZE,6.01,1512000000,5.71,5.49,6.01
2608,2017-12-07,SZE,5.57,1512604800,5.57,5.57,5.57
300,2017-12-13,SZE,5.64,1513123200,5.64,5.64,5.64
2000,2017-12-15,SZE,5.64,1513296000,5.64,5.64,5.64
30483,2017-12-18,SZE,5.57,1513555200,5.49,5.49,5.57
18143,2017-12-19,SZE,5.49,1513641600,5.49,5.49,5.49
21712,2017-12-20,SZE,5.49,1513728000,5.49,5.42,5.49
1500,2017-12-21,SZE,5.57,1513814400,5.57,5.57,5.57
200,2017-12-25,SZE,5.57,1514160000,5.57,5.57,5.57
21406,2017-12-28,SZE,5.86,1514419200,5.49,5.49,5.86
4731,2018-01-02,SZE,5.49,1514851200,5.49,5.49,5.49
100,2018-01-05,SZE,5.49,1515110400,5.49,5.49,5.49
300,2018-01-10,SZE,5.86,1515542400,5.86,5.86,5.86
11710,2018-01-11,SZE,5.57,1515628800,5.57,5.49,5.57
200,2018-01-15,SZE,5.93,1515974400,5.93,5.93,5.93
2000,2018-01-16,SZE,5.86,1516060800,5.86,5.86,5.86
2000,2018-01-17,SZE,5.86,1516147200,5.86,5.86,5.86
11608,2018-01-18,SZE,5.86,1516233600,5.86,5.86,5.86
6250,2018-01-19,SZE,5.86,1516320000,5.86,5.57,5.86
28402,2018-01-22,SZE,5.57,1516579200,5.57,5.49,5.57
2000,2018-01-23,SZE,5.57,1516665600,5.57,5.57,5.57
157,2018-01-25,SZE,5.86,1516838400,5.86,5.86,5.86
2300,2018-01-31,SZE,5.86,1517356800,5.86,5.86,5.86
7000,2018-02-05,SZE,5.86,1517788800,5.86,5.86,5.86
9483,2018-02-09,SZE,5.86,1518134400,5.57,5.57,5.86
6600,2018-02-13,SZE,5.64,1518480000,5.64,5.64,5.64
100,2018-02-21,SZE,5.64,1519171200,5.64,5.64,5.64
300,2018-02-26,SZE,6.3,1519603200,6.3,6.3,6.3
100,2018-03-07,SZE,5.79,1520380800,5.79,5.79,5.79
13724,2018-03-09,SZE,5.86,1520553600,5.71,5.49,5.49
100,2018-03-14,SZE,5.64,1520985600,5.64,5.64,5.64
4000,2018-03-15,SZE,5.86,1521072000,5.86,5.86,5.86
100,2018-03-16,SZE,5.71,1521158400,5.71,5.71,5.71
1000,2018-03-21,SZE,6.3,1521590400,6.3,6.3,6.3
100,2018-03-22,SZE,5.71,1521676800,5.71,5.71,5.71
215,2018-03-26,SZE,6.45,1522022400,4.98,4.98,6.45
6000,2018-04-02,SZE,5.71,1522627200,5.71,5.71,5.71
7715,2018-04-04,SZE,5.71,1522800000,5.71,5.71,5.71
1144,2018-04-05,SZE,6.45,1522886400,6.45,5.86,5.86
2000,2018-04-11,SZE,6.37,1523404800,6.37,6.23,6.3
2059,2018-04-12,SZE,6.52,1523491200,6.52,6.52,6.52
40100,2018-04-16,SZE,5.93,1523836800,5.93,5.71,5.71
15285,2018-04-17,SZE,6.45,1523923200,5.71,5.71,6.45
7046,2018-04-20,SZE,5.71,1524182400,5.71,5.13,5.13
131,2018-04-23,SZE,5.79,1524441600,5.79,5.79,5.79
2400,2018-05-02,SZE,5.79,1525219200,5.05,5.05,5.79
2000,2018-05-03,SZE,5.79,1525305600,5.79,5.79,5.79
100,2018-05-07,SZE,5.05,1525651200,5.05,5.05,5.05
5000,2018-05-10,SZE,5.79,1525910400,5.79,5.79,5.79
5010,2018-05-11,SZE,6.45,1525996800,6.37,6.37,6.45
100,2018-05-14,SZE,5.86,1526256000,5.86,5.86,5.86
100,2018-05-18,SZE,5.05,1526601600,5.05,5.05,5.05
3000,2018-05-22,SZE,5.79,1526947200,5.79,5.79,5.79
100,2018-05-23,SZE,5.05,1527033600,5.05,5.05,5.05
4000,2018-05-28,SZE,5.79,1527465600,5.79,5.49,5.49
600,2018-05-29,SZE,5.49,1527552000,5.49,5.49,5.49
4300,2018-05-30,SZE,5.49,1527638400,5.49,5.49,5.49
14700,2018-06-01,SZE,5.49,1527811200,5.49,5.27,5.49
14249,2018-06-08,SZE,5.86,1528416000,5.49,5.49,5.86
498,2018-06-11,SZE,5.57,1528675200,5.57,5.57,5.57
28583,2018-06-12,SZE,5.86,1528761600,5.49,5.49,5.86
100,2018-06-14,SZE,5.49,1528934400,5.49,5.49,5.49
8370,2018-06-15,SZE,5.49,1529020800,5.49,5.49,5.49
5879,2018-06-20,SZE,5.27,1529452800,5.27,5.13,5.13
200,2018-06-22,SZE,5.49,1529625600,5.49,5.49,5.49
1000,2018-06-26,SZE,5.64,1529971200,5.64,5.64,5.64
300,2018-06-27,SZE,5.57,1530057600,5.57,5.57,5.57
200,2018-06-28,SZE,5.49,1530144000,5.49,5.49,5.49
10708,2018-07-02,SZE,5.49,1530489600,5.27,5.13,5.49
2503,2018-07-04,SZE,5.49,1530662400,5.49,5.27,5.27
5800,2018-07-10,SZE,5.49,1531180800,5.49,5.49,5.49
100,2018-07-11,SZE,5.49,1531267200,5.49,5.49,5.49
3300,2018-07-12,SZE,5.49,1531353600,5.49,5.49,5.49
5000,2018-07-18,SZE,5.49,1531872000,5.49,5.49,5.49
13000,2018-07-24,SZE,5.64,1532390400,5.64,5.64,5.64
100,2018-07-25,SZE,5.57,1532476800,5.57,5.57,5.57
210,2018-07-26,SZE,6.23,1532563200,6.23,5.64,5.64
500,2018-07-27,SZE,5.64,1532649600,5.64,5.64,5.64
1400,2018-07-30,SZE,5.86,1532908800,5.86,5.42,5.64
1300,2018-07-31,SZE,6.05,1532995200,6.05,5.56,5.64
200,2018-08-01,SZE,5.72,1533081600,5.72,5.72,5.72
400,2018-08-02,SZE,6.53,1533168000,6.53,5.56,5.56
100,2018-08-03,SZE,6.37,1533254400,6.37,6.37,6.37
1200,2018-08-06,SZE,6.45,1533513600,6.45,5.72,5.72
100,2018-08-09,SZE,5.8,1533772800,5.8,5.8,5.8
100,2018-08-13,SZE,5.56,1534118400,5.56,5.56,5.56
779,2018-08-14,SZE,5.8,1534204800,5.8,5.8,5.8
3367,2018-08-17,SZE,5.64,1534464000,5.64,5.48,5.48
424,2018-08-21,SZE,6.21,1534809600,6.21,6.21,6.21
700,2018-08-23,SZE,6.21,1534982400,6.21,5.64,5.64
3100,2018-08-24,SZE,6.05,1535068800,5.64,5.64,6.05
1700,2018-08-28,SZE,6.05,1535414400,6.05,5.64,5.64
100,2018-08-30,SZE,5.64,1535587200,5.64,5.64,5.64
11000,2018-08-31,SZE,5.72,1535673600,5.72,5.64,5.64
5200,2018-09-04,SZE,6.05,1536019200,5.64,5.64,6.05
320,2018-09-05,SZE,5.88,1536105600,5.88,5.8,5.8
100,2018-09-06,SZE,5.8,1536192000,5.8,5.8,5.8
200,2018-09-10,SZE,5.8,1536537600,5.8,5.8,5.8
5500,2018-09-12,SZE,5.8,1536710400,5.8,5.64,5.8
100,2018-09-18,SZE,5.8,1537228800,5.8,5.8,5.8
100,2018-09-19,SZE,5.56,1537315200,5.56,5.56,5.56
400,2018-09-21,SZE,5.88,1537488000,5.88,5.88,5.88
4422,2018-09-24,SZE,5.88,1537747200,5.88,5.88,5.88
1300,2018-09-25,SZE,5.88,1537833600,5.88,5.88,5.88
5957,2018-09-26,SZE,5.97,1537920000,5.97,5.88,5.88
700,2018-09-27,SZE,5.97,1538006400,5.97,5.88,5.97
1600,2018-09-28,SZE,5.97,1538092800,5.97,5.48,5.48
5800,2018-10-02,SZE,5.97,1538438400,5.97,5.8,5.97
1100,2018-10-03,SZE,5.97,1538524800,5.97,5.88,5.88
100,2018-10-04,SZE,5.8,1538611200,5.8,5.8,5.8
2200,2018-10-05,SZE,5.97,1538697600,5.97,5.97,5.97
262,2018-10-08,SZE,6.05,1538956800,5.88,5.88,6.05
700,2018-10-11,SZE,5.97,1539216000,5.97,5.97,5.97
169,2018-10-12,SZE,5.48,1539302400,5.48,5.48,5.48
2200,2018-10-17,SZE,6.05,1539734400,6.05,4.76,4.76
100,2018-10-19,SZE,5.56,1539907200,5.56,5.56,5.56
2000,2018-10-23,SZE,6.21,1540252800,6.21,6.21,6.21
1000,2018-10-24,SZE,6.05,1540339200,6.05,6.05,6.05
100,2018-10-25,SZE,5.64,1540425600,5.64,5.64,5.64
239,2018-10-30,SZE,6.05,1540857600,6.05,6.05,6.05
100,2018-11-01,SZE,5.24,1541030400,5.24,5.24,5.24
100,2018-11-02,SZE,5.97,1541116800,5.97,5.97,5.97
100,2018-11-05,SZE,5.16,1541376000,5.16,5.16,5.16
3100,2018-11-06,SZE,5.88,1541462400,4.92,4.92,5.88
100,2018-11-07,SZE,5.4,1541548800,5.4,5.4,5.4
3200,2018-11-09,SZE,6.21,1541721600,6.13,6.13,6.21
300,2018-11-12,SZE,7.09,1541980800,7.09,5.48,5.48
9100,2018-11-13,SZE,6.45,1542067200,5.48,5.48,6.45
11200,2018-11-14,SZE,6.45,1542153600,5.64,5.64,6.45
100,2018-11-15,SZE,5.72,1542240000,5.72,5.72,5.72
102,2018-11-16,SZE,5.64,1542326400,5.64,5.64,5.64
100,2018-11-21,SZE,5.8,1542758400,5.8,5.8,5.8
7400,2018-11-28,SZE,6.45,1543363200,6.05,5.8,6.05
100,2018-11-30,SZE,5.56,1543536000,5.56,5.56,5.56
1100,2018-12-03,SZE,6.21,1543795200,5.88,5.88,6.21
3200,2018-12-04,SZE,6.85,1543881600,5.8,5.8,6.85
100,2018-12-05,SZE,5.88,1543968000,5.88,5.88,5.88
9205,2018-12-06,SZE,6.69,1544054400,6.69,5.97,6.69
400,2018-12-07,SZE,7.58,1544140800,7.58,5.97,5.97
140,2018-12-10,SZE,6.05,1544400000,6.05,6.05,6.05
13600,2018-12-11,SZE,6.45,1544486400,6.45,6.05,6.45
14600,2018-12-12,SZE,6.69,1544572800,6.45,6.45,6.69
16100,2018-12-13,SZE,6.45,1544659200,6.45,6.45,6.45
19110,2018-12-14,SZE,6.53,1544745600,6.45,5.97,6.53
4100,2018-12-17,SZE,6.45,1545004800,6.45,6.45,6.45
2000,2018-12-18,SZE,6.45,1545091200,6.45,6.45,6.45
100,2018-12-19,SZE,6.05,1545177600,6.05,6.05,6.05
1000,2018-12-20,SZE,6.45,1545264000,6.45,6.45,6.45
1000,2018-12-21,SZE,6.45,1545350400,6.45,6.45,6.45
5100,2018-12-27,SZE,6.45,1545868800,6.13,6.13,6.45
600,2018-12-28,SZE,7.34,1545955200,7.34,6.53,6.53
5100,2019-01-02,SZE,7.17,1546387200,7.17,6.77,6.77
5600,2019-01-03,SZE,7.66,1546473600,6.69,6.69,7.66
222,2019-01-04,SZE,6.53,1546560000,6.53,6.53,6.53
11300,2019-01-07,SZE,6.53,1546819200,6.13,6.13,6.13
100,2019-01-08,SZE,6.21,1546905600,6.21,6.21,6.21
100,2019-01-09,SZE,6.05,1546992000,6.05,6.05,6.05
100,2019-01-10,SZE,5.8,1547078400,5.8,5.8,5.8
1100,2019-01-23,SZE,5.97,1548201600,5.8,5.8,5.97
300,2019-01-28,SZE,6.05,1548633600,6.05,6.05,6.05
100,2019-01-30,SZE,5.97,1548806400,5.97,5.97,5.97
87,2019-01-31,SZE,5.97,1548892800,5.97,5.97,5.97
700,2019-02-20,SZE,6.77,1550620800,6.77,6.13,6.13
100,2019-02-21,SZE,6.13,1550707200,6.13,6.13,6.13
6,2019-02-26,SZE,6.13,1551139200,6.13,6.13,6.13
100,2019-02-27,SZE,5.97,1551225600,5.97,5.97,5.97
1100,2019-02-28,SZE,6.85,1551312000,6.85,6.85,6.85
206,2019-03-01,SZE,6.13,1551398400,6.13,6.13,6.13
14100,2019-03-04,SZE,7.01,1551657600,7.01,6.21,6.21
400,2019-03-05,SZE,6.45,1551744000,6.29,6.29,6.45
400,2019-03-06,SZE,6.85,1551830400,6.85,6.85,6.85
200,2019-03-08,SZE,6.45,1552003200,6.45,6.45,6.45
15300,2019-03-11,SZE,6.45,1552262400,6.45,6.45,6.45
200,2019-03-12,SZE,6.77,1552348800,6.77,6.61,6.61
800,2019-03-13,SZE,7.17,1552435200,7.17,6.45,7.17
100,2019-03-14,SZE,7.17,1552521600,7.17,7.17,7.17
900,2019-03-20,SZE,7.17,1553040000,6.53,6.53,7.17
100,2019-03-21,SZE,7.17,1553126400,7.17,7.17,7.17
2000,2019-03-25,SZE,6.21,1553472000,6.21,6.21,6.21
100,2019-03-26,SZE,6.93,1553558400,6.93,6.93,6.93
13000,2019-03-27,SZE,6.21,1553644800,6.21,5.97,5.97
100,2019-03-28,SZE,6.85,1553731200,6.85,6.85,6.85
1700,2019-04-01,SZE,6.45,1554076800,6.45,6.45,6.45
4300,2019-04-02,SZE,6.93,1554163200,6.13,6.13,6.93
100,2019-04-03,SZE,6.69,1554249600,6.69,6.69,6.69
5200,2019-04-05,SZE,7.26,1554422400,7.17,7.17,7.26
200,2019-04-08,SZE,6.93,1554681600,6.69,6.69,6.93
200,2019-04-09,SZE,6.37,1554768000,6.37,6.37,6.37
5400,2019-04-16,SZE,6.85,1555372800,6.85,6.85,6.85
100,2019-04-17,SZE,6.77,1555459200,6.77,6.77,6.77
5000,2019-04-19,SZE,7.01,1555632000,7.01,7.01,7.01
13600,2019-04-22,SZE,7.09,1555891200,6.45,6.45,7.09
100,2019-04-23,SZE,6.61,1555977600,6.61,6.61,6.61
100,2019-04-26,SZE,6.53,1556236800,6.53,6.53,6.53
3000,2019-05-02,SZE,6.85,1556755200,6.85,6.85,6.85
2200,2019-05-03,SZE,6.93,1556841600,6.53,6.53,6.93
3300,2019-05-06,SZE,6.93,1557100800,6.61,6.61,6.93
200,2019-05-07,SZE,6.21,1557187200,6.21,6.21,6.21
5300,2019-05-08,SZE,6.93,1557273600,6.93,6.93,6.93
6500,2019-05-09,SZE,7.01,1557360000,6.13,6.13,7.01
7100,2019-05-10,SZE,7.01,1557446400,6.53,6.53,7.01
200,2019-05-13,SZE,6.61,1557705600,6.61,6.61,6.61
200,2019-05-14,SZE,7.01,1557792000,7.01,7.01,7.01
200,2019-05-16,SZE,7.09,1557964800,7.09,7.09,7.09
100,2019-05-20,SZE,6.21,1558310400,6.21,6.21,6.21
4300,2019-05-21,SZE,7.09,1558396800,7.09,7.09,7.09
2400,2019-05-22,SZE,8.14,1558483200,8.14,6.53,7.09
400,2019-05-24,SZE,7.17,1558656000,6.29,6.29,7.17
200,2019-05-27,SZE,7.74,1558915200,6.85,6.85,7.74
100,2019-05-28,SZE,7.17,1559001600,7.17,7.17,7.17
2000,2019-05-29,SZE,7.17,1559088000,7.17,7.17,7.17
100,2019-05-31,SZE,6.53,1559260800,6.53,6.53,6.53
2000,2019-06-03,SZE,7.17,1559520000,7.17,7.17,7.17
2500,2019-06-04,SZE,7.26,1559606400,7.26,7.26,7.26
11200,2019-06-05,SZE,7.42,1559692800,7.42,6.53,6.53
300,2019-06-06,SZE,7.17,1559779200,6.53,6.53,7.17
10006,2019-06-10,SZE,6.93,1560124800,6.61,6.61,6.93
17502,2019-06-11,SZE,7.58,1560211200,7.26,7.26,7.58
100,2019-06-12,SZE,6.61,1560297600,6.61,6.61,6.61
389,2019-06-13,SZE,7.5,1560384000,6.93,6.93,7.5
11,2019-06-17,SZE,7.5,1560729600,7.09,7.09,7.5
101,2019-06-20,SZE,6.69,1560988800,6.69,6.69,6.69
101,2019-06-24,SZE,7.09,1561334400,7.09,7.09,7.09
4500,2019-06-25,SZE,7.17,1561420800,7.17,7.17,7.17
1000,2019-06-26,SZE,7.17,1561507200,7.17,7.17,7.17
6000,2019-06-27,SZE,7.26,1561593600,7.26,7.17,7.17
100,2019-07-01,SZE,7.66,1561939200,7.66,7.66,7.66
1000,2019-07-02,SZE,7.26,1562025600,7.26,7.26,7.26
2000,2019-07-04,SZE,7.26,1562198400,7.26,7.26,7.26
100,2019-07-10,SZE,7.58,1562716800,7.58,7.58,7.58
8000,2019-07-11,SZE,8.06,1562803200,7.66,7.66,8.06
100,2019-07-12,SZE,7.98,1562889600,7.98,7.98,7.98
300,2019-07-15,SZE,9.03,1563148800,9.03,9.03,9.03
900,2019-07-16,SZE,10.24,1563235200,10.24,7.74,7.74
6000,2019-07-17,SZE,9.27,1563321600,9.27,7.98,7.98
2100,2019-07-18,SZE,8.79,1563408000,8.79,8.46,8.46
5300,2019-07-19,SZE,8.06,1563494400,8.06,8.06,8.06
1100,2019-07-22,SZE,9.19,1563753600,9.19,8.06,8.06
4500,2019-07-23,SZE,9.27,1563840000,9.27,8.06,8.06
1200,2019-07-24,SZE,9.59,1563926400,9.59,8.14,8.14
100,2019-07-25,SZE,8.79,1564012800,8.79,8.79,8.79
12600,2019-07-26,SZE,8.55,1564099200,8.38,8.06,8.55
4600,2019-07-29,SZE,8.87,1564358400,8.79,8.46,8.79
21300,2019-07-30,SZE,9.27,1564444800,8.87,8.87,9.27
17700,2019-07-31,SZE,10.24,1564531200,8.95,8.95,9.84
37800,2019-08-01,SZE,10.96,1564617600,9.84,9.84,10.96
98500,2019-08-02,SZE,11.85,1564704000,10.64,10.64,11.85
106900,2019-08-05,SZE,13.46,1564963200,13.46,12.09,13.46
149700,2019-08-06,SZE,15.32,1565049600,13.71,13.71,15.32
139900,2019-08-07,SZE,16.93,1565136000,15.72,13.06,14.67
70600,2019-08-08,SZE,14.24,1565222400,13.4,12.9,12.9
70700,2019-08-09,SZE,13.99,1565308800,12.9,11.56,13.32
12400,2019-08-12,SZE,13.32,1565568000,13.32,12.48,13.32
49700,2019-08-13,SZE,12.98,1565654400,12.98,11.39,11.81
29700,2019-08-14,SZE,13.4,1565740800,13.4,11.39,11.81
13700,2019-08-15,SZE,11.89,1565827200,11.31,11.31,11.81
28300,2019-08-16,SZE,12.06,1565913600,12.06,11.39,11.56
26600,2019-08-19,SZE,12.14,1566172800,12.14,11.22,11.47
86400,2019-08-20,SZE,12.73,1566259200,11.72,11.31,12.39
67300,2019-08-21,SZE,13.23,1566345600,12.73,12.65,12.9
12500,2019-08-22,SZE,12.98,1566432000,12.65,12.31,12.39
48100,2019-08-23,SZE,12.65,1566518400,12.65,11.72,11.98
31100,2019-08-26,SZE,12.48,1566777600,12.39,11.89,12.06
55300,2019-08-27,SZE,12.39,1566864000,12.39,11.81,12.14
29300,2019-08-28,SZE,12.23,1566950400,11.89,11.72,11.72
34100,2019-08-29,SZE,12.98,1567036800,12.98,11.47,11.56
26300,2019-08-30,SZE,11.98,1567123200,11.72,11.72,11.81
32300,2019-09-03,SZE,12.23,1567468800,12.23,10.64,10.64
63200,2019-09-04,SZE,11.39,1567555200,11.39,9.55,9.97
28900,2019-09-05,SZE,11.14,1567641600,10.38,10.38,10.47
16100,2019-09-06,SZE,11.14,1567728000,10.97,10.38,10.55
13800,2019-09-09,SZE,10.13,1567987200,10.05,9.8,9.8
40100,2019-09-10,SZE,9.71,1568073600,9.71,8.88,9.3
25900,2019-09-11,SZE,10.05,1568160000,9.21,9.21,10.05
15300,2019-09-12,SZE,10.47,1568246400,9.88,9.88,10.05
13100,2019-09-13,SZE,10.05,1568332800,9.88,9.88,9.97
13100,2019-09-16,SZE,10.05,1568592000,10.05,9.97,9.97
33000,2019-09-17,SZE,10.89,1568678400,9.97,9.97,10.55
6100,2019-09-18,SZE,10.47,1568764800,10.47,10.05,10.3
5500,2019-09-19,SZE,10.38,1568851200,10.3,10.3,10.38
3100,2019-09-20,SZE,10.38,1568937600,9.8,9.8,10.38
12300,2019-09-23,SZE,9.97,1569196800,9.97,9.38,9.46
18400,2019-09-24,SZE,9.71,1569283200,9.46,9.46,9.63
7400,2019-09-25,SZE,10.05,1569369600,9.63,9.63,10.05
3700,2019-09-26,SZE,10.13,1569456000,9.88,9.88,10.05
8800,2019-09-27,SZE,10.05,1569542400,10.05,9.88,10.05
2000,2019-09-30,SZE,10.05,1569801600,10.05,9.97,9.97
8000,2019-10-01,SZE,9.97,1569888000,9.97,9.88,9.88
400,2019-10-02,SZE,9.97,1569974400,9.97,9.97,9.97
1900,2019-10-03,SZE,9.97,1570060800,9.97,9.71,9.88
3700,2019-10-04,SZE,9.8,1570147200,9.8,9.63,9.63
11600,2019-10-07,SZE,9.8,1570406400,9.8,9.55,9.8
8700,2019-10-08,SZE,9.71,1570492800,9.55,9.55,9.55
6600,2019-10-09,SZE,10.47,1570579200,9.97,9.63,10.13
2100,2019-10-10,SZE,10.3,1570665600,10.3,9.97,9.97
200,2019-10-11,SZE,9.97,1570752000,9.97,9.8,9.8
800,2019-10-14,SZE,9.88,1571011200,9.88,9.46,9.46
2400,2019-10-15,SZE,9.71,1571097600,9.3,9.3,9.71
6600,2019-10-16,SZE,9.55,1571184000,9.55,9.46,9.55
7400,2019-10-17,SZE,9.55,1571270400,9.55,9.46,9.46
1900,2019-10-18,SZE,9.88,1571356800,8.63,8.63,9.88
1800,2019-10-21,SZE,9.63,1571616000,9.63,9.55,9.55
3800,2019-10-22,SZE,9.8,1571702400,9.55,9.55,9.8
12400,2019-10-23,SZE,9.97,1571788800,9.97,9.46,9.8
13100,2019-10-24,SZE,9.55,1571875200,8.63,8.63,8.96
19700,2019-10-25,SZE,9.21,1571961600,8.96,8.79,8.79
11300,2019-10-28,SZE,9.8,1572220800,9.8,8.79,8.96
1900,2019-10-29,SZE,9.21,1572307200,8.79,8.79,8.88
6100,2019-10-30,SZE,9.21,1572393600,9.21,8.96,8.96
13800,2019-10-31,SZE,8.96,1572480000,8.96,8.88,8.88
6100,2019-11-01,SZE,9.21,1572566400,8.71,8.71,8.88
12900,2019-11-04,SZE,8.88,1572825600,8.54,8.46,8.63
6900,2019-11-05,SZE,8.79,1572912000,8.54,8.54,8.63
4400,2019-11-06,SZE,8.63,1572998400,8.63,8.54,8.54
1000,2019-11-07,SZE,8.54,1573084800,8.54,8.54,8.54
500,2019-11-08,SZE,8.63,1573171200,8.63,8.63,8.63
1100,2019-11-11,SZE,8.63,1573430400,8.63,8.63,8.63
14500,2019-11-12,SZE,8.63,1573516800,8.63,8.38,8.46
100,2019-11-13,SZE,8.54,1573603200,8.54,8.54,8.54
2600,2019-11-14,SZE,8.38,1573689600,7.79,7.79,8.38
1200,2019-11-15,SZE,8.38,1573776000,7.96,7.96,8.38
1100,2019-11-18,SZE,8.12,1574035200,8.12,8.12,8.12
4000,2019-11-19,SZE,8.12,1574121600,7.71,7.71,8.12
700,2019-11-20,SZE,8.29,1574208000,7.79,7.79,8.29
200,2019-11-21,SZE,8.46,1574294400,8.46,8.38,8.38
400,2019-11-22,SZE,8.46,1574380800,8.46,8.21,8.46
2100,2019-11-25,SZE,8.38,1574640000,8.04,8.04,8.38
1200,2019-11-26,SZE,8.38,1574726400,8.04,8.04,8.29
7500,2019-11-27,SZE,8.29,1574812800,8.12,8.12,8.29
7300,2019-11-28,SZE,8.46,1574899200,8.21,8.12,8.29
600,2019-11-29,SZE,8.21,1574985600,8.21,8.21,8.21
3000,2019-12-02,SZE,8.29,1575244800,8.29,8.29,8.29
1500,2019-12-03,SZE,8.38,1575331200,8.29,8.29,8.38
3400,2019-12-04,SZE,8.04,1575417600,8.04,8.04,8.04
5200,2019-12-05,SZE,8.54,1575504000,8.29,8.29,8.54
2700,2019-12-06,SZE,8.46,1575590400,8.38,8.38,8.46
1800,2019-12-09,SZE,8.54,1575849600,8.21,8.21,8.54
1400,2019-12-10,SZE,8.46,1575936000,8.29,8.29,8.38
4100,2019-12-11,SZE,8.29,1576022400,8.29,8.29,8.29
6200,2019-12-12,SZE,8.38,1576108800,8.04,8.04,8.38
3900,2019-12-13,SZE,8.63,1576195200,8.29,8.29,8.38
200,2019-12-16,SZE,8.38,1576454400,8.38,8.38,8.38
3000,2019-12-17,SZE,8.38,1576540800,8.38,8.38,8.38
2500,2019-12-18,SZE,8.46,1576627200,8.46,8.46,8.46
2000,2019-12-19,SZE,8.46,1576713600,8.46,8.46,8.46
8000,2019-12-24,SZE,8.46,1577145600,8.38,8.38,8.38
100,2019-12-25,SZE,8.38,1577232000,8.38,8.38,8.38
2000,2019-12-26,SZE,8.46,1577318400,8.46,8.46,8.46
200,2019-12-27,SZE,8.54,1577404800,8.54,8.54,8.54
1600,2019-12-30,SZE,8.71,1577664000,8.54,8.46,8.46
1000,2019-12-31,SZE,8.54,1577750400,8.46,8.46,8.46
1500,2020-01-02,SZE,8.54,1577923200,8.54,8.54,8.54
600,2020-01-03,SZE,8.54,1578009600,8.54,8.54,8.54
600,2020-01-06,SZE,8.54,1578268800,8.46,8.46,8.54
1100,2020-01-07,SZE,8.71,1578355200,8.63,8.63,8.71
3200,2020-01-08,SZE,8.71,1578441600,8.71,8.54,8.54
1300,2020-01-09,SZE,8.46,1578528000,8.46,8.46,8.46
2300,2020-01-10,SZE,8.46,1578614400,8.29,8.29,8.29
200,2020-01-13,SZE,7.96,1578873600,7.79,7.79,7.96
400,2020-01-14,SZE,8.38,1578960000,7.45,7.45,8.38
300,2020-01-15,SZE,8.38,1579046400,7.62,7.62,8.38
4600,2020-01-16,SZE,8.12,1579132800,7.79,7.79,8.04
200,2020-01-17,SZE,8.46,1579219200,7.2,7.2,8.46
100,2020-01-20,SZE,8.71,1579478400,8.71,8.71,8.71
300,2020-01-21,SZE,8.71,1579564800,7.71,7.71,8.71
800,2020-01-22,SZE,8.38,1579651200,8.38,8.38,8.38
200,2020-01-30,SZE,8.04,1580342400,8.04,8.04,8.04
3500,2020-01-31,SZE,8.38,1580428800,8.38,7.87,7.87
4500,2020-02-03,SZE,8.88,1580688000,8.88,8.04,8.04
100,2020-02-04,SZE,8.12,1580774400,8.12,8.12,8.12
2300,2020-02-05,SZE,8.12,1580860800,8.12,7.87,7.87
1600,2020-02-06,SZE,8.29,1580947200,7.96,7.96,8.29
1400,2020-02-07,SZE,8.38,1581033600,8.29,8.29,8.38
5300,2020-02-10,SZE,8.12,1581292800,8.04,7.96,8.04
9600,2020-02-11,SZE,8.04,1581379200,7.79,7.79,7.96
8200,2020-02-12,SZE,8.04,1581465600,7.79,7.79,7.96
5600,2020-02-13,SZE,8.04,1581552000,8.04,7.96,7.96
9700,2020-02-14,SZE,8.21,1581638400,7.96,7.96,7.96
14400,2020-02-17,SZE,8.12,1581897600,8.12,7.54,8.04
8000,2020-02-18,SZE,8.79,1581984000,8.29,8.21,8.21
1800,2020-02-19,SZE,9.38,1582070400,7.71,7.71,9.21
100,2020-02-20,SZE,8.79,1582156800,8.79,8.79,8.79
4100,2020-02-21,SZE,9.13,1582243200,8.38,8.38,8.71
2200,2020-02-25,SZE,9.13,1582588800,9.13,8.79,8.79
2300,2020-02-26,SZE,8.96,1582675200,8.96,8.96,8.96
100,2020-03-02,SZE,9.13,1583107200,9.13,9.13,9.13
7300,2020-03-03,SZE,8.46,1583193600,8.04,8.04,8.46
3200,2020-03-04,SZE,9.04,1583280000,9.04,8.04,8.04
800,2020-03-05,SZE,8.21,1583366400,8.04,8.04,8.21
9700,2020-03-06,SZE,9.04,1583452800,9.04,8.38,8.79
13200,2020-03-09,SZE,8.38,1583712000,8.29,7.79,7.79
100,2020-03-10,SZE,7.96,1583798400,7.96,7.96,7.96
2000,2020-03-11,SZE,8.71,1583884800,8.71,8.71,8.71
14200,2020-03-12,SZE,8.96,1583971200,8.96,7.54,7.96
2400,2020-03-13,SZE,8.29,1584057600,8.29,7.54,7.54
2500,2020-03-16,SZE,8.46,1584316800,8.46,8.46,8.46
1000,2020-03-17,SZE,8.38,1584403200,8.38,8.38,8.38
200,2020-03-18,SZE,8.38,1584489600,8.38,8.29,8.29
800,2020-03-20,SZE,7.79,1584662400,7.71,7.71,7.79
2000,2020-03-23,SZE,8.46,1584921600,8.46,8.46,8.46
5600,2020-03-24,SZE,7.79,1585008000,7.71,7.62,7.79
7000,2020-03-25,SZE,8.21,1585094400,7.79,7.54,8.21
11400,2020-03-26,SZE,8.12,1585180800,7.79,7.54,7.54
12600,2020-03-27,SZE,8.21,1585267200,8.21,7.45,7.45
1000,2020-03-30,SZE,7.79,1585526400,7.79,7.79,7.79
4100,2020-03-31,SZE,7.79,1585612800,7.79,7.54,7.54
8500,2020-04-01,SZE,7.96,1585699200,7.96,7.54,7.54
15000,2020-04-03,SZE,7.87,1585872000,7.87,7.54,7.62
100,2020-04-06,SZE,7.79,1586131200,7.79,7.79,7.79
2100,2020-04-07,SZE,8.29,1586217600,8.29,7.54,7.54
600,2020-04-08,SZE,8.21,1586304000,7.96,7.96,8.21
2000,2020-04-09,SZE,8.29,1586390400,8.29,7.96,7.96
2200,2020-04-10,SZE,8.29,1586476800,8.29,7.96,8.04
500,2020-04-13,SZE,9.13,1586736000,9.13,9.13,9.13
13600,2020-04-14,SZE,7.96,1586822400,7.96,7.79,7.79
3700,2020-04-15,SZE,8.21,1586908800,8.21,7.71,7.71
5000,2020-04-16,SZE,8.63,1586995200,8.63,7.79,7.87
16500,2020-04-17,SZE,7.96,1587081600,7.96,7.87,7.87
1300,2020-04-20,SZE,7.87,1587340800,7.87,7.87,7.87
11200,2020-04-21,SZE,8.29,1587427200,8.29,7.54,7.54
1600,2020-04-22,SZE,7.96,1587513600,7.96,7.79,7.79
4100,2020-04-23,SZE,8.04,1587600000,8.04,7.87,7.96
2300,2020-04-24,SZE,7.87,1587686400,7.87,7.62,7.87
26500,2020-04-27,SZE,8.04,1587945600,7.87,7.62,7.96
3000,2020-04-28,SZE,8.04,1588032000,8.04,8.04,8.04
2700,2020-04-29,SZE,7.96,1588118400,7.87,7.87,7.96
11000,2020-05-04,SZE,7.87,1588550400,7.62,7.62,7.71
10700,2020-05-05,SZE,8.04,1588636800,7.96,7.71,7.79
5400,2020-05-06,SZE,8.54,1588723200,8.54,7.79,7.96
5100,2020-05-07,SZE,7.96,1588809600,7.79,7.79,7.87
4700,2020-05-08,SZE,8.12,1588896000,8.12,7.87,7.96
1400,2020-05-11,SZE,8.04,1589155200,8.04,7.87,7.87
1500,2020-05-12,SZE,8.12,1589241600,7.96,7.96,8.04
1500,2020-05-13,SZE,8.38,1589328000,8.12,8.12,8.21
600,2020-05-14,SZE,8.21,1589414400,8.04,8.04,8.12
100,2020-05-15,SZE,8.21,1589500800,8.21,8.21,8.21
10100,2020-05-18,SZE,8.21,1589760000,8.21,8.04,8.04
300,2020-05-19,SZE,8.04,1589846400,8.04,7.96,7.96
1800,2020-05-20,SZE,9.13,1589932800,9.13,8.88,8.88
700,2020-05-21,SZE,8.79,1590019200,8.79,8.29,8.29
4000,2020-05-22,SZE,8.63,1590105600,8.29,7.96,7.96
6700,2020-05-25,SZE,8.21,1590364800,8.21,8.21,8.21
1200,2020-05-26,SZE,9.13,1590451200,9.13,8.46,8.46
1100,2020-05-27,SZE,8.38,1590537600,8.38,8.38,8.38
9600,2020-05-28,SZE,8.38,1590624000,8.04,8.04,8.38
200,2020-05-29,SZE,8.21,1590710400,8.12,8.12,8.21
8700,2020-06-01,SZE,9.13,1590969600,9.13,7.96,8.21
4300,2020-06-02,SZE,8.21,1591056000,8.04,8.04,8.12
3100,2020-06-03,SZE,8.12,1591142400,8.12,8.04,8.04
200,2020-06-04,SZE,8.46,1591228800,7.79,7.79,8.46
300,2020-06-05,SZE,8.21,1591315200,8.04,8.04,8.21
400,2020-06-08,SZE,8.38,1591574400,8.38,8.12,8.12
2800,2020-06-10,SZE,8.21,1591747200,7.96,7.96,8.21
26700,2020-06-11,SZE,9.13,1591833600,8.21,8.12,8.21
1500,2020-06-15,SZE,8.04,1592179200,8.04,7.96,7.96
500,2020-06-16,SZE,8.21,1592265600,8.21,8.21,8.21
2800,2020-06-17,SZE,8.54,1592352000,8.12,8.12,8.38
1800,2020-06-18,SZE,8.46,1592438400,8.38,8.38,8.38
3100,2020-06-19,SZE,8.38,1592524800,8.38,8.21,8.21
8300,2020-06-22,SZE,8.38,1592784000,8.12,8.04,8.04
1000,2020-06-23,SZE,8.21,1592870400,8.21,8.21,8.21
1000,2020-06-24,SZE,8.12,1592956800,8.12,8.12,8.12
2500,2020-06-25,SZE,8.12,1593043200,8.12,7.96,7.96
2900,2020-06-26,SZE,8.38,1593129600,8.29,8.29,8.38
1300,2020-06-29,SZE,8.29,1593388800,8.29,8.29,8.29
500,2020-06-30,SZE,8.29,1593475200,8.21,8.21,8.29
500,2020-07-02,SZE,8.12,1593648000,8.12,8.12,8.12
8800,2020-07-03,SZE,8.29,1593734400,8.12,8.12,8.29
100,2020-07-08,SZE,8.12,1594166400,8.12,8.12,8.12
5700,2020-07-10,SZE,6.95,1594339200,6.95,6.95,6.95
400,2020-07-14,SZE,7.96,1594684800,7.96,7.96,7.96
1100,2020-07-15,SZE,8.29,1594771200,8.04,8.04,8.29
100,2020-07-16,SZE,8.12,1594857600,8.12,8.12,8.12
100,2020-07-17,SZE,8.38,1594944000,8.38,8.38,8.38
1300,2020-07-20,SZE,8.38,1595203200,7.79,7.79,8.38
400,2020-07-21,SZE,8.29,1595289600,7.62,7.62,8.29
1300,2020-07-22,SZE,8.21,1595376000,7.71,7.71,8.21
600,2020-07-23,SZE,8.12,1595462400,7.87,7.87,8.12
8400,2020-07-24,SZE,8.12,1595548800,7.62,7.62,7.96
1900,2020-07-27,SZE,7.62,1595808000,7.62,7.54,7.54
1100,2020-07-28,SZE,8.21,1595894400,8.21,7.87,7.87
100,2020-07-29,SZE,8.12,1595980800,8.12,8.12,8.12
700,2020-07-30,SZE,9.21,1596067200,9.21,8.63,8.63
100,2020-07-31,SZE,7.87,1596153600,7.87,7.87,7.87
8100,2020-08-03,SZE,8.63,1596412800,8.38,8.38,8.54
15000,2020-08-04,SZE,8.71,1596499200,8.71,8.54,8.54
2700,2020-08-05,SZE,8.71,1596585600,8.71,8.54,8.63
900,2020-08-06,SZE,8.71,1596672000,8.63,8.63,8.71
1500,2020-08-07,SZE,8.46,1596758400,8.46,8.38,8.46
42000,2020-08-10,SZE,9.71,1597017600,8.63,8.63,9.71
18000,2020-08-11,SZE,10.3,1597104000,10.3,9.46,9.63
19500,2020-08-12,SZE,9.88,1597190400,9.88,9.13,9.55
16400,2020-08-13,SZE,9.63,1597276800,9.3,9.13,9.63
6100,2020-08-14,SZE,9.71,1597363200,9.63,9.38,9.38
2600,2020-08-17,SZE,9.55,1597622400,9.3,9.3,9.55
5700,2020-08-18,SZE,9.46,1597708800,9.46,9.21,9.3
15300,2020-08-19,SZE,9.88,1597795200,9.55,9.55,9.88
5600,2020-08-20,SZE,9.8,1597881600,9.71,9.71,9.71
19300,2020-08-21,SZE,9.8,1597968000,9.63,9.55,9.8
53900,2020-08-24,SZE,10.55,1598227200,9.71,9.71,10.3
19800,2020-08-25,SZE,10.8,1598313600,10.47,10.22,10.3
57200,2020-08-26,SZE,10.47,1598400000,10.47,10.13,10.38
32100,2020-08-27,SZE,10.92,1598486400,10.92,10.47,10.47
24900,2020-08-28,SZE,10.74,1598572800,10.56,10.56,10.65
5600,2020-08-31,SZE,10.65,1598832000,10.65,10.47,10.47
17500,2020-09-01,SZE,9.85,1598918400,9.67,9.67,9.85
4800,2020-09-03,SZE,9.94,1599091200,9.49,9.49,9.94
2200,2020-09-04,SZE,9.76,1599177600,9.76,9.76,9.76
8800,2020-09-07,SZE,9.76,1599436800,9.76,9.58,9.58
2300,2020-09-08,SZE,9.67,1599523200,9.67,9.58,9.67
5800,2020-09-09,SZE,9.67,1599609600,9.67,9.58,9.58
3200,2020-09-10,SZE,9.85,1599696000,9.58,9.58,9.85
900,2020-09-11,SZE,9.94,1599782400,9.94,9.67,9.67
6300,2020-09-14,SZE,10.03,1600041600,9.85,9.85,10.03
100,2020-09-15,SZE,9.85,1600128000,9.85,9.85,9.85
12300,2020-09-16,SZE,9.85,1600214400,9.76,9.76,9.85
4800,2020-09-17,SZE,9.85,1600300800,9.85,9.76,9.85
2500,2020-09-18,SZE,9.76,1600387200,9.76,9.76,9.76
10200,2020-09-21,SZE,9.76,1600646400,9.67,9.31,9.67
2700,2020-09-22,SZE,9.58,1600732800,9.58,9.4,9.58
600,2020-09-23,SZE,9.76,1600819200,9.76,9.67,9.67
9100,2020-09-24,SZE,9.85,1600905600,9.67,9.4,9.4
500,2020-09-25,SZE,9.67,1600992000,9.67,9.67,9.67
600,2020-09-28,SZE,9.67,1601251200,9.67,9.67,9.67
3000,2020-09-29,SZE,9.67,1601337600,9.67,9.49,9.49
1900,2020-09-30,SZE,9.58,1601424000,9.4,9.4,9.58
1800,2020-10-01,SZE,9.67,1601510400,9.67,9.67,9.67
4000,2020-10-02,SZE,9.76,1601596800,9.76,9.67,9.67
5500,2020-10-05,SZE,9.76,1601856000,9.67,9.67,9.76
3700,2020-10-06,SZE,9.85,1601942400,9.76,9.67,9.85
6000,2020-10-07,SZE,9.94,1602028800,9.76,9.67,9.94
1900,2020-10-08,SZE,9.76,1602115200,9.76,9.67,9.67
3700,2020-10-09,SZE,9.94,1602201600,9.76,9.76,9.94
2900,2020-10-12,SZE,11.1,1602460800,9.85,9.85,9.85
6600,2020-10-13,SZE,9.85,1602547200,9.85,9.85,9.85
4200,2020-10-14,SZE,10.3,1602633600,9.85,9.85,9.85
5200,2020-10-15,SZE,9.85,1602720000,9.85,9.85,9.85
3200,2020-10-16,SZE,9.85,1602806400,9.85,9.85,9.85
4100,2020-10-19,SZE,9.58,1603065600,9.58,9.4,9.49
400,2020-10-20,SZE,9.85,1603152000,9.4,9.4,9.85
100,2020-10-21,SZE,11.1,1603238400,11.1,11.1,11.1
4300,2020-10-22,SZE,9.85,1603324800,9.58,9.49,9.85
400,2020-10-23,SZE,10.3,1603411200,10.3,9.58,9.67
900,2020-10-26,SZE,9.67,1603670400,9.67,9.67,9.67
700,2020-10-27,SZE,9.67,1603756800,9.58,9.58,9.67
2700,2020-10-28,SZE,9.58,1603843200,9.58,9.4,9.49
600,2020-10-29,SZE,9.58,1603929600,9.49,9.49,9.58
1000,2020-10-30,SZE,9.4,1604016000,9.4,9.4,9.4
100,2020-11-02,SZE,9.85,1604275200,9.85,9.85,9.85
1300,2020-11-03,SZE,9.67,1604361600,9.67,9.67,9.67
7100,2020-11-04,SZE,10.56,1604448000,10.56,9.67,9.67
6500,2020-11-05,SZE,9.85,1604534400,9.85,9.76,9.76
9700,2020-11-10,SZE,10.12,1604966400,9.85,9.67,9.85
23800,2020-11-11,SZE,10.47,1605052800,10.47,9.85,9.85
10200,2020-11-12,SZE,10.21,1605139200,10.21,9.85,9.85
19200,2020-11-13,SZE,9.85,1605225600,9.85,9.85,9.85
15500,2020-11-16,SZE,9.94,1605484800,9.85,9.85,9.85
3700,2020-11-17,SZE,9.85,1605571200,9.85,9.67,9.67
2100,2020-11-18,SZE,9.85,1605657600,9.76,9.76,9.85
29900,2020-11-19,SZE,9.85,1605744000,9.76,9.76,9.76
21300,2020-11-20,SZE,10.03,1605830400,9.76,9.76,10.03
7400,2020-11-23,SZE,11.28,1606089600,11.28,10.3,10.38
11900,2020-11-24,SZE,10.65,1606176000,10.65,10.47,10.47
15900,2020-11-25,SZE,10.56,1606262400,10.3,10.3,10.38
33700,2020-11-26,SZE,10.38,1606348800,10.38,10.3,10.38
9900,2020-11-27,SZE,10.47,1606435200,10.38,10.38,10.38
16500,2020-11-30,SZE,11.19,1606694400,10.56,10.47,10.74
115100,2020-12-01,SZE,12.36,1606780800,10.74,10.74,12.36
148700,2020-12-02,SZE,13.79,1606867200,12.53,12.53,13.79
113600,2020-12-03,SZE,15.58,1606953600,14.32,13.88,14.32
66500,2020-12-04,SZE,14.06,1607040000,14.06,12.98,13.34
76400,2020-12-07,SZE,14.23,1607299200,14.23,12.71,13.34
42100,2020-12-08,SZE,12.98,1607385600,12.98,12.27,12.45
46600,2020-12-09,SZE,13.34,1607472000,12.53,12.53,12.62
48900,2020-12-10,SZE,12.89,1607558400,12.62,12.36,12.53
59100,2020-12-11,SZE,12.53,1607644800,12.53,11.73,12.18
24800,2020-12-14,SZE,12.45,1607904000,12.45,11.82,12.36
91100,2020-12-15,SZE,13.34,1607990400,12.36,12.18,12.98
23700,2020-12-16,SZE,13.07,1608076800,13.07,12.53,12.53
40300,2020-12-17,SZE,12.8,1608163200,12.53,12.36,12.8
17200,2020-12-18,SZE,12.53,1608249600,12.53,12.09,12.53
39600,2020-12-21,SZE,12.53,1608508800,12.45,12.18,12.53
43400,2020-12-22,SZE,12.71,1608595200,12.71,12.27,12.71
27300,2020-12-23,SZE,12.98,1608681600,12.71,12.62,12.62
21500,2020-12-24,SZE,12.71,1608768000,12.62,12.09,12.62
32300,2020-12-25,SZE,12.53,1608854400,12.36,12.27,12.53
49500,2020-12-28,SZE,12.53,1609113600,12.45,12.27,12.45
25400,2020-12-29,SZE,12.62,1609200000,12.45,12.18,12.27
42700,2020-12-30,SZE,13.16,1609286400,12.36,12.36,12.89
21100,2020-12-31,SZE,13.43,1609372800,12.98,12.98,12.98
18100,2021-01-04,SZE,13.34,1609718400,13.34,12.98,13.07
37200,2021-01-05,SZE,13.25,1609804800,12.8,12.09,13.07
19500,2021-01-06,SZE,12.89,1609891200,12.89,12.62,12.71
40100,2021-01-07,SZE,13.16,1609977600,12.8,12.53,13.16
25700,2021-01-08,SZE,12.89,1610064000,12.89,12.71,12.71
20700,2021-01-11,SZE,13.16,1610323200,12.53,12.53,12.8
31200,2021-01-12,SZE,13.16,1610409600,13.16,12.71,12.89
32100,2021-01-13,SZE,13.07,1610496000,12.89,12.71,12.89
22400,2021-01-14,SZE,12.89,1610582400,12.89,12.62,12.62
32700,2021-01-15,SZE,12.98,1610668800,12.8,12.53,12.8
25800,2021-01-18,SZE,12.98,1610928000,12.8,12.62,12.98
24500,2021-01-19,SZE,12.8,1611014400,12.62,12.27,12.45
19100,2021-01-20,SZE,12.45,1611100800,12.27,11.73,12.45
34900,2021-01-21,SZE,12.89,1611187200,12.27,11.91,12.71
8300,2021-01-22,SZE,12.53,1611273600,12.53,12.36,12.45
98000,2021-01-25,SZE,13.61,1611532800,12.8,12.71,13.52
79200,2021-01-26,SZE,14.23,1611619200,13.88,13.43,13.88
13000,2021-01-27,SZE,14.06,1611705600,13.7,13.7,13.79
54400,2021-01-28,SZE,13.88,1611792000,13.88,11.82,11.82
20500,2021-01-29,SZE,12.98,1611878400,11.19,11.19,12.36
33600,2021-02-01,SZE,12.36,1612137600,12.36,10.74,10.83
23000,2021-02-02,SZE,12.09,1612224000,11.91,11.64,11.73
40700,2021-02-03,SZE,12.36,1612310400,11.91,11.91,12.27
10800,2021-02-04,SZE,12.45,1612396800,12.27,12.27,12.45
17600,2021-02-05,SZE,12.45,1612483200,12.45,11.19,12.18
21900,2021-02-08,SZE,12.53,1612742400,12.53,12,12.18
3200,2021-02-09,SZE,12.36,1612828800,12.36,12.36,12.36
8300,2021-02-17,SZE,12.53,1613520000,12.36,12.36,12.53
28900,2021-02-18,SZE,12.53,1613606400,12.45,12.18,12.18
2100,2021-02-19,SZE,12.53,1613692800,12.36,12.36,12.53
10300,2021-02-22,SZE,12.53,1613952000,12.53,12.36,12.36
9400,2021-02-23,SZE,12.53,1614038400,12.53,12.27,12.36
18700,2021-02-24,SZE,12.53,1614124800,12.53,12.36,12.45
12400,2021-02-25,SZE,12.62,1614211200,12.62,12.45,12.45
9700,2021-02-26,SZE,12.62,1614297600,12.62,12.45,12.53
22800,2021-03-01,SZE,12.62,1614556800,12.53,12.45,12.53
22100,2021-03-02,SZE,12.71,1614643200,12.53,12.45,12.53
22400,2021-03-03,SZE,12.53,1614729600,12.45,12.36,12.53
12200,2021-03-04,SZE,12.53,1614816000,12.53,12.45,12.53
14300,2021-03-05,SZE,12.98,1614902400,12.53,12.53,12.62
12000,2021-03-08,SZE,12.89,1615161600,12.89,12.53,12.53
43200,2021-03-09,SZE,12.45,1615248000,12.45,12.27,12.45
37000,2021-03-10,SZE,12.53,1615334400,12.45,12.36,12.36
39500,2021-03-11,SZE,13.34,1615420800,12.62,12.62,12.8
31600,2021-03-12,SZE,12.89,1615507200,12.8,12.53,12.53
26700,2021-03-15,SZE,12.71,1615766400,12.71,12.36,12.53
55100,2021-03-16,SZE,12.53,1615852800,12.53,12.36,12.53
15500,2021-03-17,SZE,12.71,1615939200,12.53,12.45,12.45
21800,2021-03-18,SZE,12.53,1616025600,12.53,12.36,12.45
9100,2021-03-19,SZE,12.53,1616112000,12.45,12.27,12.27
30300,2021-03-22,SZE,12.53,1616371200,12.53,12.36,12.53
35800,2021-03-23,SZE,12.71,1616457600,12.53,12.36,12.62
30700,2021-03-24,SZE,12.71,1616544000,12.71,12.45,12.62
11400,2021-03-25,SZE,12.71,1616630400,12.71,12.53,12.53
52300,2021-03-26,SZE,13.43,1616716800,12.53,12.27,12.98
79700,2021-03-29,SZE,13.16,1616976000,12.53,12.53,13.07
20100,2021-03-30,SZE,13.16,1617062400,13.07,12.98,13.16
54200,2021-03-31,SZE,14.32,1617148800,13.07,13.07,13.79
29900,2021-04-01,SZE,13.79,1617235200,13.79,13.52,13.61
24300,2021-04-02,SZE,14.23,1617321600,13.61,13.52,13.61
67100,2021-04-05,SZE,14.15,1617580800,14.15,13.43,13.7
35800,2021-04-06,SZE,13.97,1617667200,13.97,13.52,13.7
12800,2021-04-07,SZE,13.88,1617753600,13.88,13.52,13.61
17100,2021-04-08,SZE,13.61,1617840000,13.61,13.52,13.52
10300,2021-04-09,SZE,13.88,1617926400,13.88,13.43,13.61
60400,2021-04-12,SZE,13.61,1618185600,13.52,12.8,13.34
28700,2021-04-13,SZE,13.34,1618272000,13.34,12.89,12.98
5900,2021-04-14,SZE,12.98,1618358400,12.8,12.8,12.98
28100,2021-04-15,SZE,13.07,1618444800,12.8,12.8,12.98
22800,2021-04-16,SZE,12.98,1618531200,12.98,12.62,12.71
8200,2021-04-19,SZE,12.8,1618790400,12.8,12.8,12.8
22400,2021-04-20,SZE,12.89,1618876800,12.8,12.53,12.62
27200,2021-04-22,SZE,12.71,1619049600,12.53,12.36,12.71
18200,2021-04-23,SZE,12.89,1619136000,12.53,12.53,12.71
13400,2021-04-26,SZE,13.16,1619395200,13.16,12.71,12.8
54600,2021-04-27,SZE,12.98,1619481600,12.71,12.62,12.98
9300,2021-04-28,SZE,12.98,1619568000,12.8,12.8,12.8
13400,2021-04-29,SZE,12.98,1619654400,12.89,12.8,12.8
17000,2021-05-04,SZE,12.98,1620086400,12.98,12.62,12.8
2100,2021-05-05,SZE,12.89,1620172800,12.8,12.8,12.8
5700,2021-05-06,SZE,12.8,1620259200,12.8,12.62,12.71
14000,2021-05-07,SZE,12.8,1620345600,12.8,12.53,12.53
11600,2021-05-10,SZE,12.62,1620604800,12.53,12.45,12.53
10100,2021-05-11,SZE,12.62,1620691200,12.53,12.53,12.62
18700,2021-05-12,SZE,12.62,1620777600,12.53,12.45,12.62
12700,2021-05-13,SZE,12.53,1620864000,12.53,12.45,12.45
24600,2021-05-14,SZE,12.71,1620950400,12.62,12.45,12.45
4600,2021-05-17,SZE,12.53,1621209600,12.53,12.53,12.53
32500,2021-05-18,SZE,12.53,1621296000,12.53,12.18,12.18
7500,2021-05-19,SZE,12.53,1621382400,12.27,12.27,12.36
19800,2021-05-20,SZE,12.53,1621468800,12.53,12.09,12.53
14600,2021-05-21,SZE,12.53,1621555200,12.53,12.53,12.53
2700,2021-05-24,SZE,12.62,1621814400,12.53,12.45,12.62
4200,2021-05-25,SZE,12.53,1621900800,12.36,12.36,12.36
8600,2021-05-26,SZE,12.62,1621987200,12.27,12.27,12.62
1300,2021-05-27,SZE,12.53,1622073600,12.45,12.45,12.45
5100,2021-05-28,SZE,12.53,1622160000,12.53,12.36,12.53
5700,2021-05-31,SZE,12.53,1622419200,12.36,12.36,12.53
10500,2021-06-01,SZE,12.71,1622505600,12.45,12.45,12.53
4500,2021-06-02,SZE,12.53,1622592000,12.53,12.53,12.53
27300,2021-06-03,SZE,12.71,1622678400,12.71,12.09,12.18
3400,2021-06-04,SZE,12.53,1622764800,12.27,12.27,12.27
4900,2021-06-07,SZE,12.45,1623024000,12.45,12.27,12.36
20100,2021-06-08,SZE,12.45,1623110400,12.27,12.18,12.36
400,2021-06-09,SZE,12.27,1623196800,12.27,12.27,12.27
2400,2021-06-10,SZE,12.27,1623283200,12.18,12.18,12.27
3700,2021-06-11,SZE,12.27,1623369600,12.27,12.18,12.27
1700,2021-06-14,SZE,12.27,1623628800,12.27,12.18,12.27
7100,2021-06-15,SZE,12.36,1623715200,12.18,12.18,12.27
2600,2021-06-16,SZE,12.18,1623801600,12.18,12.18,12.18
4600,2021-06-17,SZE,12.27,1623888000,12.27,12.27,12.27
5700,2021-06-18,SZE,12.27,1623974400,11.73,11.73,12.27
5400,2021-06-21,SZE,12.36,1624233600,12.09,12.09,12.18
5900,2021-06-22,SZE,12.36,1624320000,12.09,12.09,12.36
9000,2021-06-23,SZE,12.36,1624406400,12.36,12.36,12.36
6900,2021-06-24,SZE,12.36,1624492800,12.36,12.27,12.27
16100,2021-06-25,SZE,12.27,1624579200,12.09,12.09,12.09
7500,2021-06-28,SZE,12.53,1624838400,12.18,12.18,12.53
7300,2021-06-29,SZE,12.53,1624924800,12.18,12.18,12.36
11600,2021-06-30,SZE,12.62,1625011200,12.53,12.53,12.53
9600,2021-07-01,SZE,12.53,1625097600,12.53,12.36,12.53
2000,2021-07-02,SZE,12.53,1625184000,12.53,12.53,12.53
1900,2021-07-05,SZE,12.53,1625443200,12.53,12.45,12.45
15000,2021-07-06,SZE,12.45,1625529600,12.45,12.36,12.36
16500,2021-07-07,SZE,12.45,1625616000,12.27,11.64,12.36
27700,2021-07-08,SZE,12.45,1625702400,12.45,12.18,12.36
4900,2021-07-09,SZE,12.36,1625788800,12.36,12.27,12.27
18400,2021-07-12,SZE,12.45,1626048000,12.09,11.82,12.45
6100,2021-07-13,SZE,12.36,1626134400,12.27,11.82,12.18
8800,2021-07-14,SZE,12.45,1626220800,12.45,11.64,12.36
15900,2021-07-15,SZE,12.45,1626307200,12.45,12.09,12.45
6600,2021-07-16,SZE,12.53,1626393600,12.53,12.18,12.53
500,2021-07-19,SZE,12.45,1626652800,12.45,12.45,12.45
2200,2021-07-20,SZE,12.45,1626739200,12.09,12.09,12.45
6200,2021-07-21,SZE,12.45,1626825600,12.45,12.18,12.18
22000,2021-07-22,SZE,12.45,1626912000,12.45,12.09,12.27
11000,2021-07-26,SZE,12.09,1627257600,11.82,11.82,12.09
1000,2021-07-27,SZE,12.09,1627344000,12.09,12.09,12.09
12600,2021-07-28,SZE,12.45,1627430400,11.91,11.82,12.36
3500,2021-07-29,SZE,12.36,1627516800,12.36,12.09,12.09
3300,2021-07-30,SZE,12.36,1627603200,12.36,12.09,12.09
1100,2021-08-02,SZE,12.45,1627862400,11.91,11.91,12.45
7300,2021-08-03,SZE,12.45,1627948800,12.45,12.09,12.36
7800,2021-08-04,SZE,12.36,1628035200,12.18,12.18,12.36
2700,2021-08-05,SZE,12.53,1628121600,12.53,12.36,12.45
2000,2021-08-06,SZE,12.53,1628208000,12.53,12.53,12.53
7000,2021-08-09,SZE,12.53,1628467200,12.53,12.53,12.53
9100,2021-08-10,SZE,12.53,1628553600,12.53,12.45,12.45
9300,2021-08-11,SZE,12.53,1628640000,12.53,12.36,12.36
5300,2021-08-12,SZE,12.53,1628726400,12.53,12.36,12.36
11700,2021-08-13,SZE,12.36,1628812800,12.36,12.27,12.36
6900,2021-08-16,SZE,12.36,1629072000,12.36,12.36,12.36
11000,2021-08-17,SZE,12.45,1629158400,12.36,12.18,12.45
400,2021-08-18,SZE,12.45,1629244800,12.45,12.45,12.45
5000,2021-08-19,SZE,12.45,1629331200,12.45,12.36,12.36
10100,2021-08-20,SZE,12.27,1629417600,12.27,12.18,12.18
800,2021-08-23,SZE,12.18,1629676800,12.18,12.18,12.18
500,2021-08-24,SZE,12.36,1629763200,12.18,12.18,12.36
100,2021-08-25,SZE,12.36,1629849600,12.36,12.36,12.36
1800,2021-08-27,SZE,12.27,1630022400,12.27,12.27,12.27
9700,2021-08-30,SZE,12.27,1630281600,12.09,12.09,12.27
14500,2021-08-31,SZE,12.36,1630368000,12.36,12.18,12.18
4300,2021-09-06,SZE,12.45,1630886400,12.45,12.45,12.45
25200,2021-09-07,SZE,12.53,1630972800,12.53,12.18,12.27
2500,2021-09-08,SZE,12.36,1631059200,12.36,12.36,12.36
800,2021-09-09,SZE,12.36,1631145600,12.36,12.36,12.36
26600,2021-09-10,SZE,12.36,1631232000,12.36,12.27,12.27
16400,2021-09-13,SZE,12.36,1631491200,12.27,12.27,12.27
240600,2021-09-14,SZE,13.43,1631577600,12.27,12.27,12.98
87600,2021-09-15,SZE,13.34,1631664000,13.16,12.98,13.07
23000,2021-09-16,SZE,13.16,1631750400,13.07,12.71,12.89
320400,2021-09-17,SZE,14.68,1631836800,12.89,12.89,14.41
109800,2021-09-20,SZE,15.13,1632096000,14.77,13.88,14.15
58600,2021-09-21,SZE,14.59,1632182400,13.61,13.25,14.32
141200,2021-09-22,SZE,14.5,1632268800,13.97,13.61,14.41
62900,2021-09-23,SZE,14.59,1632355200,14.59,13.7,14.15
48900,2021-09-24,SZE,14.15,1632441600,14.15,13.61,13.7
66700,2021-09-27,SZE,13.97,1632700800,13.97,13.25,13.43
25000,2021-09-28,SZE,13.52,1632787200,13.43,12.98,13.52
6100,2021-09-29,SZE,13.61,1632873600,13.52,13.16,13.25
27300,2021-09-30,SZE,13.79,1632960000,13.52,13.43,13.52
14800,2021-10-01,SZE,13.52,1633046400,13.43,13.25,13.34
34900,2021-10-04,SZE,13.71,1633305600,13.71,13.05,13.14
29100,2021-10-05,SZE,13.71,1633392000,13.71,12.96,13.14
21900,2021-10-06,SZE,13.14,1633478400,13.05,12.96,13.14
44100,2021-10-07,SZE,13.14,1633564800,13.14,12.86,13.05
27400,2021-10-08,SZE,13.05,1633651200,13.05,12.86,12.86
26300,2021-10-11,SZE,12.96,1633910400,12.96,12.86,12.96
13200,2021-10-12,SZE,13.14,1633996800,12.86,12.86,12.96
14600,2021-10-13,SZE,13.05,1634083200,12.86,12.86,12.96
21800,2021-10-14,SZE,12.96,1634169600,12.86,12.77,12.96
22500,2021-10-15,SZE,12.86,1634256000,12.77,12.77,12.77
23900,2021-10-18,SZE,13.05,1634515200,12.86,12.77,13.05
33500,2021-10-19,SZE,12.96,1634601600,12.96,12.77,12.86
67200,2021-10-20,SZE,12.86,1634688000,12.86,12.58,12.67
4700,2021-10-21,SZE,12.86,1634774400,12.77,12.67,12.86
28900,2021-10-22,SZE,12.86,1634860800,12.77,12.67,12.67
38200,2021-10-25,SZE,13.24,1635120000,12.86,12.86,12.96
14200,2021-10-26,SZE,13.05,1635206400,12.96,12.86,12.96
30600,2021-10-27,SZE,13.71,1635292800,13.71,13.05,13.05
33000,2021-10-28,SZE,13.71,1635379200,13.43,13.05,13.14
33700,2021-10-29,SZE,13.43,1635465600,13.24,13.24,13.24
38300,2021-11-01,SZE,13.33,1635724800,13.24,13.14,13.14
37500,2021-11-02,SZE,13.24,1635811200,13.14,13.14,13.24
56300,2021-11-03,SZE,13.52,1635897600,13.43,13.14,13.33
12700,2021-11-04,SZE,13.33,1635984000,13.33,13.14,13.24
36900,2021-11-05,SZE,13.24,1636070400,13.14,13.05,13.24
61300,2021-11-08,SZE,13.24,1636329600,13.24,13.05,13.14
49600,2021-11-09,SZE,13.14,1636416000,13.14,12.96,13.05
7500,2021-11-10,SZE,13.14,1636502400,13.14,13.05,13.14
34600,2021-11-11,SZE,13.24,1636588800,13.14,12.96,13.14
44400,2021-11-12,SZE,13.62,1636675200,13.14,13.05,13.62
29000,2021-11-15,SZE,14.19,1636934400,13.52,13.52,14.09
194400,2021-11-16,SZE,15.04,1637020800,14.09,13.71,14.75
68700,2021-11-17,SZE,15.13,1637107200,15.04,14.85,14.94
55800,2021-11-18,SZE,15.23,1637193600,15.13,14.66,15.04
115200,2021-11-19,SZE,15.13,1637280000,15.04,14.19,14.75
104000,2021-11-22,SZE,14.66,1637539200,14.56,13.9,13.9
25200,2021-11-23,SZE,15.13,1637625600,13.71,13.52,14.19
36500,2021-11-24,SZE,14.56,1637712000,14.19,14.09,14.47
39600,2021-11-25,SZE,14.56,1637798400,14.56,14.19,14.38
32500,2021-11-26,SZE,14.28,1637884800,14.28,13.9,14.09
33800,2021-11-29,SZE,14.38,1638144000,14.09,13.71,14.28
31500,2021-11-30,SZE,14.56,1638230400,14.19,14.19,14.28
45400,2021-12-01,SZE,14.19,1638316800,13.9,13.81,14.09
21800,2021-12-02,SZE,14.66,1638403200,14.09,13.81,13.81
14300,2021-12-03,SZE,14.28,1638489600,14.28,13.81,14
48000,2021-12-06,SZE,13.81,1638748800,13.81,13.62,13.62
32400,2021-12-07,SZE,14,1638835200,13.24,13.24,13.71
12500,2021-12-08,SZE,13.62,1638921600,13.62,13.33,13.62
26000,2021-12-09,SZE,13.9,1639008000,13.52,13.52,13.9
22100,2021-12-10,SZE,14.19,1639094400,13.81,13.81,13.9
47300,2021-12-13,SZE,14.19,1639353600,14.09,13.43,13.9
27100,2021-12-15,SZE,13.81,1639526400,13.62,13.43,13.52
39500,2021-12-16,SZE,13.81,1639612800,13.81,13.52,13.71
55400,2021-12-17,SZE,13.9,1639699200,13.71,13.52,13.81
34000,2021-12-20,SZE,13.9,1639958400,13.71,13.71,13.71
22900,2021-12-21,SZE,13.81,1640044800,13.71,13.71,13.81
31600,2021-12-22,SZE,14,1640131200,13.81,13.81,13.9
30500,2021-12-23,SZE,14.19,1640217600,14,13.71,13.9
17400,2021-12-24,SZE,14.19,1640304000,14.19,13.81,14
21700,2021-12-27,SZE,14,1640563200,13.9,13.71,14
27000,2021-12-28,SZE,14.38,1640649600,14.09,13.9,14.19
19700,2021-12-29,SZE,14.56,1640736000,14.56,14.09,14.19
46700,2021-12-30,SZE,14.66,1640822400,14.66,14.19,14.19
17300,2021-12-31,SZE,14.19,1640908800,14.19,14.09,14.19
26146,2022-01-04,SZE,14.38,1641254400,14.19,14.09,14.38
11170,2022-01-05,SZE,14.56,1641340800,14.19,14.19,14.47
7600,2022-01-06,SZE,14.56,1641427200,14.56,14.19,14.19
27300,2022-01-07,SZE,14.47,1641513600,14.28,14.19,14.38
50100,2022-01-10,SZE,14.66,1641772800,14.66,14.19,14.19
29329,2022-01-11,SZE,14.47,1641859200,14.47,14.19,14.19
34400,2022-01-12,SZE,14.47,1641945600,14.19,14.19,14.19
25400,2022-01-13,SZE,14.66,1642032000,14.66,14.19,14.19
311200,2022-01-14,SZE,14.38,1642118400,14.19,14.09,14.28
28300,2022-01-17,SZE,14.66,1642377600,14.66,14.09,14.28
19403,2022-01-18,SZE,14.19,1642464000,14.09,13.81,13.9
9400,2022-01-19,SZE,14.19,1642550400,14.19,14,14.09
47600,2022-01-20,SZE,14.19,1642636800,14.09,14.09,14.19
13100,2022-01-21,SZE,14.38,1642723200,14.38,14.09,14.09
17400,2022-01-24,SZE,14.19,1642982400,14.09,13.9,13.9
20798,2022-01-25,SZE,14.19,1643068800,13.9,13.81,13.9
1600,2022-01-26,SZE,14.47,1643155200,14.47,14,14
8000,2022-01-27,SZE,14.19,1643241600,14.09,14,14.19
8200,2022-01-28,SZE,14.09,1643328000,14,14,14.09
2222,2022-02-07,SZE,14.28,1644192000,14,14,14.19
14810,2022-02-08,SZE,14.47,1644278400,14.28,14.19,14.19
570,2022-02-09,SZE,14.47,1644364800,14.47,14.19,14.38
23500,2022-02-10,SZE,14.66,1644451200,14.28,14.09,14.38
6300,2022-02-11,SZE,14.56,1644537600,14.28,14.28,14.47
12300,2022-02-14,SZE,14.56,1644796800,14.47,14.47,14.56
9792,2022-02-15,SZE,14.47,1644883200,14.38,14.09,14.47
8400,2022-02-16,SZE,14.47,1644969600,14.28,14.28,14.47
1314,2022-02-17,SZE,14.66,1645056000,14.66,14.38,14.38
18186,2022-02-18,SZE,14.38,1645142400,14.38,14.19,14.19
17400,2022-02-21,SZE,14.56,1645401600,14.19,14.19,14.38
3000,2022-02-22,SZE,14.56,1645488000,14.19,14.19,14.56
7455,2022-02-23,SZE,14.38,1645574400,14.19,14.19,14.19
9358,2022-02-24,SZE,14.28,1645660800,14.28,14.09,14.19
11200,2022-02-25,SZE,14.38,1645747200,14.19,14.19,14.38
3000,2022-02-28,SZE,14.19,1646006400,14.09,14.09,14.19
15800,2022-03-01,SZE,14.47,1646092800,14.09,14.09,14.38
52100,2022-03-02,SZE,14.38,1646179200,14.38,14.19,14.19
13000,2022-03-03,SZE,14.28,1646265600,14.28,14.19,14.28
18478,2022-03-04,SZE,14.47,1646352000,14.47,14.19,14.38
11900,2022-03-07,SZE,14.47,1646611200,14.47,14.19,14.19
23406,2022-03-08,SZE,14.19,1646697600,14.19,14,14.19
39030,2022-03-09,SZE,14.19,1646784000,14.19,14.09,14.19
32121,2022-03-10,SZE,14.28,1646870400,14.28,14.19,14.19
13900,2022-03-11,SZE,14.28,1646956800,14.28,14.19,14.28
34800,2022-03-14,SZE,14.28,1647216000,14.19,14.19,14.28
19600,2022-03-15,SZE,14.38,1647302400,14.28,14.19,14.28
6040,2022-03-16,SZE,14.38,1647388800,14.28,14.28,14.28
41270,2022-03-17,SZE,14.56,1647475200,14.38,14.28,14.38
12400,2022-03-18,SZE,14.56,1647561600,14.28,14.28,14.47
9200,2022-03-21,SZE,14.66,1647820800,14.38,14.38,14.66
9300,2022-03-22,SZE,14.75,1647907200,14.66,14.38,14.56
13300,2022-03-23,SZE,14.66,1647993600,14.38,14.38,14.47
600,2022-03-24,SZE,14.66,1648080000,14.38,14.38,14.66
9700,2022-03-25,SZE,14.56,1648166400,14.38,14.38,14.56
19300,2022-03-28,SZE,14.66,1648425600,14.56,14.38,14.66
16300,2022-03-29,SZE,14.56,1648512000,14.38,14.38,14.56
11959,2022-03-30,SZE,14.47,1648598400,14.47,14.38,14.47
34721,2022-03-31,SZE,14.66,1648684800,14.38,14.38,14.56
12103,2022-04-01,SZE,14.47,1648771200,14.47,14.38,14.47
3800,2022-04-04,SZE,14.56,1649030400,14.56,14.56,14.56
10400,2022-04-05,SZE,14.56,1649116800,14.56,14.38,14.47
7000,2022-04-06,SZE,14.47,1649203200,14.47,14.38,14.47
21268,2022-04-07,SZE,14.47,1649289600,14.19,14.19,14.28
7400,2022-04-08,SZE,14.38,1649376000,14.38,14.28,14.38
10100,2022-04-12,SZE,14.47,1649721600,14.28,14.19,14.38
6190,2022-04-13,SZE,14.28,1649808000,14.19,14.09,14.28
15400,2022-04-14,SZE,14.47,1649894400,14.47,14.19,14.19
25700,2022-04-15,SZE,14.19,1649980800,14.19,13.9,14
34500,2022-04-18,SZE,14.19,1650240000,14.19,13.9,14.09
21200,2022-04-19,SZE,14.19,1650326400,13.81,13.62,14.19
10700,2022-04-20,SZE,14.19,1650412800,14,14,14
19200,2022-04-21,SZE,14.19,1650499200,13.9,13.9,14.09
31900,2022-04-22,SZE,14.38,1650585600,13.71,13.71,14.19
32200,2022-04-25,SZE,14.47,1650844800,14.19,13.9,14.47
2600,2022-04-26,SZE,14.28,1650931200,14.28,14.19,14.19
16200,2022-04-27,SZE,14.66,1651017600,13.9,13.9,14.56
11800,2022-04-28,SZE,14.38,1651104000,14.09,13.9,14.28
13800,2022-04-29,SZE,14.19,1651190400,14.19,14,14
107,2022-05-04,SZE,14.47,1651622400,14.47,14.47,14.47
3400,2022-05-05,SZE,14.56,1651708800,14.47,14.38,14.38
30641,2022-05-06,SZE,14.47,1651795200,14.19,14.19,14.38
2500,2022-05-09,SZE,14.38,1652054400,14.19,14.19,14.19
9102,2022-05-10,SZE,14.19,1652140800,13.9,13.9,14.19
4500,2022-05-11,SZE,14.19,1652227200,14.19,14,14.19
1900,2022-05-12,SZE,14.38,1652313600,14.28,14.28,14.38
24900,2022-05-13,SZE,14.19,1652400000,13.9,13.81,14.19
27300,2022-05-16,SZE,14.09,1652659200,14.09,13.9,13.9
4100,2022-05-17,SZE,14.09,1652745600,14.09,13.9,14
4100,2022-05-18,SZE,14.28,1652832000,14.28,14,14
2400,2022-05-19,SZE,14.28,1652918400,14.28,13.9,14.19
6394,2022-05-20,SZE,14.19,1653004800,14.19,13.9,14.19
36100,2022-05-23,SZE,14.19,1653264000,14.19,13.81,14.09
100600,2022-05-24,SZE,14.09,1653350400,14.09,13.9,14.09
9200,2022-05-25,SZE,14.09,1653436800,14.09,13.9,14.09
800,2022-05-26,SZE,14.09,1653523200,14.09,14.09,14.09
100,2022-05-27,SZE,14.09,1653609600,14.09,14.09,14.09
10000,2022-05-30,SZE,14,1653868800,13.9,13.9,14
4500,2022-05-31,SZE,14.09,1653955200,14.09,14.09,14.09
1600,2022-06-01,SZE,14.09,1654041600,13.9,13.9,14.09
19567,2022-06-02,SZE,14,1654128000,14,13.9,13.9
7900,2022-06-03,SZE,14,1654214400,14,13.9,14
11621,2022-06-06,SZE,14.09,1654473600,13.9,13.9,14
10900,2022-06-07,SZE,14,1654560000,13.9,13.9,14
1200,2022-06-08,SZE,14,1654646400,13.9,13.9,14
205,2022-06-09,SZE,14,1654732800,14,14,14
2000,2022-06-10,SZE,14.19,1654819200,14,14,14.19
12800,2022-06-13,SZE,14.19,1655078400,13.71,13.71,14.09
3000,2022-06-14,SZE,14.09,1655164800,14.09,13.81,13.81
67300,2022-06-15,SZE,13.9,1655251200,13.9,13.43,13.9
14000,2022-06-16,SZE,14.09,1655337600,14.09,13.62,13.9
8600,2022-06-17,SZE,13.9,1655424000,13.9,13.81,13.9
3100,2022-06-20,SZE,14.09,1655683200,14.09,13.9,13.9
31579,2022-06-21,SZE,14,1655769600,13.9,13.81,14
16600,2022-06-22,SZE,14,1655856000,14,13.71,14
3600,2022-06-23,SZE,14,1655942400,14,13.9,13.9
3100,2022-06-24,SZE,14.09,1656028800,14.09,13.9,13.9
11600,2022-06-27,SZE,14,1656288000,13.9,13.9,13.9
2600,2022-06-28,SZE,13.9,1656374400,13.9,13.81,13.9
1400,2022-06-29,SZE,13.9,1656460800,13.9,13.81,13.81
13856,2022-06-30,SZE,13.9,1656547200,13.81,13.81,13.9
16379,2022-07-01,SZE,13.81,1656633600,13.81,13.71,13.81
1400,2022-07-04,SZE,13.9,1656892800,13.81,13.71,13.9
7919,2022-07-05,SZE,13.9,1656979200,13.9,13.71,13.81
3700,2022-07-06,SZE,13.9,1657065600,13.81,13.71,13.71
24100,2022-07-07,SZE,13.62,1657152000,13.43,13.24,13.62
14159,2022-07-08,SZE,13.71,1657238400,13.62,13.62,13.62
2000,2022-07-11,SZE,13.81,1657497600,13.81,13.81,13.81
12553,2022-07-12,SZE,13.81,1657584000,13.71,13.52,13.71
12846,2022-07-13,SZE,13.71,1657670400,13.24,13.24,13.71
8700,2022-07-14,SZE,13.81,1657756800,13.81,13.33,13.71
3000,2022-07-15,SZE,13.9,1657843200,13.9,13.9,13.9
28753,2022-07-18,SZE,14,1658102400,14,13.24,13.71
1502,2022-07-19,SZE,13.71,1658188800,13.71,13.62,13.62
6300,2022-07-20,SZE,13.81,1658275200,13.81,13.62,13.71
4300,2022-07-21,SZE,13.81,1658361600,13.71,13.71,13.81
2308,2022-07-22,SZE,14,1658448000,14,13.62,13.71
100,2022-07-25,SZE,14,1658707200,14,14,14
1000,2022-07-28,SZE,13.9,1658966400,13.43,13.33,13.81
2300,2022-07-29,SZE,13.71,1659052800,13.43,13.43,13.43
2000,2022-08-01,SZE,14,1659312000,14,14,14
3100,2022-08-03,SZE,13.71,1659484800,13.71,13.43,13.62
1500,2022-08-04,SZE,13.81,1659571200,13.81,13.43,13.62
1400,2022-08-05,SZE,13.9,1659657600,13.9,13.43,13.43
12000,2022-08-08,SZE,13.81,1659916800,13.71,13.52,13.81
15100,2022-08-09,SZE,13.81,1660003200,13.52,13.24,13.81
23900,2022-08-10,SZE,13.9,1660089600,13.9,13.43,13.71
2701,2022-08-11,SZE,14.09,1660176000,14.09,13.43,14.09
2500,2022-08-16,SZE,13.81,1660608000,13.52,13.52,13.81
5500,2022-08-17,SZE,13.71,1660694400,13.62,13.62,13.71
2600,2022-08-18,SZE,13.81,1660780800,13.81,13.71,13.81
7200,2022-08-19,SZE,13.71,1660867200,13.71,13.52,13.52
4400,2022-08-22,SZE,13.71,1661126400,13.52,13.52,13.71
2800,2022-08-23,SZE,13.9,1661212800,13.9,13.9,13.9
8500,2022-08-24,SZE,13.81,1661299200,13.62,13.62,13.81
4400,2022-08-25,SZE,13.81,1661385600,13.81,13.62,13.71
3900,2022-08-26,SZE,13.81,1661472000,13.81,13.62,13.71
14700,2022-08-29,SZE,13.71,1661731200,13.71,13.52,13.71
8600,2022-08-30,SZE,13.71,1661817600,13.52,13.52,13.62
2600,2022-08-31,SZE,13.81,1661904000,13.81,13.62,13.62
7800,2022-09-05,SZE,13.52,1662336000,13.52,13.33,13.33
3100,2022-09-06,SZE,13.81,1662422400,13.62,13.52,13.52
11800,2022-09-07,SZE,13.71,1662508800,13.71,13.52,13.52
1500,2022-09-08,SZE,13.81,1662595200,13.81,13.52,13.52
700,2022-09-09,SZE,13.71,1662681600,13.52,13.52,13.71
4500,2022-09-12,SZE,13.71,1662940800,13.71,13.52,13.52
1600,2022-09-13,SZE,13.52,1663027200,13.52,13.52,13.52
2000,2022-09-14,SZE,13.9,1663113600,13.9,13.9,13.9
2500,2022-09-19,SZE,13.71,1663545600,13.52,13.52,13.71
4500,2022-09-20,SZE,13.71,1663632000,13.62,13.24,13.71
3200,2022-09-21,SZE,13.71,1663718400,13.62,13.62,13.71
1000,2022-09-22,SZE,13.9,1663804800,13.71,13.71,13.9
2400,2022-09-23,SZE,15.41,1663891200,13.9,13.71,14.19
36200,2022-09-26,SZE,15.13,1664150400,13.62,13.24,13.52
1100,2022-09-27,SZE,14.19,1664236800,13.9,13.62,13.81
14400,2022-09-28,SZE,14.19,1664323200,14.19,13.52,13.52
9900,2022-09-29,SZE,14.19,1664409600,14,13.52,13.9
5800,2022-09-30,SZE,14.5,1664496000,14.5,13.3,14.2
9900,2022-10-03,SZE,14.9,1664755200,14.7,13.8,14.2
2100,2022-10-04,SZE,14.6,1664841600,13.8,13.8,14.4
5900,2022-10-05,SZE,14.6,1664928000,14.5,13.5,13.9
500,2022-10-06,SZE,14.1,1665014400,14.1,14.1,14.1
4000,2022-10-07,SZE,14.4,1665100800,14.4,13.2,14.3
1000,2022-10-10,SZE,14,1665360000,14,14,14
3300,2022-10-12,SZE,13.5,1665532800,13.5,13,13.1
2000,2022-10-13,SZE,14.2,1665619200,14.2,14.2,14.2
4700,2022-10-14,SZE,13.2,1665705600,13.2,12.7,13.2
21700.0,2022-10-17,SZE,13.8,1665964800.0,13.0,12.5,13.0
8700.0,2022-10-18,SZE,14.4,1666051200.0,14.3,12.6,12.9
1600.0,2022-10-19,SZE,13.8,1666137600.0,13.7,13.1,13.1
1800.0,2022-10-20,SZE,13.5,1666224000.0,12.7,12.7,13.5
900.0,2022-10-21,SZE,13.5,1666310400.0,12.6,12.6,13.5
7400.0,2022-10-24,SZE,13.0,1666569600.0,12.7,12.6,12.6
200.0,2022-10-25,SZE,13.9,1666656000.0,13.9,13.9,13.9
1400.0,2022-10-26,SZE,13.8,1666742400.0,13.7,12.3,12.3
23300.0,2022-10-27,SZE,13.3,1666828800.0,12.4,11.8,13.3
300.0,2022-10-28,SZE,13.2,1666915200.0,13.2,13.2,13.2
6000.0,2022-10-31,SZE,12.5,1667174400.0,12.5,12.5,12.5
5900.0,2022-11-01,SZE,12.7,1667260800.0,11.7,11.7,12.5
300.0,2022-11-02,SZE,12.8,1667347200.0,12.8,12.8,12.8
300.0,2022-11-03,SZE,13.1,1667433600.0,13.1,13.1,13.1
2100.0,2022-11-04,SZE,12.7,1667520000.0,12.1,12.0,12.7
700.0,2022-11-07,SZE,12.8,1667779200.0,12.8,12.1,12.6
2400.0,2022-11-08,SZE,12.9,1667865600.0,12.9,12.1,12.7
3400.0,2022-11-09,SZE,12.4,1667952000.0,12.4,12.0,12.4
18600.0,2022-11-10,SZE,12.5,1668038400.0,12.5,10.4,12.1
1000.0,2022-11-11,SZE,12.3,1668124800.0,12.3,12.3,12.3
300.0,2022-11-14,SZE,12.0,1668384000.0,11.5,11.1,11.1
1400.0,2022-11-15,SZE,12.3,1668470400.0,12.3,11.4,11.6
2500.0,2022-11-16,SZE,12.1,1668556800.0,11.8,11.8,12.0
1900.0,2022-11-17,SZE,12.3,1668643200.0,12.3,11.5,11.5
5600.0,2022-11-18,SZE,12.1,1668729600.0,12.0,11.6,11.9
5800.0,2022-11-21,SZE,12.0,1668988800.0,12.0,11.5,11.9
100.0,2022-11-22,SZE,11.9,1669075200.0,11.9,11.9,11.9
26200.0,2022-11-23,SZE,12.2,1669161600.0,12.2,11.3,11.7
1400.0,2022-11-24,SZE,12.1,1669248000.0,12.1,11.3,11.3
100.0,2022-11-25,SZE,12.0,1669334400.0,12.0,12.0,12.0
