open,close,volume,symbol,timestamp,low,date,high
12.19,12.19,515600,TGG,1527206400,12.14,2018-05-25,12.19
13,13,399000,TGG,1527465600,12.9,2018-05-28,13
13.9,13.9,665890,TGG,1527552000,13.57,2018-05-29,13.9
14.1,13.62,604060,TGG,1527638400,13.62,2018-05-30,14.24
13.57,13.33,237300,TGG,1527724800,13.29,2018-05-31,13.62
13.29,13.33,181350,TGG,1527811200,13.19,2018-06-01,13.38
13.33,13.29,161900,TGG,1528070400,13.24,2018-06-04,13.38
13.29,13.38,206220,TGG,1528156800,13.19,2018-06-05,13.43
13.38,13.33,268940,TGG,1528243200,13.24,2018-06-06,13.38
13.33,13.33,115630,TGG,1528329600,13.24,2018-06-07,13.38
13.33,14.24,1296600,TGG,1528416000,13.24,2018-06-08,14.24
14.24,15.19,987650,TGG,1528675200,13.81,2018-06-11,15.19
15.24,14.38,494530,TGG,1528761600,14.29,2018-06-12,15.71
14.24,13.76,702310,TGG,1528848000,13.38,2018-06-13,14.24
13.76,13.81,323710,TGG,1528934400,13.29,2018-06-14,13.86
13.81,13.76,200880,TGG,1529020800,13.62,2018-06-15,13.86
13.76,13.86,251610,TGG,1529280000,13.62,2018-06-18,13.95
13.86,13.81,232120,TGG,1529366400,13.62,2018-06-19,13.9
13.81,13.81,204540,TGG,1529452800,13.67,2018-06-20,13.86
13.81,13.76,184590,TGG,1529539200,13.67,2018-06-21,13.86
13.76,13.76,167800,TGG,1529625600,13.67,2018-06-22,13.81
13.76,14.71,1022220,TGG,1529884800,13.43,2018-06-25,14.71
14.76,14.05,1508370,TGG,1529971200,13.71,2018-06-26,14.76
14.05,14.19,737080,TGG,1530057600,14.05,2018-06-27,14.33
14.19,14.19,153020,TGG,1530144000,13.9,2018-06-28,14.29
14.19,14.14,127490,TGG,1530230400,14.1,2018-06-29,14.24
14.14,14.1,136500,TGG,1530489600,13.95,2018-07-02,14.14
14.1,14.1,116180,TGG,1530576000,14,2018-07-03,14.14
14.1,14.19,189460,TGG,1530662400,13.95,2018-07-04,14.24
14.19,14.48,291910,TGG,1530748800,14.1,2018-07-05,14.48
14.52,14.33,199970,TGG,1530835200,14.19,2018-07-06,14.57
14.33,14.38,248010,TGG,1531094400,14.19,2018-07-09,14.48
14.38,14.29,206680,TGG,1531180800,14.24,2018-07-10,14.43
14.29,14.33,241840,TGG,1531267200,13.9,2018-07-11,14.38
14.33,15.33,634820,TGG,1531353600,14.24,2018-07-12,15.33
15.38,16.29,444580,TGG,1531440000,15.33,2018-07-13,16.29
16.29,17.05,259300,TGG,1531699200,16.29,2018-07-16,17.05
17.05,17.76,301050,TGG,1531785600,17,2018-07-17,17.76
17.76,17.62,158730,TGG,1531872000,17.43,2018-07-18,17.81
17.62,18.19,297460,TGG,1531958400,17.52,2018-07-19,18.19
18.24,17.62,439970,TGG,1532044800,16.95,2018-07-20,18.29
17.62,18.33,321680,TGG,1532304000,17.57,2018-07-23,18.33
18.33,18.48,336570,TGG,1532390400,17.95,2018-07-24,18.57
18.48,19.29,799840,TGG,1532476800,18.24,2018-07-25,19.29
19.33,20,1175960,TGG,1532563200,19.29,2018-07-26,20.62
20.05,21.33,750420,TGG,1532649600,19.52,2018-07-27,21.33
21.24,19.86,113180,TGG,1532908800,19.86,2018-07-30,21.29
19.05,18.48,141130,TGG,1532995200,18.48,2018-07-31,19.91
18.29,18.48,791190,TGG,1533081600,17.19,2018-08-01,18.52
18.52,18.1,421060,TGG,1533168000,18.05,2018-08-02,18.81
18.1,18.14,152830,TGG,1533254400,17.67,2018-08-03,18.14
18.14,18.1,96150,TGG,1533513600,17.81,2018-08-06,18.19
18.1,19.33,676670,TGG,1533600000,17.91,2018-08-07,19.33
19.43,20.67,128930,TGG,1533686400,19.43,2018-08-08,20.67
21.7,22.1,58100,TGG,1533772800,21.7,2018-08-09,22.1
23.1,23.6,307180,TGG,1533859200,23.1,2018-08-10,23.6
24,25.25,375780,TGG,1534118400,22.1,2018-08-13,25.25
25.6,27,506980,TGG,1534204800,23.8,2018-08-14,27
27.4,26.55,739340,TGG,1534291200,25.15,2018-08-15,27.65
26.55,25.5,566110,TGG,1534377600,24.7,2018-08-16,26.55
25.5,26.5,289950,TGG,1534464000,25.1,2018-08-17,26.8
26.55,28.35,397260,TGG,1534723200,26,2018-08-20,28.35
28.5,30.3,797150,TGG,1534809600,26.4,2018-08-21,30.3
30.5,29,142850,TGG,1534896000,28.6,2018-08-22,30.65
29,29.05,343420,TGG,1534982400,28.6,2018-08-23,29.05
29,28.3,407470,TGG,1535068800,27.05,2018-08-24,29
28.3,28.35,222550,TGG,1535328000,27.8,2018-08-27,28.55
28.35,28.1,91750,TGG,1535414400,27.9,2018-08-28,28.35
28.1,28.3,266060,TGG,1535500800,26.15,2018-08-29,28.3
28.3,28.05,126020,TGG,1535587200,26.35,2018-08-30,28.3
28.05,27,16490,TGG,1535673600,26.1,2018-08-31,28.05
26.8,25.15,54450,TGG,1536019200,25.15,2018-09-04,26.95
24.5,23.4,7130,TGG,1536105600,23.4,2018-09-05,24.5
21.8,21.8,790,TGG,1536192000,21.8,2018-09-06,21.8
20.3,20.3,7560,TGG,1536278400,20.3,2018-09-07,20.3
18.9,18.9,8460,TGG,1536537600,18.9,2018-09-10,18.9
17.6,18,61180,TGG,1536624000,17.6,2018-09-11,18.5
18,19,157880,TGG,1536710400,16.75,2018-09-12,19
19.05,19.55,163280,TGG,1536796800,17.7,2018-09-13,19.7
19.55,19,138280,TGG,1536883200,18.2,2018-09-14,19.65
19,18.5,450060,TGG,1537142400,17.7,2018-09-17,19
18.4,18.85,500440,TGG,1537228800,17.25,2018-09-18,18.85
18.85,18.85,400050,TGG,1537315200,17.55,2018-09-19,18.9
18.8,17.55,204000,TGG,1537401600,17.55,2018-09-20,18.8
17.6,16.35,614270,TGG,1537488000,16.35,2018-09-21,17.7
15.25,15.25,70040,TGG,1537747200,15.25,2018-09-24,16
14.2,14.2,212930,TGG,1537833600,14.2,2018-09-25,14.2
13.25,15.15,873740,TGG,1537920000,13.25,2018-09-26,15.15
16,15,471160,TGG,1538006400,14.1,2018-09-27,16
15,15.8,782430,TGG,1538092800,13.95,2018-09-28,15.8
15.4,14.7,169430,TGG,1538352000,14.7,2018-10-01,15.4
13.7,13.7,247580,TGG,1538438400,13.7,2018-10-02,14.2
13.7,13.3,1114960,TGG,1538524800,12.75,2018-10-03,13.7
13.3,12.4,628500,TGG,1538611200,12.4,2018-10-04,13.3
12.4,11.55,377200,TGG,1538697600,11.55,2018-10-05,13
11.5,10.75,591040,TGG,1538956800,10.75,2018-10-08,11.5
10.2,11.2,633670,TGG,1539043200,10,2018-10-09,11.5
11.15,10.45,449850,TGG,1539129600,10.45,2018-10-10,11.15
9.72,9.72,86420,TGG,1539216000,9.72,2018-10-11,10
9.04,10.4,1350640,TGG,1539302400,9.04,2018-10-12,10.4
10.85,10,510740,TGG,1539561600,9.68,2018-10-15,10.85
9.9,9.9,144090,TGG,1539648000,9.3,2018-10-16,10.1
9.88,9.7,835090,TGG,1539734400,9.21,2018-10-17,9.88
9.1,9.03,741710,TGG,1539820800,9.03,2018-10-18,9.59
8.4,9.5,325470,TGG,1539907200,8.4,2018-10-19,9.5
9.5,10,268190,TGG,1540166400,8.84,2018-10-22,10
9.9,9.5,201200,TGG,1540252800,9.3,2018-10-23,10
9.47,8.84,2423440,TGG,1540339200,8.84,2018-10-24,9.47
8.23,8.23,2112390,TGG,1540425600,8.23,2018-10-25,8.4
8.23,8,83510,TGG,1540512000,7.75,2018-10-26,8.5
7.79,7.44,35710,TGG,1540771200,7.44,2018-10-29,7.79
6.92,6.92,48150,TGG,1540857600,6.92,2018-10-30,6.93
6.44,6.99,283730,TGG,1540944000,6.44,2018-10-31,6.99
6.99,7.19,216580,TGG,1541030400,6.56,2018-11-01,7.45
7.34,7.1,176570,TGG,1541116800,6.69,2018-11-02,7.34
6.99,6.61,236180,TGG,1541376000,6.61,2018-11-05,7.1
6.9,7.07,899660,TGG,1541462400,6.9,2018-11-06,7.07
7.29,7.56,823280,TGG,1541548800,7.28,2018-11-07,7.56
8,8.08,800430,TGG,1541635200,7.56,2018-11-08,8.08
8.36,7.9,948270,TGG,1541721600,7.52,2018-11-09,8.36
7.9,7.35,1028580,TGG,1541980800,7.35,2018-11-12,7.9
6.84,6.84,489080,TGG,1542067200,6.84,2018-11-13,6.84
6.37,6.8,1000220,TGG,1542153600,6.37,2018-11-14,6.83
6.85,6.78,1580400,TGG,1542240000,6.33,2018-11-15,7.27
7.05,6.78,1195820,TGG,1542326400,6.31,2018-11-16,7.05
6.78,6.5,1392510,TGG,1542585600,6.31,2018-11-19,6.78
6.05,6.05,1362560,TGG,1542672000,6.05,2018-11-20,6.45
6,6.2,232800,TGG,1542758400,6,2018-11-21,6.25
6.25,6.2,234250,TGG,1542844800,6,2018-11-22,6.25
6.2,6.15,255270,TGG,1542931200,6,2018-11-23,6.2
6.1,6.1,138030,TGG,1543190400,5.85,2018-11-26,6.1
6.1,5.95,1276380,TGG,1543276800,5.68,2018-11-27,6.25
5.8,6.36,2266090,TGG,1543363200,5.54,2018-11-28,6.36
6.5,6.28,2234060,TGG,1543449600,5.92,2018-11-29,6.8
5.85,6,1596880,TGG,1543536000,5.85,2018-11-30,6.1
6,5.58,1541850,TGG,1543795200,5.58,2018-12-03,6
5.3,5.55,1766690,TGG,1543881600,5.19,2018-12-04,5.7
5.17,5.17,971580,TGG,1543968000,5.17,2018-12-05,5.17
4.81,4.81,172180,TGG,1544054400,4.81,2018-12-06,4.81
4.58,4.48,707800,TGG,1544140800,4.48,2018-12-07,4.58
4.47,4.17,1308040,TGG,1544400000,4.17,2018-12-10,4.47
3.88,4.2,1143120,TGG,1544486400,3.88,2018-12-11,4.2
4.2,4.08,1420510,TGG,1544572800,3.91,2018-12-12,4.2
4,4,1192030,TGG,1544659200,3.8,2018-12-13,4.06
3.76,3.9,153570,TGG,1544745600,3.73,2018-12-14,3.9
3.85,3.8,145190,TGG,1545004800,3.65,2018-12-17,3.85
3.6,3.54,145660,TGG,1545091200,3.54,2018-12-18,3.7
3.32,3.3,203530,TGG,1545177600,3.3,2018-12-19,3.53
3.08,3.35,207510,TGG,1545264000,3.07,2018-12-20,3.48
3.35,3.58,112610,TGG,1545350400,3.3,2018-12-21,3.58
3.83,3.83,826230,TGG,1545609600,3.82,2018-12-24,3.83
3.82,3.86,2422110,TGG,1545696000,3.78,2018-12-25,4.08
3.8,3.59,73800,TGG,1545782400,3.59,2018-12-26,3.99
3.6,3.34,304060,TGG,1545868800,3.34,2018-12-27,3.6
3.11,3.11,149720,TGG,1545955200,3.11,2018-12-28,3.19
2.9,2.9,153320,TGG,1546387200,2.9,2019-01-02,3
2.7,2.73,514180,TGG,1546473600,2.7,2019-01-03,3.1
2.7,2.54,290350,TGG,1546560000,2.54,2019-01-04,2.72
2.6,2.65,139450,TGG,1546819200,2.4,2019-01-07,2.67
2.75,2.82,154760,TGG,1546905600,2.65,2019-01-08,2.83
2.75,2.88,126260,TGG,1546992000,2.75,2019-01-09,2.88
2.75,3.08,876680,TGG,1547078400,2.71,2019-01-10,3.08
3.09,3.14,339040,TGG,1547164800,2.9,2019-01-11,3.2
2.96,3.01,87240,TGG,1547424000,2.93,2019-01-14,3.3
2.82,2.95,1234960,TGG,1547510400,2.8,2019-01-15,2.99
2.97,2.8,49690,TGG,1547596800,2.8,2019-01-16,2.97
2.8,2.81,19770,TGG,1547683200,2.7,2019-01-17,2.82
2.79,2.62,156480,TGG,1547769600,2.62,2019-01-18,2.79
2.62,2.6,50790,TGG,1548028800,2.45,2019-01-21,2.65
2.48,2.6,128270,TGG,1548115200,2.45,2019-01-22,2.6
2.56,2.66,70900,TGG,1548201600,2.45,2019-01-23,2.68
2.63,2.53,22930,TGG,1548288000,2.52,2019-01-24,2.63
2.55,2.5,48870,TGG,1548374400,2.45,2019-01-25,2.56
2.42,2.5,21990,TGG,1548633600,2.4,2019-01-28,2.5
2.45,2.49,24160,TGG,1548720000,2.4,2019-01-29,2.49
2.49,2.66,243590,TGG,1548806400,2.45,2019-01-30,2.66
2.67,2.84,516710,TGG,1548892800,2.67,2019-01-31,2.84
2.8,2.84,20140,TGG,1548979200,2.68,2019-02-01,2.87
2.8,2.98,247900,TGG,1549843200,2.75,2019-02-11,3.03
2.9,2.93,496510,TGG,1549929600,2.79,2019-02-12,2.98
2.8,2.73,569320,TGG,1550016000,2.73,2019-02-13,2.91
2.83,2.73,54980,TGG,1550102400,2.65,2019-02-14,2.83
2.7,2.9,228160,TGG,1550188800,2.6,2019-02-15,2.9
2.89,2.7,1141280,TGG,1550448000,2.7,2019-02-18,2.89
2.7,2.52,703510,TGG,1550534400,2.52,2019-02-19,2.77
2.57,2.64,693830,TGG,1550620800,2.53,2019-02-20,2.65
2.63,2.69,168420,TGG,1550707200,2.5,2019-02-21,2.76
2.67,2.53,128600,TGG,1550793600,2.53,2019-02-22,2.67
2.53,2.6,272960,TGG,1551052800,2.52,2019-02-25,2.64
2.64,2.6,128350,TGG,1551139200,2.53,2019-02-26,2.64
2.55,2.55,33180,TGG,1551225600,2.51,2019-02-27,2.6
2.55,2.55,239040,TGG,1551312000,2.38,2019-02-28,2.6
2.59,2.6,53990,TGG,1551398400,2.44,2019-03-01,2.6
2.6,2.61,74550,TGG,1551657600,2.58,2019-03-04,2.67
2.5,2.59,143800,TGG,1551744000,2.5,2019-03-05,2.61
2.6,2.55,175660,TGG,1551830400,2.41,2019-03-06,2.6
2.6,2.52,187120,TGG,1551916800,2.51,2019-03-07,2.6
2.51,2.52,109850,TGG,1552003200,2.5,2019-03-08,2.58
2.52,2.53,46770,TGG,1552262400,2.48,2019-03-11,2.54
2.51,2.52,180820,TGG,1552348800,2.48,2019-03-12,2.54
2.48,2.56,126030,TGG,1552435200,2.48,2019-03-13,2.56
2.58,2.59,86150,TGG,1552521600,2.5,2019-03-14,2.59
2.55,2.76,558160,TGG,1552608000,2.55,2019-03-15,2.77
2.8,2.75,81450,TGG,1552867200,2.68,2019-03-18,2.81
2.6,2.68,48510,TGG,1552953600,2.6,2019-03-19,2.74
2.6,2.67,360240,TGG,1553040000,2.58,2019-03-20,2.68
2.67,2.75,1159310,TGG,1553126400,2.58,2019-03-21,2.77
2.75,2.78,554980,TGG,1553212800,2.7,2019-03-22,2.8
2.77,2.97,1343820,TGG,1553472000,2.75,2019-03-25,2.97
3.12,2.94,732300,TGG,1553558400,2.93,2019-03-26,3.12
2.91,2.96,249120,TGG,1553644800,2.88,2019-03-27,2.97
2.9,2.98,316590,TGG,1553731200,2.83,2019-03-28,3.06
2.9,3.04,324390,TGG,1553817600,2.9,2019-03-29,3.05
3.23,3.25,567590,TGG,1554076800,3.16,2019-04-01,3.25
3.3,3.47,668780,TGG,1554163200,3.3,2019-04-02,3.47
3.71,3.6,1180090,TGG,1554249600,3.23,2019-04-03,3.71
3.5,3.8,585610,TGG,1554336000,3.37,2019-04-04,3.8
3.9,3.8,480880,TGG,1554422400,3.75,2019-04-05,3.9
3.8,3.95,333070,TGG,1554681600,3.8,2019-04-08,4.03
4,3.98,644430,TGG,1554768000,3.9,2019-04-09,4.15
3.98,3.85,325430,TGG,1554854400,3.8,2019-04-10,3.99
3.81,4.09,515150,TGG,1554940800,3.59,2019-04-11,4.09
4.1,4.37,949860,TGG,1555027200,3.95,2019-04-12,4.37
4.3,4.59,514840,TGG,1555372800,4.3,2019-04-16,4.67
4.6,4.31,333960,TGG,1555459200,4.31,2019-04-17,4.7
4.02,4.31,2150210,TGG,1555545600,4.01,2019-04-18,4.36
4.31,4.34,289850,TGG,1555632000,4.05,2019-04-19,4.4
4.34,4.25,846830,TGG,1555891200,4.04,2019-04-22,4.34
4.2,3.96,351890,TGG,1555977600,3.96,2019-04-23,4.2
3.7,3.96,280980,TGG,1556064000,3.7,2019-04-24,3.99
3.96,4.07,269160,TGG,1556150400,3.96,2019-04-25,4.1
3.82,4.07,135330,TGG,1556236800,3.82,2019-04-26,4.1
4.07,4.08,196410,TGG,1556755200,4,2019-05-02,4.09
4.1,4.09,93070,TGG,1556841600,4,2019-05-03,4.1
4.07,4.2,273300,TGG,1557100800,4.01,2019-05-06,4.25
4.2,4.4,400530,TGG,1557187200,4.2,2019-05-07,4.45
4.5,4.63,331300,TGG,1557273600,4.5,2019-05-08,4.66
4.46,4.48,62340,TGG,1557360000,4.46,2019-05-09,4.65
4.48,4.5,267820,TGG,1557446400,4.4,2019-05-10,4.58
4.5,4.37,177880,TGG,1557705600,4.21,2019-05-13,4.5
4.39,4.35,171720,TGG,1557792000,4.21,2019-05-14,4.39
4.33,4.4,1196950,TGG,1557878400,4.05,2019-05-15,4.4
4.4,4.33,217100,TGG,1557964800,4.1,2019-05-16,4.4
4.3,4.29,134240,TGG,1558051200,4.06,2019-05-17,4.3
4.29,4.2,151490,TGG,1558310400,4.11,2019-05-20,4.29
4.12,4.11,146020,TGG,1558396800,4.11,2019-05-21,4.26
4.11,4.13,430930,TGG,1558483200,3.9,2019-05-22,4.15
4.13,4.05,49320,TGG,1558569600,3.95,2019-05-23,4.13
4.05,4.05,48860,TGG,1558656000,3.82,2019-05-24,4.1
3.9,4.05,50610,TGG,1558915200,3.9,2019-05-27,4.05
4.1,3.99,226740,TGG,1559001600,3.77,2019-05-28,4.1
3.97,3.72,917450,TGG,1559088000,3.72,2019-05-29,3.97
3.89,3.75,299680,TGG,1559174400,3.46,2019-05-30,3.89
3.49,3.6,97610,TGG,1559260800,3.49,2019-05-31,3.75
3.65,3.7,320320,TGG,1559520000,3.35,2019-06-03,3.7
3.47,3.65,159080,TGG,1559606400,3.45,2019-06-04,3.66
3.46,3.6,244370,TGG,1559692800,3.4,2019-06-05,3.6
3.42,3.35,145320,TGG,1559779200,3.35,2019-06-06,3.56
3.4,3.39,49930,TGG,1559865600,3.35,2019-06-07,3.4
3.17,3.16,274010,TGG,1560124800,3.16,2019-06-10,3.45
3.05,2.94,288760,TGG,1560211200,2.94,2019-06-11,3.1
2.75,2.94,107480,TGG,1560297600,2.74,2019-06-12,2.95
2.94,3.1,192250,TGG,1560384000,2.93,2019-06-13,3.1
3.1,3.17,324230,TGG,1560470400,3.01,2019-06-14,3.25
3.2,3.25,179590,TGG,1560729600,3.15,2019-06-17,3.26
3.25,3.03,157840,TGG,1560816000,3.03,2019-06-18,3.27
3.1,3,418560,TGG,1560902400,2.82,2019-06-19,3.1
3.1,3,418560,TGG,1560988800,2.82,2019-06-20,3.1
3.02,3.02,126990,TGG,1561075200,2.95,2019-06-21,3.03
3.02,3,107320,TGG,1561334400,2.86,2019-06-24,3.02
2.84,2.99,37370,TGG,1561420800,2.84,2019-06-25,3
2.9,2.99,71930,TGG,1561507200,2.85,2019-06-26,2.99
3,2.99,60090,TGG,1561593600,2.85,2019-06-27,3
2.98,2.98,77130,TGG,1561680000,2.85,2019-06-28,2.99
2.98,3,315390,TGG,1561939200,2.97,2019-07-01,3.01
2.98,3.02,118690,TGG,1562025600,2.97,2019-07-02,3.02
3.01,2.81,513490,TGG,1562112000,2.81,2019-07-03,3.2
2.81,2.89,268730,TGG,1562198400,2.7,2019-07-04,2.89
2.89,2.9,145660,TGG,1562284800,2.85,2019-07-05,2.92
2.9,2.9,80360,TGG,1562544000,2.84,2019-07-08,2.9
2.8,2.9,238510,TGG,1562630400,2.75,2019-07-09,2.9
2.9,2.94,186080,TGG,1562716800,2.88,2019-07-10,2.94
2.9,2.94,62880,TGG,1562803200,2.89,2019-07-11,2.94
2.93,2.94,94560,TGG,1562889600,2.89,2019-07-12,2.94
2.87,2.94,18720,TGG,1563148800,2.87,2019-07-15,2.94
2.94,3.14,501670,TGG,1563235200,2.93,2019-07-16,3.14
3.35,3.21,160300,TGG,1563321600,3.19,2019-07-17,3.35
3.3,3.23,617180,TGG,1563408000,3.18,2019-07-18,3.3
3.23,3.27,148310,TGG,1563494400,3.2,2019-07-19,3.39
3.27,3.23,93240,TGG,1563753600,3.2,2019-07-22,3.35
3.01,3.2,307080,TGG,1563840000,3.01,2019-07-23,3.25
3.2,3.38,455980,TGG,1563926400,3.15,2019-07-24,3.4
3.2,3.61,1136070,TGG,1564012800,3.2,2019-07-25,3.61
3.8,3.8,1621730,TGG,1564099200,3.5,2019-07-26,3.86
4.03,4,147870,TGG,1564358400,3.78,2019-07-29,4.05
3.99,3.72,811660,TGG,1564444800,3.72,2019-07-30,3.99
3.72,3.86,226970,TGG,1564531200,3.72,2019-07-31,3.96
3.86,3.8,2023570,TGG,1564617600,3.59,2019-08-01,4.12
3.78,3.54,390190,TGG,1564704000,3.54,2019-08-02,3.78
3.3,3.48,125080,TGG,1564963200,3.3,2019-08-05,3.54
3.4,3.57,887960,TGG,1565049600,3.24,2019-08-06,3.65
3.57,3.6,366400,TGG,1565136000,3.33,2019-08-07,3.64
3.59,3.65,801430,TGG,1565222400,3.4,2019-08-08,3.75
3.64,3.4,325530,TGG,1565308800,3.4,2019-08-09,3.64
3.4,3.47,271050,TGG,1565568000,3.4,2019-08-12,3.51
3.47,3.4,297340,TGG,1565654400,3.3,2019-08-13,3.5
3.4,3.6,1270780,TGG,1565740800,3.35,2019-08-14,3.63
3.59,3.58,699750,TGG,1565827200,3.37,2019-08-15,3.59
3.58,3.55,879310,TGG,1565913600,3.34,2019-08-16,3.58
3.46,3.5,245240,TGG,1566172800,3.32,2019-08-19,3.55
3.4,3.43,230330,TGG,1566259200,3.3,2019-08-20,3.52
3.31,3.43,199750,TGG,1566345600,3.31,2019-08-21,3.47
3.43,3.19,2356710,TGG,1566432000,3.19,2019-08-22,3.48
3.19,3.3,224590,TGG,1566518400,3,2019-08-23,3.25
3.3,3.3,56240,TGG,1566777600,3.2,2019-08-26,3.34
3.15,3.28,1207670,TGG,1566864000,3.07,2019-08-27,3.28
3.16,3.11,1231970,TGG,1566950400,3.06,2019-08-28,3.2
3.11,3.13,548920,TGG,1567036800,2.95,2019-08-29,3.2
3.13,3.1,199480,TGG,1567123200,3,2019-08-30,3.15
3.1,3.04,454820,TGG,1567468800,3,2019-09-03,3.12
3.04,2.86,1266450,TGG,1567555200,2.83,2019-09-04,3.08
2.9,2.9,373000,TGG,1567641600,2.89,2019-09-05,2.96
2.92,2.7,628830,TGG,1567728000,2.79,2019-09-06,2.99
2.7,2.8,520040,TGG,1567987200,2.7,2019-09-09,2.88
2.8,2.74,896800,TGG,1568073600,2.61,2019-09-10,2.8
2.7,2.78,342260,TGG,1568160000,2.65,2019-09-11,2.79
2.79,2.97,1349020,TGG,1568246400,2.66,2019-09-12,2.97
3.01,2.9,3203050,TGG,1568332800,2.77,2019-09-13,3.15
2.9,2.95,2003960,TGG,1568592000,2.7,2019-09-16,2.97
2.91,2.75,1522470,TGG,1568678400,2.75,2019-09-17,2.97
2.68,2.74,2105680,TGG,1568764800,2.56,2019-09-18,2.74
2.62,2.64,3330990,TGG,1568851200,2.55,2019-09-19,2.76
2.6,2.6,1386490,TGG,1568937600,2.46,2019-09-20,2.64
2.51,2.54,112180,TGG,1569196800,2.48,2019-09-23,2.55
2.43,2.47,508800,TGG,1569283200,2.37,2019-09-24,2.48
2.46,2.52,837410,TGG,1569369600,2.41,2019-09-25,2.6
2.52,2.45,333020,TGG,1569456000,2.43,2019-09-26,2.57
2.52,2.46,992060,TGG,1569542400,2.3,2019-09-27,2.52
2.46,2.29,2876450,TGG,1569801600,2.29,2019-09-30,2.49
2.14,2.13,2112310,TGG,1569888000,2.13,2019-10-01,2.21
2.13,1.99,879730,TGG,1569974400,1.99,2019-10-02,2.13
1.9,1.86,777440,TGG,1570060800,1.86,2019-10-03,1.91
1.78,1.99,3399480,TGG,1570147200,1.73,2019-10-04,1.99
2.12,2.12,721390,TGG,1570406400,2.02,2019-10-07,2.12
2.12,2.12,871560,TGG,1570492800,2.11,2019-10-08,2.24
2.02,1.98,1336460,TGG,1570579200,1.98,2019-10-09,2.04
1.85,1.98,1624660,TGG,1570665600,1.85,2019-10-10,1.99
1.99,1.91,240270,TGG,1570752000,1.9,2019-10-11,1.99
1.89,1.95,514810,TGG,1571011200,1.87,2019-10-14,1.96
1.93,2,768580,TGG,1571097600,1.89,2019-10-15,2
2,2.03,362740,TGG,1571184000,2,2019-10-16,2.08
2,2.04,213170,TGG,1571270400,1.93,2019-10-17,2
2.02,2.03,122900,TGG,1571356800,1.96,2019-10-18,2.02
2,1.99,1590700,TGG,1571616000,1.89,2019-10-21,2
1.99,1.91,261940,TGG,1571702400,1.9,2019-10-22,1.99
1.91,1.93,174390,TGG,1571788800,1.89,2019-10-23,1.95
1.93,1.94,259360,TGG,1571875200,1.88,2019-10-24,1.94
1.94,1.99,681010,TGG,1571961600,1.88,2019-10-25,2.02
1.99,1.98,112750,TGG,1572220800,1.94,2019-10-28,2.01
1.95,1.95,252150,TGG,1572307200,1.91,2019-10-29,1.98
1.95,1.92,165980,TGG,1572393600,1.91,2019-10-30,1.96
1.92,1.93,152860,TGG,1572480000,1.89,2019-10-31,1.94
1.94,1.92,320430,TGG,1572566400,1.86,2019-11-01,1.94
1.87,1.92,225500,TGG,1572825600,1.85,2019-11-04,1.92
1.9,1.86,130620,TGG,1572912000,1.85,2019-11-05,1.92
1.89,1.89,186120,TGG,1572998400,1.86,2019-11-06,1.91
1.9,1.84,269460,TGG,1573084800,1.84,2019-11-07,1.9
1.85,1.85,111530,TGG,1573171200,1.84,2019-11-08,1.87
1.89,1.84,879290,TGG,1573430400,1.8,2019-11-11,1.89
1.82,1.84,186470,TGG,1573516800,1.76,2019-11-12,1.89
1.84,1.86,418960,TGG,1573603200,1.79,2019-11-13,1.86
1.86,1.84,255300,TGG,1573689600,1.81,2019-11-14,1.86
1.81,1.8,394950,TGG,1573776000,1.79,2019-11-15,1.84
1.82,1.82,240600,TGG,1574035200,1.78,2019-11-18,1.82
1.8,1.82,346340,TGG,1574121600,1.78,2019-11-19,1.83
1.82,1.82,121090,TGG,1574208000,1.78,2019-11-20,1.82
1.81,1.83,306590,TGG,1574294400,1.79,2019-11-21,1.83
1.83,1.8,120880,TGG,1574380800,1.8,2019-11-22,1.83
1.79,1.82,54580,TGG,1574640000,1.78,2019-11-25,1.82
1.82,1.82,127650,TGG,1574726400,1.79,2019-11-26,1.84
1.82,1.82,474530,TGG,1574812800,1.77,2019-11-27,1.83
1.82,1.81,48740,TGG,1574899200,1.79,2019-11-28,1.82
1.82,1.81,115810,TGG,1574985600,1.79,2019-11-29,1.82
1.81,1.79,107530,TGG,1575244800,1.78,2019-12-02,1.81
1.79,1.91,549890,TGG,1575331200,1.79,2019-12-03,1.91
1.95,1.85,495220,TGG,1575417600,1.85,2019-12-04,2.02
1.93,1.88,197080,TGG,1575504000,1.86,2019-12-05,1.93
1.85,1.88,494910,TGG,1575590400,1.85,2019-12-06,1.93
1.9,1.87,553360,TGG,1575849600,1.85,2019-12-09,1.93
1.9,2,1546180,TGG,1575936000,1.9,2019-12-10,2
2.03,2.14,1496740,TGG,1576022400,2.03,2019-12-11,2.14
2.24,2.14,792660,TGG,1576108800,2.14,2019-12-12,2.26
2.13,2.17,895320,TGG,1576195200,2,2019-12-13,2.21
2.17,2.03,1122100,TGG,1576454400,2.03,2019-12-16,2.17
2.02,2,942640,TGG,1576540800,1.92,2019-12-17,2.03
2,2.05,1029960,TGG,1576627200,2,2019-12-18,2.14
2.04,2.08,336920,TGG,1576713600,1.97,2019-12-19,2.08
2.05,1.99,525870,TGG,1576800000,1.95,2019-12-20,2.05
1.92,1.94,816200,TGG,1577059200,1.9,2019-12-23,1.98
1.9,1.93,327560,TGG,1577145600,1.9,2019-12-24,1.95
1.86,1.92,427020,TGG,1577232000,1.86,2019-12-25,1.94
1.92,1.85,526670,TGG,1577318400,1.84,2019-12-26,1.92
1.85,1.89,581270,TGG,1577404800,1.84,2019-12-27,1.94
1.9,1.81,142490,TGG,1577664000,1.8,2019-12-30,1.9
1.81,1.82,360860,TGG,1577750400,1.79,2019-12-31,1.87
1.85,1.83,228910,TGG,1577923200,1.79,2020-01-02,1.85
1.84,1.86,472330,TGG,1578009600,1.79,2020-01-03,1.9
1.86,1.79,466620,TGG,1578268800,1.79,2020-01-06,1.9
1.84,1.85,216460,TGG,1578355200,1.79,2020-01-07,1.87
1.85,1.74,414870,TGG,1578441600,1.74,2020-01-08,1.85
1.79,1.84,918920,TGG,1578528000,1.77,2020-01-09,1.86
1.82,1.79,77490,TGG,1578614400,1.78,2020-01-10,1.85
1.78,1.79,125550,TGG,1578873600,1.75,2020-01-13,1.81
1.73,1.76,323920,TGG,1578960000,1.72,2020-01-14,1.79
1.76,1.75,99270,TGG,1579046400,1.72,2020-01-15,1.79
1.76,1.74,505190,TGG,1579132800,1.69,2020-01-16,1.76
1.74,1.7,146120,TGG,1579219200,1.65,2020-01-17,1.74
1.69,1.7,543520,TGG,1579478400,1.59,2020-01-20,1.72
1.65,1.66,155130,TGG,1579564800,1.6,2020-01-21,1.7
1.64,1.69,143630,TGG,1579651200,1.61,2020-01-22,1.69
1.67,1.66,35360,TGG,1580342400,1.63,2020-01-30,1.69
1.56,1.55,262830,TGG,1580428800,1.55,2020-01-31,1.62
1.55,1.47,461250,TGG,1580688000,1.45,2020-02-03,1.55
1.47,1.42,135480,TGG,1580774400,1.41,2020-02-04,1.5
1.42,1.42,294190,TGG,1580860800,1.4,2020-02-05,1.45
1.43,1.45,243920,TGG,1580947200,1.42,2020-02-06,1.45
1.44,1.52,224770,TGG,1581033600,1.44,2020-02-07,1.54
1.52,1.49,164480,TGG,1581292800,1.48,2020-02-10,1.52
1.47,1.45,189280,TGG,1581465600,1.41,2020-02-12,1.47
1.46,1.44,271150,TGG,1581552000,1.41,2020-02-13,1.46
1.43,1.46,135850,TGG,1581638400,1.42,2020-02-14,1.46
1.46,1.47,106520,TGG,1581897600,1.44,2020-02-17,1.49
1.49,1.47,103450,TGG,1581984000,1.44,2020-02-18,1.49
1.47,1.48,153500,TGG,1582070400,1.45,2020-02-19,1.48
1.48,1.49,156580,TGG,1582156800,1.48,2020-02-20,1.55
1.5,1.54,255370,TGG,1582243200,1.49,2020-02-21,1.55
1.51,1.44,248540,TGG,1582502400,1.44,2020-02-24,1.53
1.38,1.45,111650,TGG,1582588800,1.38,2020-02-25,1.5
1.47,1.47,24250,TGG,1582675200,1.4,2020-02-26,1.47
1.48,1.46,38990,TGG,1582761600,1.41,2020-02-27,1.48
1.46,1.43,102290,TGG,1582848000,1.41,2020-02-28,1.46
1.46,1.45,47730,TGG,1583107200,1.4,2020-03-02,1.46
1.42,1.45,234070,TGG,1583193600,1.4,2020-03-03,1.48
1.46,1.55,562260,TGG,1583280000,1.44,2020-03-04,1.55
1.55,1.5,193350,TGG,1583366400,1.5,2020-03-05,1.6
1.5,1.56,156180,TGG,1583452800,1.46,2020-03-06,1.58
1.46,1.46,174700,TGG,1583712000,1.46,2020-03-09,1.48
1.36,1.47,406710,TGG,1583798400,1.36,2020-03-10,1.47
1.47,1.37,625430,TGG,1583884800,1.37,2020-03-11,1.5
1.31,1.28,290580,TGG,1583971200,1.28,2020-03-12,1.35
1.2,1.33,229850,TGG,1584057600,1.2,2020-03-13,1.35
1.36,1.35,148290,TGG,1584316800,1.3,2020-03-16,1.38
1.35,1.32,81620,TGG,1584403200,1.27,2020-03-17,1.35
1.34,1.34,204740,TGG,1584489600,1.32,2020-03-18,1.36
1.37,1.31,155300,TGG,1584576000,1.26,2020-03-19,1.37
1.31,1.27,280170,TGG,1584662400,1.22,2020-03-20,1.31
1.27,1.27,539200,TGG,1584921600,1.19,2020-03-23,1.28
1.19,1.2,73260,TGG,1585008000,1.11,2020-03-24,1.2
1.24,1.15,180020,TGG,1585094400,1.15,2020-03-25,1.24
1.17,1.07,95940,TGG,1585180800,1.07,2020-03-26,1.17
1.02,1,339180,TGG,1585267200,1,2020-03-27,1.02
0.93,0.93,49860,TGG,1585526400,0.93,2020-03-30,0.94
0.87,0.87,272700,TGG,1585612800,0.87,2020-03-31,0.89
0.81,0.89,727340,TGG,1585699200,0.81,2020-04-01,0.93
0.89,0.83,1174620,TGG,1585872000,0.83,2020-04-03,0.93
0.8,0.88,472620,TGG,1586131200,0.8,2020-04-06,0.88
0.89,0.92,164630,TGG,1586217600,0.86,2020-04-07,0.94
0.86,0.86,472250,TGG,1586304000,0.86,2020-04-08,0.88
0.84,0.8,2000550,TGG,1586390400,0.8,2020-04-09,0.85
0.77,0.81,226180,TGG,1586476800,0.77,2020-04-10,0.84
0.8,0.81,122490,TGG,1586736000,0.8,2020-04-13,0.83
0.8,0.77,2274810,TGG,1586822400,0.76,2020-04-14,0.81
0.77,0.77,259890,TGG,1586908800,0.74,2020-04-15,0.78
0.77,0.79,444340,TGG,1586995200,0.75,2020-04-16,0.81
0.79,0.8,453040,TGG,1587081600,0.78,2020-04-17,0.8
0.8,0.85,897400,TGG,1587340800,0.8,2020-04-20,0.85
0.9,0.85,1687000,TGG,1587427200,0.85,2020-04-21,0.9
0.86,0.9,664760,TGG,1587513600,0.83,2020-04-22,0.9
0.91,0.89,455470,TGG,1587600000,0.85,2020-04-23,0.92
0.89,0.89,388350,TGG,1587686400,0.84,2020-04-24,0.89
0.84,0.86,352120,TGG,1587945600,0.84,2020-04-27,0.89
0.86,0.87,672280,TGG,1588032000,0.84,2020-04-28,0.89
0.85,0.87,310190,TGG,1588118400,0.85,2020-04-29,0.88
0.85,0.85,444870,TGG,1588550400,0.84,2020-05-04,0.88
0.85,0.84,333380,TGG,1588636800,0.83,2020-05-05,0.86
0.83,0.85,193560,TGG,1588723200,0.82,2020-05-06,0.85
0.85,0.85,152080,TGG,1588809600,0.83,2020-05-07,0.85
0.83,0.84,242300,TGG,1588896000,0.83,2020-05-08,0.85
0.84,0.84,172390,TGG,1589155200,0.83,2020-05-11,0.84
0.84,0.84,238700,TGG,1589241600,0.81,2020-05-12,0.84
0.84,0.84,354900,TGG,1589328000,0.83,2020-05-13,0.84
0.84,0.89,647050,TGG,1589414400,0.83,2020-05-14,0.89
0.93,0.87,369580,TGG,1589500800,0.87,2020-05-15,0.93
0.86,0.88,231010,TGG,1589760000,0.86,2020-05-18,0.89
0.88,0.87,309010,TGG,1589846400,0.86,2020-05-19,0.88
0.87,0.87,150810,TGG,1589932800,0.85,2020-05-20,0.88
0.86,0.86,284220,TGG,1590019200,0.83,2020-05-21,0.86
0.85,0.86,67710,TGG,1590105600,0.84,2020-05-22,0.86
0.84,0.86,246580,TGG,1590364800,0.83,2020-05-25,0.86
0.86,0.87,474740,TGG,1590451200,0.84,2020-05-26,0.87
0.85,0.87,167670,TGG,1590537600,0.84,2020-05-27,0.87
0.87,0.88,244130,TGG,1590624000,0.85,2020-05-28,0.88
0.88,0.94,602860,TGG,1590710400,0.88,2020-05-29,0.94
1,1,140030,TGG,1590969600,1,2020-06-01,1
1.07,1.03,1777060,TGG,1591056000,0.93,2020-06-02,1.07
1,1.05,642040,TGG,1591142400,0.96,2020-06-03,1.05
1.09,1.06,381540,TGG,1591228800,1.03,2020-06-04,1.09
1.04,1,513570,TGG,1591315200,0.99,2020-06-05,1.04
1.01,1.07,1176850,TGG,1591574400,0.93,2020-06-08,1.07
1.07,1.14,780770,TGG,1591660800,1.07,2020-06-09,1.14
1.21,1.21,146720,TGG,1591747200,1.21,2020-06-10,1.21
1.29,1.2,2941550,TGG,1591833600,1.2,2020-06-11,1.29
1.12,1.28,1338450,TGG,1591920000,1.12,2020-06-12,1.28
1.36,1.36,530120,TGG,1592179200,1.36,2020-06-15,1.36
1.45,1.45,540310,TGG,1592265600,1.45,2020-06-16,1.45
1.55,1.49,2913040,TGG,1592352000,1.35,2020-06-17,1.55
1.48,1.39,973530,TGG,1592438400,1.39,2020-06-18,1.48
1.3,1.38,1609930,TGG,1592524800,1.3,2020-06-19,1.47
1.4,1.35,714760,TGG,1592784000,1.3,2020-06-22,1.4
1.3,1.29,453200,TGG,1592870400,1.27,2020-06-23,1.35
1.23,1.21,882620,TGG,1592956800,1.21,2020-06-24,1.29
1.15,1.29,412070,TGG,1593043200,1.14,2020-06-25,1.29
1.3,1.25,289510,TGG,1593129600,1.25,2020-06-26,1.34
1.21,1.17,934010,TGG,1593388800,1.17,2020-06-29,1.23
1.19,1.14,311490,TGG,1593475200,1.14,2020-06-30,1.2
1.14,1.2,226880,TGG,1593561600,1.1,2020-07-01,1.21
1.2,1.23,175940,TGG,1593648000,1.2,2020-07-02,1.25
1.2,1.17,79210,TGG,1593734400,1.17,2020-07-03,1.23
1.2,1.17,131720,TGG,1593993600,1.15,2020-07-06,1.23
1.2,1.2,114480,TGG,1594080000,1.16,2020-07-07,1.21
1.2,1.18,492060,TGG,1594166400,1.12,2020-07-08,1.2
1.18,1.2,357010,TGG,1594252800,1.14,2020-07-09,1.22
1.17,1.21,193060,TGG,1594339200,1.16,2020-07-10,1.22
1.21,1.21,221110,TGG,1594598400,1.16,2020-07-13,1.22
1.19,1.19,164880,TGG,1594684800,1.15,2020-07-14,1.19
1.19,1.16,123870,TGG,1594771200,1.16,2020-07-15,1.19
1.14,1.15,184580,TGG,1594857600,1.14,2020-07-16,1.18
1.14,1.14,174720,TGG,1594944000,1.11,2020-07-17,1.15
1.14,1.13,125670,TGG,1595203200,1.1,2020-07-20,1.15
1.11,1.09,262380,TGG,1595289600,1.06,2020-07-21,1.12
1.05,1.05,161260,TGG,1595376000,1.05,2020-07-22,1.09
1.01,1.1,168800,TGG,1595462400,1.01,2020-07-23,1.12
1.03,1.03,342430,TGG,1595548800,1.03,2020-07-24,1.07
1.03,1.03,176800,TGG,1595808000,0.96,2020-07-27,1.03
0.9,0.97,584210,TGG,1595894400,0.9,2020-07-28,0.98
1,0.91,567200,TGG,1595980800,0.91,2020-07-29,1
0.91,0.91,89070,TGG,1596067200,0.89,2020-07-30,0.91
0.9,0.9,141060,TGG,1596153600,0.87,2020-07-31,0.91
0.86,0.96,315460,TGG,1596412800,0.86,2020-08-03,0.96
0.96,1.01,401120,TGG,1596499200,0.96,2020-08-04,1.02
1.01,0.98,137770,TGG,1596585600,0.95,2020-08-05,1.01
0.95,0.97,168830,TGG,1596672000,0.94,2020-08-06,0.99
0.97,0.96,105960,TGG,1596758400,0.95,2020-08-07,0.99
0.96,0.97,175930,TGG,1597017600,0.96,2020-08-10,1.01
0.97,0.97,127350,TGG,1597104000,0.94,2020-08-11,1
0.97,0.97,103660,TGG,1597190400,0.95,2020-08-12,0.98
0.96,1,233500,TGG,1597276800,0.95,2020-08-13,1
1,0.99,381180,TGG,1597363200,0.98,2020-08-14,1.03
1,0.99,51300,TGG,1597622400,0.97,2020-08-17,1
0.98,0.97,163950,TGG,1597708800,0.96,2020-08-18,0.99
0.96,0.98,101240,TGG,1597795200,0.96,2020-08-19,0.98
0.97,0.98,162610,TGG,1597881600,0.96,2020-08-20,0.99
0.97,0.98,161070,TGG,1597968000,0.97,2020-08-21,0.99
0.99,1.04,855820,TGG,1598227200,0.97,2020-08-24,1.04
1.1,1.06,294710,TGG,1598313600,1.04,2020-08-25,1.1
1.04,1.04,209520,TGG,1598400000,1.02,2020-08-26,1.06
1.01,1.09,651750,TGG,1598486400,1.01,2020-08-27,1.11
1.12,1.1,351700,TGG,1598572800,1.08,2020-08-28,1.13
1.09,1.1,182040,TGG,1598832000,1.07,2020-08-31,1.12
1.06,1.1,215750,TGG,1598918400,1.06,2020-09-01,1.1
1.08,1.04,333880,TGG,1599091200,1.04,2020-09-03,1.1
1.02,1.02,389270,TGG,1599177600,1,2020-09-04,1.06
1.05,1.02,286240,TGG,1599436800,1,2020-09-07,1.05
0.98,1.01,288040,TGG,1599523200,0.98,2020-09-08,1.03
1.01,1.08,428780,TGG,1599609600,1,2020-09-09,1.08
1.15,1.15,281230,TGG,1599696000,1.15,2020-09-10,1.15
1.23,1.23,3428570,TGG,1599782400,1.18,2020-09-11,1.23
1.31,1.31,707310,TGG,1600041600,1.25,2020-09-14,1.31
1.4,1.3,1035200,TGG,1600128000,1.25,2020-09-15,1.4
1.28,1.21,1881840,TGG,1600214400,1.21,2020-09-16,1.28
1.17,1.2,515800,TGG,1600300800,1.17,2020-09-17,1.22
1.19,1.19,372100,TGG,1600387200,1.17,2020-09-18,1.2
1.17,1.22,630830,TGG,1600646400,1.17,2020-09-21,1.24
1.22,1.15,525330,TGG,1600732800,1.15,2020-09-22,1.22
1.15,1.16,414740,TGG,1600819200,1.14,2020-09-23,1.18
1.17,1.15,265250,TGG,1600905600,1.13,2020-09-24,1.18
1.16,1.2,532970,TGG,1600992000,1.15,2020-09-25,1.23
1.2,1.19,280790,TGG,1601251200,1.16,2020-09-28,1.22
1.17,1.15,329930,TGG,1601337600,1.15,2020-09-29,1.19
1.15,1.15,380830,TGG,1601424000,1.12,2020-09-30,1.18
1.12,1.13,230520,TGG,1601510400,1.12,2020-10-01,1.17
1.13,1.1,315680,TGG,1601596800,1.08,2020-10-02,1.15
1.08,1.15,341900,TGG,1601856000,1.08,2020-10-05,1.16
1.16,1.15,333340,TGG,1601942400,1.11,2020-10-06,1.17
1.13,1.23,1295280,TGG,1602028800,1.12,2020-10-07,1.23
1.23,1.17,326050,TGG,1602115200,1.16,2020-10-08,1.23
1.17,1.18,280240,TGG,1602201600,1.15,2020-10-09,1.19
1.15,1.16,217310,TGG,1602460800,1.14,2020-10-12,1.18
1.16,1.16,210300,TGG,1602547200,1.13,2020-10-13,1.17
1.15,1.13,180310,TGG,1602633600,1.13,2020-10-14,1.17
1.17,1.13,175110,TGG,1602720000,1.12,2020-10-15,1.17
1.13,1.14,240540,TGG,1602806400,1.12,2020-10-16,1.14
1.13,1.1,362300,TGG,1603065600,1.07,2020-10-19,1.15
1.1,1.1,133350,TGG,1603152000,1.08,2020-10-20,1.12
1.11,1.1,148240,TGG,1603238400,1.1,2020-10-21,1.12
1.1,1.11,62890,TGG,1603324800,1.08,2020-10-22,1.11
1.1,1.1,231640,TGG,1603411200,1.1,2020-10-23,1.13
1.1,1.05,398950,TGG,1603670400,1.04,2020-10-26,1.12
1.04,1.03,292430,TGG,1603756800,1.03,2020-10-27,1.09
1.03,1.01,286900,TGG,1603843200,1.01,2020-10-28,1.05
1.02,1.01,304730,TGG,1603929600,0.99,2020-10-29,1.03
1.01,1.02,169250,TGG,1604016000,1,2020-10-30,1.02
1,1.03,293590,TGG,1604275200,1,2020-11-02,1.03
1.03,1.03,147670,TGG,1604361600,1,2020-11-03,1.05
1.03,1.05,38880,TGG,1604448000,1.03,2020-11-04,1.05
1.05,1.02,79370,TGG,1604534400,1.02,2020-11-05,1.05
1.02,1.01,440640,TGG,1604620800,1,2020-11-06,1.02
1.01,1.01,362160,TGG,1604880000,1,2020-11-09,1.03
1.03,1.02,130820,TGG,1604966400,1.02,2020-11-10,1.04
1.02,1.02,150990,TGG,1605052800,1.01,2020-11-11,1.03
1.03,1.02,35890,TGG,1605139200,1,2020-11-12,1.03
1.03,1.02,144290,TGG,1605225600,1,2020-11-13,1.03
1.02,1.03,304320,TGG,1605484800,1.01,2020-11-16,1.06
1.03,1.06,321340,TGG,1605571200,1.03,2020-11-17,1.09
1.08,1.06,209250,TGG,1605657600,1.05,2020-11-18,1.08
1.07,1.03,259620,TGG,1605744000,1.01,2020-11-19,1.07
1.04,1.03,155140,TGG,1605830400,1.01,2020-11-20,1.04
1.04,1.01,712420,TGG,1606089600,1.01,2020-11-23,1.04
1.03,1.02,344900,TGG,1606176000,1,2020-11-24,1.03
1.02,1.02,47860,TGG,1606262400,1.01,2020-11-25,1.03
1.03,1.02,121320,TGG,1606348800,1,2020-11-26,1.03
1.01,1.02,188190,TGG,1606435200,1,2020-11-27,1.02
1.03,1.02,186240,TGG,1606694400,1.01,2020-11-30,1.04
1.02,1.02,86900,TGG,1606780800,1,2020-12-01,1.02
1.01,1.01,187620,TGG,1606867200,1,2020-12-02,1.02
1.01,1.04,395880,TGG,1606953600,1,2020-12-03,1.06
1.04,1.04,337430,TGG,1607040000,1.03,2020-12-04,1.06
1.05,1.04,256570,TGG,1607299200,1.03,2020-12-07,1.05
1.03,1.02,253360,TGG,1607385600,1.02,2020-12-08,1.04
1.01,1.04,527150,TGG,1607472000,1.01,2020-12-09,1.04
1.04,1.03,176560,TGG,1607558400,1.02,2020-12-10,1.05
1.02,1.03,71970,TGG,1607644800,1.02,2020-12-11,1.03
1.02,1.04,128240,TGG,1607904000,1.01,2020-12-14,1.04
1.02,1.04,164160,TGG,1607990400,1.02,2020-12-15,1.05
1.03,1.03,117840,TGG,1608076800,1.02,2020-12-16,1.04
1.03,1.1,710400,TGG,1608163200,1.03,2020-12-17,1.1
1.16,1.09,746500,TGG,1608249600,1.09,2020-12-18,1.16
1.09,1.11,338470,TGG,1608508800,1.08,2020-12-21,1.14
1.13,1.18,1192780,TGG,1608595200,1.1,2020-12-22,1.18
1.23,1.22,843510,TGG,1608681600,1.18,2020-12-23,1.26
1.2,1.14,405430,TGG,1608768000,1.14,2020-12-24,1.21
1.17,1.1,544300,TGG,1608854400,1.07,2020-12-25,1.17
1.1,1.13,635270,TGG,1609113600,1.1,2020-12-28,1.16
1.13,1.16,628830,TGG,1609200000,1.13,2020-12-29,1.17
1.17,1.19,820570,TGG,1609286400,1.16,2020-12-30,1.2
1.2,1.17,231080,TGG,1609372800,1.17,2020-12-31,1.2
1.17,1.22,656300,TGG,1609718400,1.12,2021-01-04,1.22
1.19,1.21,481300,TGG,1609804800,1.19,2021-01-05,1.23
1.21,1.19,830500,TGG,1609891200,1.19,2021-01-06,1.23
1.19,1.24,1225800,TGG,1609977600,1.18,2021-01-07,1.25
1.27,1.24,583400,TGG,1610064000,1.23,2021-01-08,1.27
1.2,1.25,1419600,TGG,1610323200,1.17,2021-01-11,1.26
1.25,1.33,759300,TGG,1610409600,1.25,2021-01-12,1.33
1.42,1.42,427100,TGG,1610496000,1.42,2021-01-13,1.42
1.51,1.51,2220800,TGG,1610582400,1.43,2021-01-14,1.51
1.61,1.61,815700,TGG,1610668800,1.61,2021-01-15,1.61
1.72,1.72,128900,TGG,1610928000,1.72,2021-01-18,1.72
1.84,1.71,3702600,TGG,1611014400,1.6,2021-01-19,1.84
1.82,1.64,3188700,TGG,1611100800,1.6,2021-01-20,1.82
1.55,1.75,6076600,TGG,1611187200,1.53,2021-01-21,1.75
1.87,1.87,409800,TGG,1611273600,1.87,2021-01-22,1.87
2,2,371200,TGG,1611532800,2,2021-01-25,2
2.14,2.14,7088000,TGG,1611619200,1.87,2021-01-26,2.14
2.25,2.28,2298000,TGG,1611705600,2.1,2021-01-27,2.28
2.28,2.13,2712600,TGG,1611792000,2.13,2021-01-28,2.38
1.99,2.1,2689200,TGG,1611878400,1.99,2021-01-29,2.23
1.97,1.96,1517800,TGG,1612137600,1.96,2021-02-01,2.09
1.83,1.83,2635800,TGG,1612224000,1.83,2021-02-02,1.9
1.8,1.8,1499300,TGG,1612310400,1.77,2021-02-03,1.89
1.8,1.92,645000,TGG,1612396800,1.8,2021-02-04,1.92
1.84,2.04,718300,TGG,1612483200,1.84,2021-02-05,2.04
2.04,1.91,590700,TGG,1612742400,1.9,2021-02-08,2.04
1.9,1.92,329800,TGG,1612828800,1.79,2021-02-09,1.98
2,1.99,711600,TGG,1613520000,1.96,2021-02-17,2.04
2.04,1.98,679000,TGG,1613606400,1.98,2021-02-18,2.04
1.98,1.99,341400,TGG,1613692800,1.97,2021-02-19,2
1.95,1.98,293700,TGG,1613952000,1.92,2021-02-22,1.99
1.97,1.9,484900,TGG,1614038400,1.89,2021-02-23,1.97
1.9,1.86,329600,TGG,1614124800,1.85,2021-02-24,1.9
1.86,1.87,386800,TGG,1614211200,1.85,2021-02-25,1.88
1.87,1.85,401300,TGG,1614297600,1.84,2021-02-26,1.89
1.88,1.86,329000,TGG,1614556800,1.83,2021-03-01,1.88
1.86,1.84,239700,TGG,1614643200,1.83,2021-03-02,1.9
1.84,1.84,805300,TGG,1614729600,1.8,2021-03-03,1.85
1.85,1.96,666500,TGG,1614816000,1.85,2021-03-04,1.96
2.09,2.04,775700,TGG,1614902400,2,2021-03-05,2.09
2.06,2.01,678100,TGG,1615161600,1.97,2021-03-08,2.07
1.96,2.01,756800,TGG,1615248000,1.95,2021-03-09,2.01
2,1.98,633000,TGG,1615334400,1.87,2021-03-10,2
1.96,1.96,517300,TGG,1615420800,1.9,2021-03-11,1.96
1.97,1.95,351600,TGG,1615507200,1.93,2021-03-12,1.97
1.95,2.08,1853100,TGG,1615766400,1.91,2021-03-15,2.08
2.22,2.22,746900,TGG,1615852800,2.22,2021-03-16,2.22
2.37,2.37,633700,TGG,1615939200,2.37,2021-03-17,2.37
2.53,2.53,4791000,TGG,1616025600,2.35,2021-03-18,2.53
2.6,2.7,2562400,TGG,1616112000,2.42,2021-03-19,2.7
2.7,2.63,2480400,TGG,1616371200,2.52,2021-03-22,2.8
2.52,2.45,3153200,TGG,1616457600,2.45,2021-03-23,2.55
2.4,2.59,1818800,TGG,1616544000,2.35,2021-03-24,2.62
2.64,2.64,949900,TGG,1616630400,2.6,2021-03-25,2.74
2.62,2.5,1074900,TGG,1616716800,2.46,2021-03-26,2.64
2.52,2.5,1444800,TGG,1616976000,2.33,2021-03-29,2.65
2.55,2.55,1175100,TGG,1617062400,2.46,2021-03-30,2.59
2.57,2.48,1096200,TGG,1617148800,2.4,2021-03-31,2.57
2.42,2.57,888500,TGG,1617235200,2.42,2021-04-01,2.6
2.58,2.51,766700,TGG,1617321600,2.5,2021-04-02,2.59
2.52,2.68,2491100,TGG,1617580800,2.51,2021-04-05,2.68
2.86,2.86,905300,TGG,1617667200,2.86,2021-04-06,2.86
3.06,3.06,1118800,TGG,1617753600,3.06,2021-04-07,3.06
3.27,3.18,3284100,TGG,1617840000,2.9,2021-04-08,3.27
3.18,3.4,2669900,TGG,1617926400,3.06,2021-04-09,3.4
3.63,3.63,880800,TGG,1618185600,3.63,2021-04-12,3.63
3.88,3.88,3359200,TGG,1618272000,3.63,2021-04-13,3.88
3.88,4.15,2090800,TGG,1618358400,3.88,2021-04-14,4.15
4.44,4.44,2361000,TGG,1618444800,4.42,2021-04-15,4.44
4.44,4.63,3558700,TGG,1618531200,4.43,2021-04-16,4.75
4.31,4.95,9657900,TGG,1618790400,4.31,2021-04-19,4.95
4.95,4.61,1151800,TGG,1618876800,4.61,2021-04-20,4.95
4.29,4.29,1086600,TGG,1619049600,4.29,2021-04-22,4.59
3.99,4.4,3133200,TGG,1619136000,3.99,2021-04-23,4.59
4.1,4.1,696000,TGG,1619395200,4.1,2021-04-26,4.32
3.9,3.88,497700,TGG,1619481600,3.84,2021-04-27,4.1
3.86,4,1161000,TGG,1619568000,3.86,2021-04-28,4.15
3.85,3.75,1598900,TGG,1619654400,3.75,2021-04-29,4.28
3.5,3.79,1241900,TGG,1620086400,3.5,2021-05-04,4.01
4.05,4.05,712500,TGG,1620172800,4,2021-05-05,4.05
4.33,4.33,673200,TGG,1620259200,4.3,2021-05-06,4.33
4.61,4.35,2586000,TGG,1620345600,4.35,2021-05-07,4.63
4.61,4.65,1200700,TGG,1620604800,4.35,2021-05-10,4.65
4.97,4.65,1066700,TGG,1620691200,4.65,2021-05-11,4.97
4.5,4.97,1169900,TGG,1620777600,4.5,2021-05-12,4.97
5.3,5.31,1310600,TGG,1620864000,5.2,2021-05-13,5.31
5.68,5.68,1988700,TGG,1620950400,5.66,2021-05-14,5.68
6.06,5.66,1576800,TGG,1621209600,5.45,2021-05-17,6.06
5.35,5.27,866200,TGG,1621296000,5.27,2021-05-18,5.5
4.91,4.91,1364500,TGG,1621382400,4.91,2021-05-19,5.2
4.58,5.2,1591700,TGG,1621468800,4.57,2021-05-20,5.24
5.35,5.2,414800,TGG,1621555200,5.05,2021-05-21,5.45
5.12,4.89,520800,TGG,1621814400,4.84,2021-05-24,5.15
4.75,4.75,512500,TGG,1621900800,4.6,2021-05-25,4.89
4.55,4.67,447400,TGG,1621987200,4.55,2021-05-26,4.75
4.75,4.65,624400,TGG,1622073600,4.6,2021-05-27,4.75
4.7,4.97,674000,TGG,1622160000,4.7,2021-05-28,4.97
5.31,5.31,386000,TGG,1622419200,5.31,2021-05-31,5.31
5.63,5.15,973700,TGG,1622505600,5,2021-06-01,5.63
4.79,5.4,2212500,TGG,1622592000,4.79,2021-06-02,5.4
5.4,5.29,707000,TGG,1622678400,5.1,2021-06-03,5.44
5.1,5,729800,TGG,1622764800,4.92,2021-06-04,5.11
4.65,4.98,358700,TGG,1623024000,4.65,2021-06-07,4.99
4.97,4.77,529400,TGG,1623110400,4.7,2021-06-08,5.09
4.77,5.1,546400,TGG,1623196800,4.77,2021-06-09,5.1
5.45,5.37,1078300,TGG,1623283200,5.15,2021-06-10,5.45
5.24,5.39,392000,TGG,1623369600,5.2,2021-06-11,5.4
5.21,5.4,924200,TGG,1623628800,5.08,2021-06-14,5.4
5.3,5.2,104900,TGG,1623715200,5.18,2021-06-15,5.3
5.2,5.28,163200,TGG,1623801600,5.2,2021-06-16,5.4
5.3,5.3,412700,TGG,1623888000,5.25,2021-06-17,5.39
5.3,5.65,786800,TGG,1623974400,5.27,2021-06-18,5.67
5.65,6.04,1444700,TGG,1624233600,5.65,2021-06-21,6.04
6.46,6.46,417400,TGG,1624320000,6.46,2021-06-22,6.46
6.91,6.91,504600,TGG,1624406400,6.91,2021-06-23,6.91
7.39,7.39,315100,TGG,1624492800,7.39,2021-06-24,7.39
7.9,7.9,224400,TGG,1624579200,7.9,2021-06-25,7.9
8.45,8.45,2806800,TGG,1624838400,7.92,2021-06-28,8.45
9.04,9.04,51400,TGG,1624924800,9.04,2021-06-29,9.04
9.67,9.67,1139300,TGG,1625011200,9.2,2021-06-30,9.67
9.67,10.3,1130300,TGG,1625097600,9.67,2021-07-01,10.3
11,11,394600,TGG,1625184000,11,2021-07-02,11
11.75,11.75,2572600,TGG,1625443200,11,2021-07-05,11.75
12.55,10.95,1073200,TGG,1625529600,10.95,2021-07-06,12.55
10.55,11.7,893400,TGG,1625616000,10.55,2021-07-07,11.7
12.5,12.5,677400,TGG,1625702400,12.2,2021-07-08,12.5
12.5,12.55,871900,TGG,1625788800,11.65,2021-07-09,13.35
11.8,11.7,951900,TGG,1626048000,11.7,2021-07-12,12
10.9,12.3,1394100,TGG,1626134400,10.9,2021-07-13,12.3
12.8,13,1284900,TGG,1626220800,12.3,2021-07-14,13
12.7,13.2,452200,TGG,1626307200,12.7,2021-07-15,13.4
13.3,12.4,383500,TGG,1626393600,12.3,2021-07-16,13.4
11.55,11.55,511900,TGG,1626652800,11.55,2021-07-19,12.2
11,12.35,459200,TGG,1626739200,10.75,2021-07-20,12.35
13.2,12.8,258400,TGG,1626825600,12.6,2021-07-21,13.2
12.5,12.9,191800,TGG,1626912000,12.45,2021-07-22,13
12.9,12.3,181700,TGG,1626998400,12.3,2021-07-23,12.9
11.6,12.4,185100,TGG,1627257600,11.5,2021-07-26,12.4
11.95,12.15,173800,TGG,1627344000,11.95,2021-07-27,12.5
12.15,11.8,99000,TGG,1627430400,11.7,2021-07-28,12.15
11.7,11.75,872900,TGG,1627516800,11.6,2021-07-29,12.2
11.75,11.9,151400,TGG,1627603200,11.4,2021-07-30,11.9
11.9,11.9,247600,TGG,1627862400,11.6,2021-08-02,12.1
11.9,12,490000,TGG,1627948800,11.85,2021-08-03,12.4
11.6,11.6,125600,TGG,1628035200,11.6,2021-08-04,12
11.6,11.7,172000,TGG,1628121600,11.6,2021-08-05,11.9
11.8,11.6,261800,TGG,1628208000,11.6,2021-08-06,11.8
11.85,12.4,886000,TGG,1628467200,11.6,2021-08-09,12.4
13.25,13.25,1701600,TGG,1628553600,13.25,2021-08-10,13.25
14.15,14.15,223500,TGG,1628640000,14.15,2021-08-11,14.15
15.1,15.1,298100,TGG,1628726400,15.1,2021-08-12,15.1
16.15,16.15,1728300,TGG,1628812800,15.1,2021-08-13,16.15
17.25,17.25,106400,TGG,1629072000,17.25,2021-08-16,17.25
18.45,18.45,465200,TGG,1629158400,18.25,2021-08-17,18.45
19.7,19.7,1101300,TGG,1629244800,19.6,2021-08-18,19.7
20.8,21.05,1487500,TGG,1629331200,18.35,2021-08-19,21.05
22.4,22.5,1079500,TGG,1629417600,21.5,2021-08-20,22.5
21.15,24.05,574600,TGG,1629676800,21.15,2021-08-23,24.05
25,23.4,516600,TGG,1629763200,22.5,2021-08-24,25.4
23,25,1428600,TGG,1629849600,21.8,2021-08-25,25
25.2,26.5,773200,TGG,1629936000,25.2,2021-08-26,26.6
27.3,27,458400,TGG,1630022400,26.5,2021-08-27,27.5
28.5,28.85,547000,TGG,1630281600,27,2021-08-30,28.85
30.85,30.85,123500,TGG,1630368000,30.85,2021-08-31,30.85
33,33,612600,TGG,1630454400,32.9,2021-09-01,33
35.3,35.3,108200,TGG,1630886400,35.3,2021-09-06,35.3
37.75,37.75,680500,TGG,1630972800,35.3,2021-09-07,37.75
38,40.35,441600,TGG,1631059200,38,2021-09-08,40.35
43.15,43.15,31300,TGG,1631145600,43.15,2021-09-09,43.15
46.15,46.15,637900,TGG,1631232000,46.15,2021-09-10,46.15
49.35,49.35,629000,TGG,1631491200,49.35,2021-09-13,49.35
52.8,52.8,37300,TGG,1631577600,52.8,2021-09-14,52.8
56.4,56.4,80600,TGG,1631664000,56.4,2021-09-15,56.4
60.3,60.3,1335900,TGG,1631750400,56.5,2021-09-16,60.3
56.1,64.5,1622500,TGG,1631836800,56.1,2021-09-17,64.5
69,69,368500,TGG,1632096000,69,2021-09-20,69
73.8,73.8,706400,TGG,1632182400,71,2021-09-21,73.8
76,74.8,484400,TGG,1632268800,70,2021-09-22,77.4
73,69.6,647100,TGG,1632355200,69.6,2021-09-23,75
64.8,64.8,89800,TGG,1632441600,64.8,2021-09-24,64.8
60.3,60.3,9800,TGG,1632700800,60.3,2021-09-27,60.3
56.1,56.1,3000,TGG,1632787200,56.1,2021-09-28,56.1
52.2,52.2,52800,TGG,1632873600,52.2,2021-09-29,52.2
48.55,50.8,1978000,TGG,1632960000,48.55,2021-09-30,54.8
50.8,47.25,483000,TGG,1633046400,47.25,2021-10-01,51
43.95,43.95,1439100,TGG,1633305600,43.95,2021-10-04,47.9
40.9,40.9,31000,TGG,1633392000,40.9,2021-10-05,40.9
38.05,38.05,57700,TGG,1633478400,38.05,2021-10-06,38.05
35.4,35.4,36300,TGG,1633564800,35.4,2021-10-07,35.4
32.95,32.95,11600,TGG,1633651200,32.95,2021-10-08,32.95
30.65,30.65,16300,TGG,1633910400,30.65,2021-10-11,30.65
28.55,28.55,2067800,TGG,1633996800,28.55,2021-10-12,30.6
27.75,30.5,323200,TGG,1634083200,27.5,2021-10-13,30.5
32.6,32.6,219500,TGG,1634169600,32.6,2021-10-14,32.6
34.85,30.35,1413500,TGG,1634256000,30.35,2021-10-15,34.85
28.5,28.25,616000,TGG,1634515200,28.25,2021-10-18,30
28.1,28.9,243200,TGG,1634601600,28.1,2021-10-19,29.5
28.9,26.9,629400,TGG,1634688000,26.9,2021-10-20,28.9
27.9,27,555800,TGG,1634774400,25.05,2021-10-21,27.9
27.8,27.15,167500,TGG,1634860800,26.5,2021-10-22,28.1
27.15,26.4,270300,TGG,1635120000,26,2021-10-25,27.15
26.4,25.75,288000,TGG,1635206400,25.6,2021-10-26,26.4
25.85,25.5,367600,TGG,1635292800,25.45,2021-10-27,26.5
25.5,24.15,452400,TGG,1635379200,24.15,2021-10-28,25.5
24,23.1,438300,TGG,1635465600,23.1,2021-10-29,24.95
22,22.65,490500,TGG,1635724800,22,2021-11-01,23.5
22.65,24.2,311500,TGG,1635811200,22.4,2021-11-02,24.2
25.85,25.85,683500,TGG,1635897600,24.2,2021-11-03,25.85
25.8,25.8,426700,TGG,1635984000,24.2,2021-11-04,26.2
25.6,26,236900,TGG,1636070400,24.9,2021-11-05,26.5
25,25.1,484800,TGG,1636329600,25,2021-11-08,26.1
25.15,24.2,370500,TGG,1636416000,24.2,2021-11-09,25.15
24.05,24.3,162500,TGG,1636502400,23.6,2021-11-10,25.5
24.3,23.6,322700,TGG,1636588800,23.5,2021-11-11,24.3
23.15,24.25,409800,TGG,1636675200,22.8,2021-11-12,24.5
24.3,24.4,284400,TGG,1636934400,24.3,2021-11-15,25.2
24.35,24.2,194300,TGG,1637020800,24,2021-11-16,24.5
24,25.85,379200,TGG,1637107200,23.8,2021-11-17,25.85
27.65,27.65,206700,TGG,1637193600,27.65,2021-11-18,27.65
29.55,29.55,1252100,TGG,1637280000,27,2021-11-19,29.55
31.6,31.6,154700,TGG,1637539200,31.6,2021-11-22,31.6
33.8,33.8,1320100,TGG,1637625600,31.3,2021-11-23,33.8
35.9,31.45,737500,TGG,1637712000,31.45,2021-11-24,35.9
29.45,32.5,1271800,TGG,1637798400,29.45,2021-11-25,33.2
32.45,30.25,904200,TGG,1637884800,30.25,2021-11-26,32.45
28.15,28.15,133900,TGG,1638144000,28.15,2021-11-29,28.15
26.3,28.95,1395300,TGG,1638230400,26.3,2021-11-30,30.1
28.95,28.2,394700,TGG,1638316800,27.05,2021-12-01,28.95
28.2,28.4,217600,TGG,1638403200,28.2,2021-12-02,29.3
27.35,28.5,348000,TGG,1638489600,27.3,2021-12-03,29.5
28.05,28.5,261200,TGG,1638748800,27,2021-12-06,29.2
28.9,28.1,99500,TGG,1638835200,27,2021-12-07,28.9
27.2,28.7,471400,TGG,1638921600,27,2021-12-08,28.9
28.6,28.8,164200,TGG,1639008000,27.75,2021-12-09,29
28,28.3,159800,TGG,1639094400,27.8,2021-12-10,28.5
28.3,27.3,120700,TGG,1639353600,27.1,2021-12-13,28.3
27.5,25.5,684600,TGG,1639440000,25.4,2021-12-14,27.5
25.5,23.75,1292600,TGG,1639526400,23.75,2021-12-15,25.5
23.75,22.1,1863300,TGG,1639612800,22.1,2021-12-16,25.4
22.3,23.6,265500,TGG,1639699200,22.3,2021-12-17,23.6
24.45,23.5,2327300,TGG,1639958400,21.95,2021-12-20,24.45
22.1,23.1,1815400,TGG,1640044800,21.9,2021-12-21,23.1
22.6,22.8,4044800,TGG,1640131200,21.5,2021-12-22,23
22.6,21.25,2024600,TGG,1640217600,21.25,2021-12-23,22.6
20.5,20.4,510800,TGG,1640304000,20.4,2021-12-24,20.95
20.15,19,1296600,TGG,1640563200,19,2021-12-27,20.15
18.05,17.7,1609200,TGG,1640649600,17.7,2021-12-28,18.9
16.75,18.9,631400,TGG,1640736000,16.65,2021-12-29,18.9
20.2,19.2,832100,TGG,1640822400,19.15,2021-12-30,20.2
18.3,18.5,520700,TGG,1640908800,18.3,2021-12-31,19.15
18.5,18,562100,TGG,1641254400,17.75,2022-01-04,19
18,18.05,635400,TGG,1641340800,17.5,2022-01-05,18.7
18.1,17.8,531600,TGG,1641427200,17.6,2022-01-06,18.1
17.6,17.75,502400,TGG,1641513600,17.6,2022-01-07,18.3
17.45,16.7,831400,TGG,1641772800,16.7,2022-01-10,18
16.9,16,553700,TGG,1641859200,16,2022-01-11,17.3
15.6,14.9,1144300,TGG,1641945600,14.9,2022-01-12,15.7
14.4,13.9,553400,TGG,1642032000,13.9,2022-01-13,14.9
12.95,13,908300,TGG,1642118400,12.95,2022-01-14,14.1
13,12.1,749500,TGG,1642377600,12.1,2022-01-17,13.45
11.7,11.3,220800,TGG,1642464000,11.3,2022-01-18,11.7
10.55,10.55,292600,TGG,1642550400,10.55,2022-01-19,10.95
9.84,11.25,1313600,TGG,1642636800,9.84,2022-01-20,11.25
12,12,141100,TGG,1642723200,12,2022-01-21,12
12.8,12.8,356500,TGG,1642982400,12.8,2022-01-24,12.8
13.65,13.65,326500,TGG,1643068800,13.65,2022-01-25,13.65
14.6,14.6,173700,TGG,1643155200,14.6,2022-01-26,14.6
15.6,15.6,2121000,TGG,1643241600,14,2022-01-27,15.6
15.8,16.65,645000,TGG,1643328000,15.8,2022-01-28,16.65
17.5,17.8,1076700,TGG,1644192000,17,2022-02-07,17.8
18.55,16.6,1001700,TGG,1644278400,16.6,2022-02-08,18.6
15.45,15.45,291700,TGG,1644364800,15.45,2022-02-09,15.45
14.4,16.5,1612600,TGG,1644451200,14.4,2022-02-10,16.5
16.6,16.4,486700,TGG,1644537600,15.9,2022-02-11,17.55
15.5,15.3,493400,TGG,1644796800,15.3,2022-02-14,16.2
14.9,14.8,582100,TGG,1644883200,14.3,2022-02-15,15.3
15.2,15.45,472800,TGG,1644969600,14,2022-02-16,15.5
15.35,14.95,421200,TGG,1645056000,14.9,2022-02-17,15.4
14.75,15.95,676100,TGG,1645142400,14.5,2022-02-18,15.95
17.05,17.05,813000,TGG,1645401600,16.5,2022-02-21,17.05
18.2,18.2,2709000,TGG,1645488000,17.1,2022-02-22,18.2
18.5,18,1111700,TGG,1645574400,17.5,2022-02-23,19
17.5,17.7,1177700,TGG,1645660800,16.75,2022-02-24,18.3
18,18.9,1025000,TGG,1645747200,17.75,2022-02-25,18.9
20.2,20.2,476300,TGG,1646006400,20.2,2022-02-28,20.2
21.6,20.1,2552900,TGG,1646092800,19.1,2022-03-01,21.6
20.1,20.4,1095100,TGG,1646179200,19.5,2022-03-02,21.45
20.7,21.8,973700,TGG,1646265600,20.5,2022-03-03,21.8
22.8,23.3,2037500,TGG,1646352000,22,2022-03-04,23.3
23.5,24.9,2435700,TGG,1646611200,23.5,2022-03-07,24.9
25.1,26.6,1581300,TGG,1646697600,25.1,2022-03-08,26.6
28.15,28.45,1578200,TGG,1646784000,28.15,2022-03-09,28.45
30.4,30.4,646600,TGG,1646870400,30.4,2022-03-10,30.4
32.5,28.3,4163800,TGG,1646956800,28.3,2022-03-11,32.5
26.35,26.35,720700,TGG,1647216000,26.35,2022-03-14,27.5
24.55,24.55,279300,TGG,1647302400,24.55,2022-03-15,24.55
22.85,26.25,2483800,TGG,1647388800,22.85,2022-03-16,26.25
28,25,1436200,TGG,1647475200,25,2022-03-17,28.05
25.9,24.85,866000,TGG,1647561600,23.6,2022-03-18,25.9
24.5,26.55,1036500,TGG,1647820800,24.2,2022-03-21,26.55
27,27,826100,TGG,1647907200,26.8,2022-03-22,27.95
27.3,26.25,1354600,TGG,1647993600,26,2022-03-23,28.5
26.1,25.55,1255900,TGG,1648080000,24.5,2022-03-24,26.5
25.65,25.9,503400,TGG,1648166400,25.05,2022-03-25,26.8
24.7,24.1,1216500,TGG,1648425600,24.1,2022-03-28,25.9
24.1,25.75,742900,TGG,1648512000,24.1,2022-03-29,25.75
24.1,23.95,1362800,TGG,1648598400,23.95,2022-03-30,25.7
23.1,22.4,616200,TGG,1648684800,22.4,2022-03-31,24.5
21.5,22,966300,TGG,1648771200,20.85,2022-04-01,22.4
23.4,23.5,531700,TGG,1649030400,22.3,2022-04-04,23.5
23.5,24.8,1140700,TGG,1649116800,23.5,2022-04-05,25.1
23.55,23.1,769200,TGG,1649203200,23.1,2022-04-06,24.4
23.5,22.35,318500,TGG,1649289600,21.85,2022-04-07,23.8
22,20.8,1122400,TGG,1649376000,20.8,2022-04-08,22.3
20.1,19.35,267500,TGG,1649721600,19.35,2022-04-12,20.8
18,19,827000,TGG,1649808000,18,2022-04-13,19.25
19.5,20.3,724300,TGG,1649894400,19.5,2022-04-14,20.3
21,18.9,560400,TGG,1649980800,18.9,2022-04-15,21.65
17.6,17.6,815300,TGG,1650240000,17.6,2022-04-18,18.5
16.4,16.4,664600,TGG,1650326400,16.4,2022-04-19,17
15.3,15.3,77500,TGG,1650412800,15.3,2022-04-20,15.3
14.25,14.25,7000,TGG,1650499200,14.25,2022-04-21,14.25
13.3,13.3,38400,TGG,1650585600,13.3,2022-04-22,13.3
12.4,12.4,33900,TGG,1650844800,12.4,2022-04-25,12.4
11.55,11.55,59500,TGG,1650931200,11.55,2022-04-26,11.55
10.75,12.35,2230700,TGG,1651017600,10.75,2022-04-27,12.35
13.1,13.2,551700,TGG,1651104000,12.75,2022-04-28,13.2
14.1,14.1,904000,TGG,1651190400,13.5,2022-04-29,14.1
13.15,13.15,1512100,TGG,1651622400,13.15,2022-05-04,13.95
12.8,12.4,671900,TGG,1651708800,12.25,2022-05-05,13.7
11.7,11.55,598000,TGG,1651795200,11.55,2022-05-06,12.2
11.15,10.75,737500,TGG,1652054400,10.75,2022-05-09,11.7
10,11.1,793200,TGG,1652140800,10,2022-05-10,11.1
11.5,11.2,450400,TGG,1652227200,10.85,2022-05-11,11.75
10.8,10.45,620600,TGG,1652313600,10.45,2022-05-12,11.45
10,9.72,516900,TGG,1652400000,9.72,2022-05-13,10.9
10.15,9.94,411100,TGG,1652659200,9.72,2022-05-16,10.3
9.94,10.6,727600,TGG,1652745600,9.25,2022-05-17,10.6
10.95,10.05,373900,TGG,1652832000,10.05,2022-05-18,11
9.68,9.83,339100,TGG,1652918400,9.6,2022-05-19,9.99
10.05,9.76,471500,TGG,1653004800,9.7,2022-05-20,10.2
9.8,9.74,436600,TGG,1653264000,9.62,2022-05-23,10.1
9.74,9.6,284400,TGG,1653350400,9.06,2022-05-24,9.87
9.15,9.2,657900,TGG,1653436800,9.01,2022-05-25,9.9
9.69,9.39,825900,TGG,1653523200,9.2,2022-05-26,9.69
9.4,9.25,499400,TGG,1653609600,9.2,2022-05-27,9.49
9,9.29,817100,TGG,1653868800,8.74,2022-05-30,9.4
9.29,9.17,709500,TGG,1653955200,9.15,2022-05-31,9.5
9.18,9.11,367000,TGG,1654041600,9.05,2022-06-01,9.35
9.11,8.48,1107700,TGG,1654128000,8.48,2022-06-02,9.11
7.96,7.89,964900,TGG,1654214400,7.89,2022-06-03,8.38
7.51,7.34,546400,TGG,1654473600,7.34,2022-06-06,7.65
6.83,6.83,103600,TGG,1654560000,6.83,2022-06-07,6.83
6.36,7.18,1564200,TGG,1654646400,6.36,2022-06-08,7.25
7.2,6.85,376600,TGG,1654732800,6.83,2022-06-09,7.2
6.8,6.38,534600,TGG,1654819200,6.38,2022-06-10,6.89
5.94,5.94,691800,TGG,1655078400,5.94,2022-06-13,6
5.53,5.53,545000,TGG,1655164800,5.53,2022-06-14,5.8
5.35,5.15,520600,TGG,1655251200,5.15,2022-06-15,5.5
4.82,4.79,1186100,TGG,1655337600,4.79,2022-06-16,5.15
4.47,4.46,414300,TGG,1655424000,4.46,2022-06-17,4.64
4.34,4.77,322000,TGG,1655683200,4.34,2022-06-20,4.77
5.1,5.1,700700,TGG,1655769600,5,2022-06-21,5.1
5.45,5.45,154200,TGG,1655856000,5.45,2022-06-22,5.45
5.7,5.32,1010900,TGG,1655942400,5.2,2022-06-23,5.7
5.16,5.25,674200,TGG,1656028800,5.1,2022-06-24,5.45
4.9,5.61,864000,TGG,1656288000,4.9,2022-06-27,5.61
5.95,6,1036200,TGG,1656374400,5.65,2022-06-28,6
5.69,6.41,1270000,TGG,1656460800,5.69,2022-06-29,6.42
6.6,6.8,3359800,TGG,1656547200,5.97,2022-06-30,6.8
6.35,6.33,1331600,TGG,1656633600,6.33,2022-07-01,6.5
6.45,6.45,922400,TGG,1656892800,5.9,2022-07-04,6.65
6.46,6.15,781400,TGG,1656979200,6.12,2022-07-05,6.6
6,5.73,383100,TGG,1657065600,5.73,2022-07-06,6.09
5.58,5.34,484500,TGG,1657152000,5.34,2022-07-07,5.88
5.4,5.58,414600,TGG,1657238400,5.36,2022-07-08,5.71
5.58,5.86,1198000,TGG,1657497600,5.58,2022-07-11,5.97
6,6.1,734900,TGG,1657584000,5.9,2022-07-12,6.25
6.1,6.06,361800,TGG,1657670400,6,2022-07-13,6.29
6.05,5.81,564400,TGG,1657756800,5.8,2022-07-14,6.14
5.88,5.9,949800,TGG,1657843200,5.73,2022-07-15,6.15
5.95,5.83,512300,TGG,1658102400,5.83,2022-07-18,6.21
5.84,5.91,548800,TGG,1658188800,5.78,2022-07-19,5.95
6.1,5.91,765000,TGG,1658275200,5.88,2022-07-20,6.1
5.91,5.73,780700,TGG,1658361600,5.7,2022-07-21,5.98
5.74,5.78,424300,TGG,1658448000,5.7,2022-07-22,5.84
5.77,5.64,383000,TGG,1658707200,5.63,2022-07-25,5.8
5.65,5.33,651600,TGG,1658793600,5.3,2022-07-26,5.72
5.23,5.31,475500,TGG,1658880000,5.15,2022-07-27,5.6
5.6,5.4,290800,TGG,1658966400,5.34,2022-07-28,5.6
5.41,5.35,619600,TGG,1659052800,5.31,2022-07-29,5.5
5.35,5.33,754700,TGG,1659312000,5.26,2022-08-01,5.4
5.33,5.7,742200,TGG,1659398400,5.33,2022-08-02,5.7
5.9,5.81,801900,TGG,1659484800,5.7,2022-08-03,5.92
5.79,6.21,1903200,TGG,1659571200,5.79,2022-08-04,6.21
6.3,6.64,1122700,TGG,1659657600,6.3,2022-08-05,6.64
6.85,7.1,582900,TGG,1659916800,6.85,2022-08-08,7.1
7.59,7.59,1301900,TGG,1660003200,7.3,2022-08-09,7.59
8,8.12,1021000,TGG,1660089600,7.71,2022-08-10,8.12
8.68,8.1,2886400,TGG,1660176000,7.56,2022-08-11,8.68
7.8,8.27,1502600,TGG,1660262400,7.8,2022-08-12,8.4
8.1,8.45,812900,TGG,1660521600,8.1,2022-08-15,8.7
8.32,8,1620900,TGG,1660608000,7.9,2022-08-16,8.4
7.92,7.59,1227000,TGG,1660694400,7.58,2022-08-17,8.35
7.3,7.14,3541300,TGG,1660780800,7.06,2022-08-18,7.6
7.11,7.4,746100,TGG,1660867200,7.11,2022-08-19,7.59
7.48,7.4,566900,TGG,1661126400,7.23,2022-08-22,7.7
7.26,7.5,1219100,TGG,1661212800,7.16,2022-08-23,7.5
7.6,7.3,1346500,TGG,1661299200,7.25,2022-08-24,7.64
7.4,7.36,1413000,TGG,1661385600,7.15,2022-08-25,7.41
7.33,7.1,735700,TGG,1661472000,7.06,2022-08-26,7.33
6.82,6.61,1339300,TGG,1661731200,6.61,2022-08-29,6.9
6.78,7.07,766000,TGG,1661817600,6.75,2022-08-30,7.07
7.49,7.56,2330900,TGG,1661904000,7.3,2022-08-31,7.56
7.75,7.41,1046300,TGG,1662336000,7.38,2022-09-05,8
7.34,6.9,1160700,TGG,1662422400,6.9,2022-09-06,7.45
6.7,7.05,1061700,TGG,1662508800,6.68,2022-09-07,7.38
7.29,7,418900,TGG,1662595200,6.56,2022-09-08,7.29
6.8,6.9,466400,TGG,1662681600,6.56,2022-09-09,7.2
7.05,6.9,347600,TGG,1662940800,6.6,2022-09-12,7.1
6.81,6.89,309100,TGG,1663027200,6.8,2022-09-13,6.99
6.73,6.75,453500,TGG,1663113600,6.73,2022-09-14,6.81
6.77,6.95,663700,TGG,1663200000,6.75,2022-09-15,7.1
6.95,6.75,312800,TGG,1663286400,6.69,2022-09-16,7.09
6.75,6.28,740000,TGG,1663545600,6.28,2022-09-19,6.88
5.85,5.85,1335200,TGG,1663632000,5.85,2022-09-20,6.08
5.45,5.45,145800,TGG,1663718400,5.45,2022-09-21,5.45
5.07,5.07,205300,TGG,1663804800,5.07,2022-09-22,5.07
4.72,5.42,1710100,TGG,1663891200,4.72,2022-09-23,5.42
5.5,5.22,660900,TGG,1664150400,5.1,2022-09-26,5.73
5.24,4.86,838600,TGG,1664236800,4.86,2022-09-27,5.38
4.52,4.52,1474300,TGG,1664323200,4.52,2022-09-28,4.9
4.79,4.21,443700,TGG,1664409600,4.21,2022-09-29,4.79
4.2,4.16,1024800,TGG,1664496000,3.92,2022-09-30,4.2
4,3.87,715400,TGG,1664755200,3.87,2022-10-03,4.1
3.94,3.61,375000,TGG,1664841600,3.61,2022-10-04,3.97
3.85,3.86,290100,TGG,1664928000,3.7,2022-10-05,3.86
4.12,3.85,507000,TGG,1665014400,3.76,2022-10-06,4.12
3.6,3.59,1050500,TGG,1665100800,3.59,2022-10-07,3.75
3.41,3.6,673500,TGG,1665360000,3.4,2022-10-10,3.8
3.52,3.35,653900,TGG,1665446400,3.35,2022-10-11,3.6
3.14,3.12,531900,TGG,1665532800,3.12,2022-10-12,3.5
3.15,2.92,1082300,TGG,1665619200,2.91,2022-10-13,3.15
3.04,3.12,665600,TGG,1665705600,3.04,2022-10-14,3.12
3.19,3.25,1016100.0,TGG,1665964800.0,3.14,2022-10-17,3.33
3.36,3.47,1038200.0,TGG,1666051200.0,3.36,2022-10-18,3.47
3.63,3.47,652300.0,TGG,1666137600.0,3.33,2022-10-19,3.63
3.4,3.3,390400.0,TGG,1666224000.0,3.24,2022-10-20,3.45
3.5,3.07,664000.0,TGG,1666310400.0,3.07,2022-10-21,3.5
2.95,2.86,563100.0,TGG,1666569600.0,2.86,2022-10-24,3.07
2.86,2.7,882300.0,TGG,1666656000.0,2.66,2022-10-25,3.06
2.87,2.52,445200.0,TGG,1666742400.0,2.52,2022-10-26,2.87
2.52,2.69,477400.0,TGG,1666828800.0,2.52,2022-10-27,2.69
2.79,2.72,617400.0,TGG,1666915200.0,2.69,2022-10-28,2.86
2.7,2.71,365000.0,TGG,1667174400.0,2.53,2022-10-31,2.85
2.71,2.71,419300.0,TGG,1667260800.0,2.69,2022-11-01,2.86
2.72,2.89,599500.0,TGG,1667347200.0,2.72,2022-11-02,2.89
3.0,3.04,883800.0,TGG,1667433600.0,2.9,2022-11-03,3.09
