close,date,high,low,open,symbol,timestamp,volume
16.25,2019-01-14,16.25,16.25,16.25,VHE,1547424000,600
17.84,2019-01-15,17.84,17.84,17.84,VHE,1547510400,100
19.59,2019-01-16,19.59,19.59,19.59,VHE,1547596800,1100
21.5,2019-01-17,21.5,21.5,21.5,VHE,1547683200,29500
23.59,2019-01-18,23.59,23.59,23.59,VHE,1547769600,28900
25.67,2019-01-21,25.92,23.92,25.92,VHE,1548028800,14000
25.67,2019-01-22,25.75,23.34,23.75,VHE,1548115200,79600
24.17,2019-01-23,25.75,24,25.42,VHE,1548201600,10400
24.17,2019-01-24,25,23.42,25,VHE,1548288000,27600
24.17,2019-01-25,24.84,23.42,23.42,VHE,1548374400,23100
24.34,2019-01-28,24.92,24.34,24.92,VHE,1548633600,1000
22.92,2019-01-29,23.42,22.92,23.42,VHE,1548720000,3200
24.17,2019-01-30,24.59,23.34,24.17,VHE,1548806400,21000
23.75,2019-01-31,24.59,23.75,24.17,VHE,1548892800,10900
24.59,2019-02-01,24.59,23.75,23.75,VHE,1548979200,13000
25.92,2019-02-11,26.09,23.34,24.42,VHE,1549843200,24900
25,2019-02-12,25,23.84,24.25,VHE,1549929600,40700
24.92,2019-02-13,24.92,23.67,24.17,VHE,1550016000,19200
24.34,2019-02-14,24.5,23.92,24.5,VHE,1550102400,1500
24.75,2019-02-15,24.75,23.75,23.75,VHE,1550188800,12100
23.67,2019-02-19,24.75,23.59,24.59,VHE,1550534400,12900
23.84,2019-02-20,24.5,23.75,24.5,VHE,1550620800,6000
23.84,2019-02-21,24.34,23.75,23.84,VHE,1550707200,2100
24.09,2019-02-22,24.25,23.75,24.17,VHE,1550793600,10200
23.84,2019-02-25,24,23.42,24,VHE,1551052800,12600
23.42,2019-02-26,23.92,23.42,23.84,VHE,1551139200,9700
24.34,2019-02-27,24.59,23.34,23.59,VHE,1551225600,47020
24.17,2019-02-28,24.17,23.84,24,VHE,1551312000,19700
24.34,2019-03-01,24.42,23.84,24,VHE,1551398400,41000
24.5,2019-03-04,24.5,23.67,24.09,VHE,1551657600,65700
24.75,2019-03-05,24.75,24,24.42,VHE,1551744000,44800
24.75,2019-03-06,24.92,24.42,24.92,VHE,1551830400,13700
24.75,2019-03-07,24.84,24.5,24.75,VHE,1551916800,8500
24.92,2019-03-08,24.92,24.17,24.42,VHE,1552003200,11600
24.92,2019-03-11,27.34,24.17,24.75,VHE,1552262400,12300
24.5,2019-03-12,24.59,24.09,24.42,VHE,1552348800,16030
24.84,2019-03-13,24.84,24.17,24.25,VHE,1552435200,23200
24.59,2019-03-14,24.84,23.42,24.42,VHE,1552521600,35000
24.92,2019-03-15,24.92,24.17,24.5,VHE,1552608000,38900
24.75,2019-03-18,24.84,23.75,24.17,VHE,1552867200,49201
24.17,2019-03-19,24.17,23.67,23.92,VHE,1552953600,22300
24,2019-03-20,24,23.59,23.75,VHE,1553040000,8900
23.17,2019-03-21,24,23.17,24,VHE,1553126400,22300
23.17,2019-03-22,23.42,22.59,23.42,VHE,1553212800,13000
23.17,2019-03-25,23.25,21.67,22.5,VHE,1553472000,10200
23.17,2019-03-26,23.34,22.34,23.17,VHE,1553558400,14100
23.25,2019-03-27,23.25,22.84,23.09,VHE,1553644800,14700
23.17,2019-03-28,23.17,22.42,23,VHE,1553731200,14800
21.92,2019-03-29,23.09,21.92,22.34,VHE,1553817600,11000
22.42,2019-04-01,22.5,21.84,22.5,VHE,1554076800,17500
21.84,2019-04-02,22.59,21.84,22.25,VHE,1554163200,19000
22,2019-04-03,22.25,21.84,22.25,VHE,1554249600,800
21.67,2019-04-04,22.25,21.67,22.25,VHE,1554336000,4300
21.67,2019-04-05,21.67,21.34,21.67,VHE,1554422400,2700
23,2019-04-08,23.67,20.09,21.59,VHE,1554681600,33400
23.09,2019-04-09,23.25,22.09,23,VHE,1554768000,24400
23.09,2019-04-10,23.34,22.5,23.34,VHE,1554854400,17300
23,2019-04-11,23.42,22.5,22.92,VHE,1554940800,28200
23.25,2019-04-12,23.25,22.5,22.75,VHE,1555027200,6200
22.84,2019-04-16,22.92,22,22.92,VHE,1555372800,4100
22.84,2019-04-17,22.84,21.92,22,VHE,1555459200,13300
22.84,2019-04-18,22.84,21.92,22.5,VHE,1555545600,11200
23,2019-04-19,23,22.75,22.75,VHE,1555632000,4500
23.5,2019-04-22,23.5,22.5,22.92,VHE,1555891200,25100
23.75,2019-04-23,23.75,23,23.34,VHE,1555977600,17700
24.34,2019-04-24,24.34,23.75,23.75,VHE,1556064000,46000
24.17,2019-04-25,24.5,24.09,24.5,VHE,1556150400,3400
24.17,2019-04-26,24.17,24,24,VHE,1556236800,9200
24.09,2019-05-02,24.84,22.67,24.09,VHE,1556755200,5100
24.59,2019-05-03,24.59,23.84,24,VHE,1556841600,14600
24.09,2019-05-06,24.34,22.5,24.17,VHE,1557100800,17000
25,2019-05-07,25,23.34,23.34,VHE,1557187200,35600
25.42,2019-05-08,25.42,24.17,24.17,VHE,1557273600,15829
23.75,2019-05-09,23.75,23.75,23.75,VHE,1557360000,500
24.34,2019-05-10,24.67,22.92,23.25,VHE,1557446400,17200
24.17,2019-05-13,24.17,23.84,23.84,VHE,1557705600,6500
23,2019-05-14,24.17,23,24,VHE,1557792000,10200
23.5,2019-05-15,23.84,23,23.84,VHE,1557878400,6329
24.09,2019-05-16,24.17,22.5,23.42,VHE,1557964800,16900
23.75,2019-05-17,23.84,23.34,23.84,VHE,1558051200,1800
23.42,2019-05-21,23.5,22.5,23.42,VHE,1558396800,12900
22.92,2019-05-22,23.5,22.92,23.42,VHE,1558483200,3100
23.25,2019-05-23,23.5,22.5,23.5,VHE,1558569600,3100
22.5,2019-05-24,23.09,22.5,22.5,VHE,1558656000,6400
22.5,2019-05-27,22.5,22.42,22.42,VHE,1558915200,1100
22.92,2019-05-28,22.92,22.92,22.92,VHE,1559001600,100
22.84,2019-05-29,22.84,22.34,22.34,VHE,1559088000,2900
22.42,2019-05-31,22.42,22.09,22.09,VHE,1559260800,600
21.84,2019-06-03,22.09,21.67,22.09,VHE,1559520000,6000
22.75,2019-06-04,22.75,22.75,22.75,VHE,1559606400,100
22.17,2019-06-06,22.17,22.09,22.09,VHE,1559779200,500
22.75,2019-06-07,22.75,22.75,22.75,VHE,1559865600,200
22.5,2019-06-10,22.5,21.67,21.67,VHE,1560124800,1300
22.59,2019-06-11,22.59,21.67,21.67,VHE,1560211200,200
23.59,2019-06-13,23.59,21.5,22.75,VHE,1560384000,46400
23.5,2019-06-14,23.5,22.09,23.5,VHE,1560470400,19800
23.59,2019-06-17,23.59,23.5,23.5,VHE,1560729600,5800
22.92,2019-06-18,22.92,22.09,22.09,VHE,1560816000,12400
22.92,2019-06-19,22.92,21.5,21.67,VHE,1560902400,45900
23.34,2019-06-20,23.34,21.75,22,VHE,1560988800,11300
21,2019-06-21,22.42,21,21.75,VHE,1561075200,14200
22.59,2019-06-24,22.59,21.67,21.75,VHE,1561334400,58100
22.59,2019-06-25,22.92,22,22.75,VHE,1561420800,3700
22.09,2019-06-26,22.09,21.67,21.84,VHE,1561507200,14100
22.17,2019-06-27,22.17,22.17,22.17,VHE,1561593600,200
20,2019-06-28,20,20,20,VHE,1561680000,8000
22,2019-07-01,22,21.59,21.59,VHE,1561939200,12100
23.09,2019-07-02,23.25,22,22,VHE,1562025600,3800
22.75,2019-07-03,22.75,21.67,21.67,VHE,1562112000,200
22.92,2019-07-04,23.09,22.42,22.42,VHE,1562198400,21500
23,2019-07-05,23,22.92,22.92,VHE,1562284800,6800
23.09,2019-07-08,23.17,22.5,23,VHE,1562544000,11400
23.09,2019-07-09,23.09,22.84,22.92,VHE,1562630400,20600
23.17,2019-07-10,23.17,23.09,23.09,VHE,1562716800,5000
22.84,2019-07-11,23.09,22.84,23.09,VHE,1562803200,2900
22.75,2019-07-12,22.75,22.75,22.75,VHE,1562889600,700
22.75,2019-07-15,22.75,21.84,21.84,VHE,1563148800,7000
22.34,2019-07-18,22.67,20.59,20.92,VHE,1563408000,6700
22,2019-07-19,22,20.67,20.84,VHE,1563494400,12100
22.42,2019-07-22,22.5,20.25,21.75,VHE,1563753600,19500
21.5,2019-07-23,22.09,20.25,20.84,VHE,1563840000,28600
21.5,2019-07-24,22.09,21.5,22,VHE,1563926400,4300
21.5,2019-07-25,21.5,20,20.09,VHE,1564012800,3800
20.75,2019-07-26,21.09,19.17,21,VHE,1564099200,7400
21.17,2019-07-29,21.17,21.17,21.17,VHE,1564358400,100
19.09,2019-07-30,20,19.09,20,VHE,1564444800,2000
18.34,2019-07-31,20.34,17.84,19.17,VHE,1564531200,3600
16.5,2019-08-01,19.84,16.5,19.84,VHE,1564617600,19900
15.84,2019-08-02,16.5,14.92,16.42,VHE,1564704000,38000
14.25,2019-08-05,14.42,14.25,14.42,VHE,1564963200,3900
12.83,2019-08-06,14.84,12.83,12.83,VHE,1565049600,19000
13.33,2019-08-07,13.33,11.58,11.58,VHE,1565136000,182600
13.08,2019-08-08,13.33,12.08,13.08,VHE,1565222400,24700
13,2019-08-09,13,11.92,11.92,VHE,1565308800,5100
11.75,2019-08-12,11.75,11.75,11.75,VHE,1565568000,8100
12.08,2019-08-13,12.83,10.58,10.58,VHE,1565654400,91500
13.17,2019-08-14,13.17,12.08,12.08,VHE,1565740800,1300
12.92,2019-08-15,13.25,12.08,13.25,VHE,1565827200,4400
12.67,2019-08-16,12.67,11.67,11.83,VHE,1565913600,16000
11.67,2019-08-19,12.17,11.58,12.17,VHE,1566172800,6900
11.75,2019-08-20,11.83,11.67,11.67,VHE,1566259200,1600
11.33,2019-08-21,12.08,11.17,12.08,VHE,1566345600,10700
10.25,2019-08-22,11.25,10.25,11.25,VHE,1566432000,28000
9.25,2019-08-23,9.25,9.25,9.25,VHE,1566518400,2200
9.67,2019-08-26,9.67,8.33,8.33,VHE,1566777600,130300
10.33,2019-08-27,10.33,8.75,8.83,VHE,1566864000,48600
9.58,2019-08-28,10,9.58,9.58,VHE,1566950400,38600
9.17,2019-08-29,9.58,8.67,8.92,VHE,1567036800,65200
9.75,2019-08-30,9.75,9.42,9.42,VHE,1567123200,500
9.08,2019-09-03,10,8.92,9.67,VHE,1567468800,42600
9.33,2019-09-04,9.33,8.25,9.17,VHE,1567555200,69200
9.25,2019-09-05,9.25,8.58,8.67,VHE,1567641600,23000
9.33,2019-09-06,9.33,9.08,9.08,VHE,1567728000,3500
9.42,2019-09-09,10,8.42,9.25,VHE,1567987200,20900
8.5,2019-09-10,9.5,8.5,9.25,VHE,1568073600,22500
9.33,2019-09-11,9.33,9.17,9.25,VHE,1568160000,2100
8.42,2019-09-12,9.17,8.42,8.75,VHE,1568246400,15600
8.67,2019-09-13,8.67,8.25,8.25,VHE,1568332800,3500
8.5,2019-09-16,8.83,7.83,8.83,VHE,1568592000,7300
8.58,2019-09-17,8.58,8.58,8.58,VHE,1568678400,200
7.92,2019-09-18,8.5,7.75,8.5,VHE,1568764800,11300
8.42,2019-09-19,8.42,7.5,7.67,VHE,1568851200,3900
8.33,2019-09-20,8.67,8.33,8.58,VHE,1568937600,2700
8.33,2019-09-23,8.5,8.08,8.08,VHE,1569196800,2500
8.25,2019-09-24,8.25,8,8,VHE,1569283200,900
8.33,2019-09-25,8.33,7.75,7.92,VHE,1569369600,900
7.92,2019-09-26,8.25,7.92,8.25,VHE,1569456000,2300
8.25,2019-09-27,8.25,8.25,8.25,VHE,1569542400,100
8.17,2019-09-30,8.17,7.92,7.92,VHE,1569801600,3800
8.17,2019-10-01,8.17,8.17,8.17,VHE,1569888000,100
7.75,2019-10-02,7.92,7.75,7.92,VHE,1569974400,1200
8.25,2019-10-03,8.25,8.08,8.17,VHE,1570060800,2200
7.92,2019-10-04,7.92,7.92,7.92,VHE,1570147200,100
7.92,2019-10-07,7.92,7.92,7.92,VHE,1570406400,100
7.92,2019-10-08,7.92,7.5,7.83,VHE,1570492800,3600
7.58,2019-10-10,7.58,7.58,7.58,VHE,1570665600,200
7.5,2019-10-11,7.5,7.5,7.5,VHE,1570752000,100
7.08,2019-10-14,7.83,7.08,7.67,VHE,1571011200,2900
7.08,2019-10-15,7.08,6.42,7.08,VHE,1571097600,45800
6.92,2019-10-16,7.08,6.42,6.5,VHE,1571184000,33800
6.25,2019-10-17,6.75,6.25,6.33,VHE,1571270400,17500
6.25,2019-10-18,6.58,5.83,6.58,VHE,1571356800,6900
5.92,2019-10-21,6.25,5.92,6,VHE,1571616000,3700
5.92,2019-10-22,5.92,5.75,5.83,VHE,1571702400,1900
6.25,2019-10-23,6.25,5.75,5.83,VHE,1571788800,3900
6,2019-10-24,6.33,6,6.08,VHE,1571875200,1200
5.92,2019-10-25,5.92,5.5,5.83,VHE,1571961600,13700
5.75,2019-10-28,5.83,5.5,5.5,VHE,1572220800,5200
5.5,2019-10-29,5.75,5.5,5.75,VHE,1572307200,1700
5.5,2019-10-30,5.58,5.42,5.5,VHE,1572393600,5900
5.17,2019-10-31,5.58,5.17,5.58,VHE,1572480000,4900
5.25,2019-11-01,5.25,4.92,5.25,VHE,1572566400,6300
4.83,2019-11-04,5,4.83,4.92,VHE,1572825600,3500
5.08,2019-11-05,5.08,4.92,4.92,VHE,1572912000,1700
4.92,2019-11-06,4.92,4.67,4.75,VHE,1572998400,6800
5,2019-11-07,5,4.92,5,VHE,1573084800,5500
4.92,2019-11-08,4.92,4.75,4.83,VHE,1573171200,1200
5,2019-11-11,5,5,5,VHE,1573430400,2100
5,2019-11-12,5.08,5,5.08,VHE,1573516800,2100
5,2019-11-13,5.08,5,5.08,VHE,1573603200,1100
5.25,2019-11-14,5.5,5,5,VHE,1573689600,13300
5.75,2019-11-15,5.75,5,5.08,VHE,1573776000,132200
6.25,2019-11-18,6.25,6.25,6.25,VHE,1574035200,26300
6.83,2019-11-19,6.83,6.67,6.67,VHE,1574121600,45500
7.42,2019-11-20,7.5,6.92,7.33,VHE,1574208000,26900
6.92,2019-11-21,7.42,6.83,7.42,VHE,1574294400,13100
6.42,2019-11-22,6.92,6.25,6.58,VHE,1574380800,32800
6.83,2019-11-25,6.83,5.83,6,VHE,1574640000,21100
6.83,2019-11-26,6.83,6.67,6.67,VHE,1574726400,1500
6.67,2019-11-27,6.67,6.25,6.67,VHE,1574812800,2100
6.33,2019-11-28,6.67,6,6.08,VHE,1574899200,14100
5.83,2019-12-02,6.92,5.83,6.92,VHE,1575244800,6000
5.33,2019-12-03,5.83,5.33,5.42,VHE,1575331200,3200
5.17,2019-12-04,5.67,5.17,5.67,VHE,1575417600,1300
5.67,2019-12-05,5.67,5.5,5.67,VHE,1575504000,5200
6,2019-12-06,6,5.17,5.67,VHE,1575590400,36600
5.42,2019-12-09,5.5,5.42,5.5,VHE,1575849600,15700
5.92,2019-12-10,5.92,5.08,5.83,VHE,1575936000,17900
6.33,2019-12-11,6.33,5.33,5.42,VHE,1576022400,11900
6.25,2019-12-12,6.75,5.75,6.5,VHE,1576108800,4100
6.5,2019-12-13,6.5,6.33,6.33,VHE,1576195200,300
5.92,2019-12-16,5.92,5.92,5.92,VHE,1576454400,1000
5.92,2019-12-17,5.92,5.33,5.33,VHE,1576540800,68000
5.92,2019-12-18,5.92,5.33,5.42,VHE,1576627200,20000
6.5,2019-12-19,6.5,6.25,6.25,VHE,1576713600,900
5.92,2019-12-20,5.92,5.92,5.92,VHE,1576800000,1500
5.67,2019-12-23,5.67,5.33,5.33,VHE,1577059200,5200
5.5,2019-12-24,5.75,5.17,5.25,VHE,1577145600,21700
5.5,2019-12-25,5.5,5.5,5.5,VHE,1577232000,100
5.5,2019-12-26,5.67,5.5,5.5,VHE,1577318400,3000
5.5,2019-12-27,5.5,5.25,5.25,VHE,1577404800,900
5.25,2019-12-30,5.25,5.25,5.25,VHE,1577664000,100
4.75,2019-12-31,5.42,4.75,5.25,VHE,1577750400,21200
4.67,2020-01-02,5,4.67,5,VHE,1577923200,900
5,2020-01-03,5,4.67,4.67,VHE,1578009600,2700
4.5,2020-01-06,4.67,4.5,4.67,VHE,1578268800,5400
4.5,2020-01-07,4.5,4.5,4.5,VHE,1578355200,700
4.5,2020-01-08,4.5,4.5,4.5,VHE,1578441600,100
4.5,2020-01-09,4.67,4.5,4.67,VHE,1578528000,4500
4.5,2020-01-13,4.5,4.5,4.5,VHE,1578873600,600
4.42,2020-01-14,4.42,4.25,4.42,VHE,1578960000,1200
4.42,2020-01-15,4.42,4.42,4.42,VHE,1579046400,600
4.5,2020-01-17,4.58,4.25,4.58,VHE,1579219200,521400
4.42,2020-01-20,4.42,4.17,4.17,VHE,1579478400,600
4.75,2020-01-21,4.75,4,4.08,VHE,1579564800,41700
4.42,2020-01-22,4.83,4.33,4.33,VHE,1579651200,21900
4.58,2020-01-30,4.58,4.42,4.42,VHE,1580342400,2900
4.67,2020-01-31,5,4.17,4.58,VHE,1580428800,53300
4.67,2020-02-03,4.67,4.25,4.67,VHE,1580688000,800
5.08,2020-02-04,5.08,4.58,4.58,VHE,1580774400,3600
5.08,2020-02-05,5.08,4.58,4.92,VHE,1580860800,10300
4.92,2020-02-06,4.92,4.58,4.58,VHE,1580947200,5200
4.83,2020-02-07,4.92,4.5,4.5,VHE,1581033600,3100
4.5,2020-02-10,4.5,4.5,4.5,VHE,1581292800,1600
4.92,2020-02-11,4.92,4.92,4.92,VHE,1581379200,100
5.33,2020-02-12,5.33,4.58,4.83,VHE,1581465600,6700
5.33,2020-02-13,5.33,4.83,4.83,VHE,1581552000,40800
5.25,2020-02-14,5.25,4.83,4.83,VHE,1581638400,41700
5.25,2020-02-17,5.25,4.75,4.83,VHE,1581897600,2800
5.25,2020-02-18,5.67,5,5.25,VHE,1581984000,8500
4.75,2020-02-19,4.75,4.75,4.75,VHE,1582070400,8600
4.58,2020-02-20,4.58,4.33,4.33,VHE,1582156800,45300
4.58,2020-02-21,4.58,4.17,4.42,VHE,1582243200,9200
4.17,2020-02-24,4.33,4.17,4.25,VHE,1582502400,16500
3.92,2020-02-25,4,3.92,4,VHE,1582588800,1600
4.08,2020-02-26,4.17,4.08,4.17,VHE,1582675200,400
4.25,2020-02-27,4.25,3.92,3.92,VHE,1582761600,800
4.25,2020-02-28,4.25,4.17,4.17,VHE,1582848000,900
4.25,2020-03-02,4.25,4.08,4.08,VHE,1583107200,500
4.17,2020-03-03,4.33,4.17,4.17,VHE,1583193600,4500
4.17,2020-03-04,4.17,4.08,4.08,VHE,1583280000,2600
3.83,2020-03-05,4.17,3.75,4.08,VHE,1583366400,21200
3.75,2020-03-06,3.83,3.75,3.83,VHE,1583452800,600
3.58,2020-03-09,3.92,3.58,3.67,VHE,1583712000,29500
3.67,2020-03-10,3.67,3.42,3.42,VHE,1583798400,17800
3.58,2020-03-11,3.58,3.58,3.58,VHE,1583884800,3800
3.58,2020-03-13,3.58,3.25,3.25,VHE,1584057600,3500
3.5,2020-03-16,3.5,3.25,3.25,VHE,1584316800,2600
3.25,2020-03-19,3.25,3.17,3.17,VHE,1584576000,9200
3.25,2020-03-20,3.25,3.25,3.25,VHE,1584662400,200
3,2020-03-23,3.25,3,3.25,VHE,1584921600,4000
3.25,2020-03-24,3.25,3.25,3.25,VHE,1585008000,3300
3.5,2020-03-25,3.5,3.25,3.25,VHE,1585094400,10400
3.42,2020-03-26,3.42,3.42,3.42,VHE,1585180800,800
3.42,2020-03-27,3.5,3.42,3.42,VHE,1585267200,1900
3.67,2020-04-01,3.75,3.67,3.75,VHE,1585699200,400
3.58,2020-04-03,3.83,3.42,3.83,VHE,1585872000,900
3.75,2020-04-06,3.92,3.25,3.25,VHE,1586131200,5600
3.92,2020-04-07,3.92,3.83,3.83,VHE,1586217600,1100
3.92,2020-04-09,3.92,3.92,3.92,VHE,1586390400,1200
3.83,2020-04-10,3.83,3.58,3.58,VHE,1586476800,3500
3.67,2020-04-14,3.67,3.67,3.67,VHE,1586822400,1600
3.92,2020-04-15,3.92,3.67,3.67,VHE,1586908800,2300
4,2020-04-16,4,4,4,VHE,1586995200,400
4.25,2020-04-17,4.25,3.75,4,VHE,1587081600,4600
3.83,2020-04-20,4,3.83,4,VHE,1587340800,7000
3.83,2020-04-21,3.83,3.5,3.5,VHE,1587427200,5000
3.83,2020-04-22,3.83,3.83,3.83,VHE,1587513600,200
3.75,2020-04-24,3.75,3.75,3.75,VHE,1587686400,500
3.42,2020-04-27,3.42,3.42,3.42,VHE,1587945600,2000
3.42,2020-04-28,3.42,3.42,3.42,VHE,1588032000,3600
3.42,2020-04-29,3.42,3.42,3.42,VHE,1588118400,2600
3.75,2020-05-04,3.75,3.5,3.5,VHE,1588550400,1600
3.83,2020-05-05,3.83,3.5,3.67,VHE,1588636800,3700
4.17,2020-05-06,4.17,3.75,3.75,VHE,1588723200,13700
4.58,2020-05-07,4.58,4.17,4.17,VHE,1588809600,27500
5,2020-05-08,5,4.67,4.92,VHE,1588896000,39800
5.33,2020-05-11,5.42,5.25,5.25,VHE,1589155200,5600
4.83,2020-05-12,5.33,4.83,5.33,VHE,1589241600,10200
5.17,2020-05-13,5.17,4.5,4.5,VHE,1589328000,30600
5.33,2020-05-14,5.33,5,5,VHE,1589414400,7300
4.92,2020-05-15,5.25,4.92,5.25,VHE,1589500800,600
5,2020-05-18,5,4.92,4.92,VHE,1589760000,4600
5,2020-05-19,5.33,5,5.08,VHE,1589846400,15900
5.17,2020-05-20,5.17,4.58,4.58,VHE,1589932800,1100
5.17,2020-05-21,5.17,5.08,5.08,VHE,1590019200,2000
5,2020-05-22,5.17,5,5,VHE,1590105600,2200
5,2020-05-25,5.08,4.92,5.08,VHE,1590364800,2900
4.83,2020-05-26,4.92,4.83,4.83,VHE,1590451200,1900
4.58,2020-05-27,4.83,4.42,4.83,VHE,1590537600,18800
4.67,2020-05-28,4.67,4.42,4.42,VHE,1590624000,6200
4.67,2020-05-29,4.67,4.67,4.67,VHE,1590710400,700
4.42,2020-06-02,4.42,4.42,4.42,VHE,1591056000,1000
4.5,2020-06-03,4.5,4.17,4.25,VHE,1591142400,2900
4.42,2020-06-04,4.42,4.17,4.17,VHE,1591228800,6700
4.67,2020-06-05,4.83,4.42,4.42,VHE,1591315200,21800
4.75,2020-06-08,4.83,4.58,4.75,VHE,1591574400,19300
4.83,2020-06-09,4.83,4.75,4.75,VHE,1591660800,1200
5,2020-06-10,5,4.5,4.83,VHE,1591747200,8800
5,2020-06-11,5,4.67,5,VHE,1591833600,39900
4.92,2020-06-12,4.92,4.5,4.58,VHE,1591920000,27600
4.92,2020-06-15,5.08,4.92,4.92,VHE,1592179200,600
4.92,2020-06-16,4.92,4.5,4.92,VHE,1592265600,58000
4.92,2020-06-17,4.92,4.83,4.83,VHE,1592352000,3700
4.75,2020-06-18,4.92,4.5,4.92,VHE,1592438400,17000
4.92,2020-06-19,4.92,4.92,4.92,VHE,1592524800,100
4.92,2020-06-22,4.92,4.75,4.75,VHE,1592784000,6200
4.75,2020-06-23,4.92,4.75,4.92,VHE,1592870400,200
4.75,2020-06-24,4.75,4.33,4.58,VHE,1592956800,19300
5,2020-06-25,5,4.42,4.42,VHE,1593043200,25400
4.92,2020-06-26,4.92,4.67,4.92,VHE,1593129600,11100
4.5,2020-06-29,4.58,4.5,4.58,VHE,1593388800,7600
4.5,2020-06-30,4.75,4.5,4.75,VHE,1593475200,500
4.67,2020-07-01,4.67,4.67,4.67,VHE,1593561600,900
4.67,2020-07-03,4.67,4.33,4.5,VHE,1593734400,1500
4.33,2020-07-06,4.5,4.33,4.5,VHE,1593993600,300
4.42,2020-07-07,4.42,4.33,4.42,VHE,1594080000,2700
4.17,2020-07-08,4.17,4.17,4.17,VHE,1594166400,500
4.42,2020-07-09,4.5,4.42,4.42,VHE,1594252800,1800
4.42,2020-07-10,4.42,4.42,4.42,VHE,1594339200,200
4.42,2020-07-13,4.83,4.42,4.83,VHE,1594598400,1700
4.25,2020-07-14,4.67,4.25,4.25,VHE,1594684800,400
3.83,2020-07-15,4.58,3.83,4.58,VHE,1594771200,73800
4.17,2020-07-16,4.17,3.83,3.83,VHE,1594857600,6200
4.5,2020-07-17,4.5,4.17,4.17,VHE,1594944000,800
4.08,2020-07-20,4.17,4.08,4.17,VHE,1595203200,21400
3.83,2020-07-21,4.08,3.75,4.08,VHE,1595289600,15800
4.17,2020-07-22,4.17,3.83,3.83,VHE,1595376000,127400
3.83,2020-07-23,4.17,3.83,4.17,VHE,1595462400,2500
3.58,2020-07-24,3.83,3.58,3.83,VHE,1595548800,1200
3.42,2020-07-27,3.92,3.42,3.92,VHE,1595808000,21700
3.75,2020-07-28,3.75,3.33,3.33,VHE,1595894400,18300
4.08,2020-07-29,4.08,3.75,4.08,VHE,1595980800,600
4.08,2020-07-30,4.08,3.75,3.75,VHE,1596067200,1900
3.75,2020-07-31,3.75,3.75,3.75,VHE,1596153600,6400
3.58,2020-08-03,3.58,3.42,3.42,VHE,1596412800,12900
3.75,2020-08-04,3.75,3.5,3.5,VHE,1596499200,700
3.67,2020-08-05,3.67,3.67,3.67,VHE,1596585600,18500
3.5,2020-08-06,3.5,3.42,3.42,VHE,1596672000,200
3.42,2020-08-07,3.5,3.42,3.5,VHE,1596758400,1700
3.58,2020-08-10,3.58,3.42,3.42,VHE,1597017600,5100
3.42,2020-08-11,3.5,3.42,3.5,VHE,1597104000,1700
3.58,2020-08-12,3.58,3.5,3.5,VHE,1597190400,1300
3.25,2020-08-13,3.58,3.25,3.5,VHE,1597276800,11600
3.33,2020-08-14,3.5,3.33,3.5,VHE,1597363200,3900
3.5,2020-08-17,3.5,3.5,3.5,VHE,1597622400,1000
3.5,2020-08-18,3.5,3.33,3.5,VHE,1597708800,9200
3.42,2020-08-19,3.42,3.42,3.42,VHE,1597795200,5000
3.42,2020-08-20,3.42,3.33,3.33,VHE,1597881600,900
3.42,2020-08-21,3.5,3.42,3.5,VHE,1597968000,6000
3.58,2020-08-24,3.58,3.33,3.33,VHE,1598227200,7000
3.75,2020-08-25,3.75,3.58,3.58,VHE,1598313600,13500
3.75,2020-08-26,3.75,3.5,3.67,VHE,1598400000,13400
3.42,2020-08-27,3.67,3.42,3.67,VHE,1598486400,91500
3.42,2020-08-28,3.5,3.33,3.5,VHE,1598572800,34100
3.42,2020-08-31,3.42,3.08,3.33,VHE,1598832000,78000
3.08,2020-09-01,3.25,3.08,3.25,VHE,1598918400,151000
3.25,2020-09-03,3.25,2.92,3.08,VHE,1599091200,99600
3.17,2020-09-04,3.25,3.08,3.25,VHE,1599177600,244000
3.42,2020-09-07,3.42,3.17,3.17,VHE,1599436800,158800
3.42,2020-09-08,3.58,3.33,3.42,VHE,1599523200,38900
3.25,2020-09-09,3.33,3.17,3.33,VHE,1599609600,49800
3.5,2020-09-10,3.5,3.25,3.25,VHE,1599696000,126600
3.83,2020-09-11,3.83,3.58,3.58,VHE,1599782400,117300
4.08,2020-09-14,4.17,3.92,4.08,VHE,1600041600,134400
3.75,2020-09-15,4,3.75,4,VHE,1600128000,109300
3.75,2020-09-16,3.75,3.58,3.75,VHE,1600214400,35100
3.42,2020-09-17,3.75,3.42,3.67,VHE,1600300800,126700
3.58,2020-09-18,3.58,3.42,3.42,VHE,1600387200,41600
3.58,2020-09-21,3.58,3.5,3.58,VHE,1600646400,76500
3.5,2020-09-22,3.58,3.5,3.5,VHE,1600732800,56000
3.67,2020-09-23,3.75,3.5,3.5,VHE,1600819200,79300
3.5,2020-09-24,3.75,3.5,3.75,VHE,1600905600,69100
3.5,2020-09-25,3.5,3.5,3.5,VHE,1600992000,37100
3.5,2020-09-28,3.58,3.5,3.5,VHE,1601251200,25400
3.5,2020-09-29,3.5,3.33,3.5,VHE,1601337600,55800
3.75,2020-09-30,3.75,3.5,3.5,VHE,1601424000,106300
3.67,2020-10-01,3.75,3.67,3.75,VHE,1601510400,26500
4,2020-10-02,4,3.75,3.75,VHE,1601596800,265800
4.33,2020-10-05,4.33,4.17,4.17,VHE,1601856000,60400
4.42,2020-10-06,4.75,4,4.75,VHE,1601942400,228600
4.25,2020-10-07,4.42,4.08,4.42,VHE,1602028800,134300
4.25,2020-10-08,4.25,4.17,4.17,VHE,1602115200,45000
4.5,2020-10-09,4.5,4.25,4.25,VHE,1602201600,80300
4.25,2020-10-12,4.5,4.25,4.5,VHE,1602460800,32000
4.25,2020-10-13,4.25,4.17,4.17,VHE,1602547200,12100
4.08,2020-10-14,4.25,4.08,4.17,VHE,1602633600,44900
4.25,2020-10-15,4.25,4.17,4.17,VHE,1602720000,45500
4.25,2020-10-16,4.25,4.08,4.17,VHE,1602806400,26200
4.33,2020-10-19,4.33,4.17,4.25,VHE,1603065600,181800
4.25,2020-10-20,4.33,4.25,4.33,VHE,1603152000,35900
4.42,2020-10-21,4.42,4.25,4.25,VHE,1603238400,186100
4.17,2020-10-22,4.42,4.17,4.42,VHE,1603324800,39400
4.33,2020-10-23,4.33,4.17,4.25,VHE,1603411200,57300
4.25,2020-10-26,4.33,4.25,4.33,VHE,1603670400,135600
4.25,2020-10-27,4.25,4.25,4.25,VHE,1603756800,66400
4.42,2020-10-28,4.58,4.25,4.25,VHE,1603843200,246700
4.5,2020-10-29,4.5,4.4,4.4,VHE,1603929600,27400
4.4,2020-10-30,4.5,4.3,4.3,VHE,1604016000,27100
4.2,2020-11-02,4.4,4,4.4,VHE,1604275200,38000
4.1,2020-11-03,4.1,4,4,VHE,1604361600,6700
4.3,2020-11-04,4.3,4.1,4.1,VHE,1604448000,9400
4.1,2020-11-05,4.3,4.1,4.2,VHE,1604534400,28300
4.2,2020-11-06,4.2,4.1,4.2,VHE,1604620800,1600
4.2,2020-11-09,4.2,4.1,4.1,VHE,1604880000,13800
4.1,2020-11-10,4.1,4,4.1,VHE,1604966400,78200
4.2,2020-11-11,4.2,4,4.1,VHE,1605052800,34300
4.1,2020-11-12,4.1,4,4.1,VHE,1605139200,19000
4.1,2020-11-13,4.1,4,4.1,VHE,1605225600,40300
4.1,2020-11-16,4.1,3.9,3.9,VHE,1605484800,19700
4.1,2020-11-17,4.2,4,4.1,VHE,1605571200,22000
4,2020-11-18,4.1,4,4,VHE,1605657600,13200
4.1,2020-11-19,4.2,3.9,4,VHE,1605744000,43400
4,2020-11-20,4.2,4,4.1,VHE,1605830400,14900
4,2020-11-23,4.1,4,4,VHE,1606089600,8200
3.9,2020-11-24,4.1,3.6,4.1,VHE,1606176000,146200
3.9,2020-11-25,4,3.9,4,VHE,1606262400,33000
3.9,2020-11-26,3.9,3.8,3.9,VHE,1606348800,37100
3.8,2020-11-27,3.9,3.7,3.8,VHE,1606435200,47800
3.7,2020-11-30,3.8,3.7,3.8,VHE,1606694400,20200
3.8,2020-12-01,3.8,3.6,3.8,VHE,1606780800,152100
3.7,2020-12-02,3.8,3.6,3.7,VHE,1606867200,21000
3.6,2020-12-03,3.8,3.6,3.7,VHE,1606953600,24300
3.7,2020-12-04,3.8,3.6,3.6,VHE,1607040000,4500
3.6,2020-12-07,3.7,3.5,3.6,VHE,1607299200,150200
3.6,2020-12-08,3.6,3.4,3.6,VHE,1607385600,90900
3.6,2020-12-09,3.7,3.5,3.5,VHE,1607472000,69500
3.6,2020-12-10,3.7,3.6,3.6,VHE,1607558400,26100
3.7,2020-12-11,3.7,3.5,3.6,VHE,1607644800,73300
3.7,2020-12-14,3.8,3.6,3.7,VHE,1607904000,16400
3.6,2020-12-15,3.8,3.6,3.7,VHE,1607990400,54500
3.7,2020-12-16,3.7,3.6,3.6,VHE,1608076800,14500
3.7,2020-12-17,3.7,3.6,3.7,VHE,1608163200,23900
3.8,2020-12-18,3.8,3.6,3.7,VHE,1608249600,45900
3.8,2020-12-21,3.8,3.6,3.7,VHE,1608508800,48100
4.1,2020-12-22,4.1,3.7,3.7,VHE,1608595200,177000
4,2020-12-23,4.5,4,4.1,VHE,1608681600,125000
3.9,2020-12-24,4,3.7,4,VHE,1608768000,89300
4.2,2020-12-25,4.2,3.9,3.9,VHE,1608854400,113100
4.1,2020-12-28,4.4,4.1,4.3,VHE,1609113600,79800
4,2020-12-29,4.2,3.9,4.2,VHE,1609200000,47500
3.8,2020-12-30,4.2,3.8,4,VHE,1609286400,55300
4,2020-12-31,4.1,3.9,4,VHE,1609372800,38300
4,2021-01-04,4.2,4,4.2,VHE,1609718400,63100
3.9,2021-01-05,4,3.9,3.9,VHE,1609804800,87900
4,2021-01-06,4.2,4,4,VHE,1609891200,308300
4.4,2021-01-07,4.4,3.9,4,VHE,1609977600,625400
4.8,2021-01-08,4.8,4.5,4.7,VHE,1610064000,934600
5.2,2021-01-11,5.2,4.8,5.1,VHE,1610323200,410500
5,2021-01-12,5.3,4.7,5.1,VHE,1610409600,557500
4.7,2021-01-13,5,4.7,5,VHE,1610496000,449500
5.1,2021-01-14,5.1,4.7,4.7,VHE,1610582400,467600
5.6,2021-01-15,5.6,5.1,5.1,VHE,1610668800,552400
6.1,2021-01-18,6.1,5.8,6,VHE,1610928000,623200
5.7,2021-01-19,6.6,5.5,6.6,VHE,1611014400,704900
5.8,2021-01-20,5.9,5.2,5.7,VHE,1611100800,443900
6.3,2021-01-21,6.3,5.8,5.8,VHE,1611187200,294300
6,2021-01-22,6.9,5.9,6.3,VHE,1611273600,413100
5.8,2021-01-25,6,5.7,5.7,VHE,1611532800,309000
5.4,2021-01-26,5.8,5.3,5.8,VHE,1611619200,485300
4.9,2021-01-27,5.4,4.9,5.1,VHE,1611705600,230400
4.5,2021-01-28,4.6,4.5,4.6,VHE,1611792000,78400
4.3,2021-01-29,4.4,4.1,4.1,VHE,1611878400,313500
4.1,2021-02-01,4.5,3.9,4.4,VHE,1612137600,174200
4.3,2021-02-02,4.5,3.8,4.1,VHE,1612224000,378400
4.6,2021-02-03,4.7,4.1,4.3,VHE,1612310400,73900
4.5,2021-02-04,4.7,4.4,4.6,VHE,1612396800,88100
4.7,2021-02-05,4.7,4.4,4.5,VHE,1612483200,131200
4.3,2021-02-08,4.8,4.3,4.7,VHE,1612742400,239400
4.5,2021-02-09,4.6,4,4,VHE,1612828800,58700
4.6,2021-02-17,4.7,4.4,4.6,VHE,1613520000,96200
5,2021-02-18,5,4.6,4.7,VHE,1613606400,337500
5.5,2021-02-19,5.5,5.2,5.4,VHE,1613692800,536300
5.3,2021-02-22,5.8,5.3,5.7,VHE,1613952000,204100
5.4,2021-02-23,5.4,5.2,5.3,VHE,1614038400,132000
5.7,2021-02-24,5.8,4.9,5.3,VHE,1614124800,630400
5.8,2021-02-25,6,5.5,5.7,VHE,1614211200,329500
5.9,2021-02-26,5.9,5.5,5.6,VHE,1614297600,166000
5.9,2021-03-01,5.9,5.7,5.9,VHE,1614556800,112400
6.4,2021-03-02,6.4,5.6,5.9,VHE,1614643200,715500
6.6,2021-03-03,7,6.4,7,VHE,1614729600,1402000
6.4,2021-03-04,6.7,6.1,6.7,VHE,1614816000,326100
6.8,2021-03-05,6.9,6,6.3,VHE,1614902400,248900
6.7,2021-03-08,7.1,6.6,6.8,VHE,1615161600,788600
6.5,2021-03-09,6.6,6.1,6.5,VHE,1615248000,212100
6.5,2021-03-10,6.6,6.3,6.4,VHE,1615334400,301000
6.4,2021-03-11,6.7,6.3,6.5,VHE,1615420800,140600
6.4,2021-03-12,6.6,6,6.4,VHE,1615507200,173900
6.5,2021-03-15,6.5,6.2,6.4,VHE,1615766400,143400
7.1,2021-03-16,7.1,6.3,6.5,VHE,1615852800,1093100
7.2,2021-03-17,7.6,7.1,7.2,VHE,1615939200,428000
7,2021-03-18,7.2,6.8,7.2,VHE,1616025600,182700
7.1,2021-03-19,7.1,6.8,6.9,VHE,1616112000,438000
7.3,2021-03-22,7.3,7,7.2,VHE,1616371200,383800
7.4,2021-03-23,7.5,7.1,7.5,VHE,1616457600,249700
7.3,2021-03-24,7.4,6.9,7.4,VHE,1616544000,314500
7,2021-03-25,7.3,6.9,7.3,VHE,1616630400,174800
6.9,2021-03-26,7,6.4,7,VHE,1616716800,205400
7.1,2021-03-29,7.1,6.9,6.9,VHE,1616976000,92600
6.9,2021-03-30,7.1,6.8,7,VHE,1617062400,178800
7.5,2021-03-31,7.5,7.1,7.1,VHE,1617148800,520500
8.1,2021-04-01,8.2,7.7,7.7,VHE,1617235200,971200
7.8,2021-04-02,8.4,7.8,8.1,VHE,1617321600,666400
8.5,2021-04-05,8.5,7.7,7.8,VHE,1617580800,388300
8.7,2021-04-06,9.2,8.5,8.5,VHE,1617667200,1196000
9.1,2021-04-07,9.4,8.7,8.7,VHE,1617753600,1214900
9.4,2021-04-08,9.6,9.1,9.2,VHE,1617840000,736200
9.1,2021-04-09,9.5,9.1,9.5,VHE,1617926400,516400
9.8,2021-04-12,10,9.1,9.1,VHE,1618185600,915600
9.4,2021-04-13,10.4,9.3,9.8,VHE,1618272000,722000
9.6,2021-04-14,9.6,9.2,9.3,VHE,1618358400,325200
9.3,2021-04-15,9.7,9.1,9.7,VHE,1618444800,719600
9,2021-04-16,9.3,8.6,9.3,VHE,1618531200,443100
9,2021-04-19,9.3,8.8,9.2,VHE,1618790400,218600
9,2021-04-20,9,8.7,9,VHE,1618876800,311200
8.6,2021-04-22,9,8.4,9,VHE,1619049600,185600
9.4,2021-04-23,9.4,8.4,8.6,VHE,1619136000,558600
9.1,2021-04-26,9.5,9,9.5,VHE,1619395200,192500
9.3,2021-04-27,9.3,8.9,9,VHE,1619481600,165300
9.3,2021-04-28,9.4,9.1,9.2,VHE,1619568000,204100
9.1,2021-04-29,9.4,9.1,9.3,VHE,1619654400,229900
9.9,2021-05-04,9.9,8.6,9,VHE,1620086400,754500
9.9,2021-05-05,10.5,9.9,10,VHE,1620172800,765200
10.2,2021-05-06,10.2,9.9,10,VHE,1620259200,337900
10.7,2021-05-07,11,10.1,10.2,VHE,1620345600,864300
11.4,2021-05-10,11.6,10,10.7,VHE,1620604800,571500
11.5,2021-05-11,12,11.2,11.5,VHE,1620691200,415400
11.6,2021-05-12,11.7,11.1,11.5,VHE,1620777600,194200
11.4,2021-05-13,11.6,11.3,11.6,VHE,1620864000,279700
11.3,2021-05-14,11.4,11.1,11.4,VHE,1620950400,350200
10.9,2021-05-17,11.5,10.9,11.4,VHE,1621209600,418600
11.1,2021-05-18,11.4,10.9,11,VHE,1621296000,370900
11.3,2021-05-19,11.8,11,11.1,VHE,1621382400,277200
11.2,2021-05-20,11.5,11.2,11.3,VHE,1621468800,238500
11.1,2021-05-21,11.4,10.8,11.2,VHE,1621555200,454100
10.8,2021-05-24,11.1,10.7,11.1,VHE,1621814400,400800
11.1,2021-05-25,11.3,10.8,11,VHE,1621900800,191000
10.8,2021-05-26,11.1,10.7,11.1,VHE,1621987200,240900
10.8,2021-05-27,10.8,10.4,10.8,VHE,1622073600,319100
11,2021-05-28,11.2,10.6,11.2,VHE,1622160000,207000
11.6,2021-05-31,11.8,10.7,11,VHE,1622419200,666400
12.4,2021-06-01,12.5,11.4,11.7,VHE,1622505600,610200
12.7,2021-06-02,12.8,12.1,12.4,VHE,1622592000,239800
12.3,2021-06-03,12.7,12.3,12.7,VHE,1622678400,417100
12,2021-06-04,12.4,11.9,12,VHE,1622764800,291700
12,2021-06-07,12,11.5,12,VHE,1623024000,230700
11.9,2021-06-08,12,11.5,11.9,VHE,1623110400,288700
11.9,2021-06-09,11.9,11.7,11.8,VHE,1623196800,129500
11.9,2021-06-10,12.1,11.7,11.9,VHE,1623283200,128100
12.1,2021-06-11,12.5,11.8,11.9,VHE,1623369600,149800
12,2021-06-14,12.2,11.5,12.2,VHE,1623628800,154200
11.7,2021-06-15,12.2,11.7,12.2,VHE,1623715200,155000
12,2021-06-16,12.3,11.6,11.7,VHE,1623801600,382600
12.1,2021-06-17,12.3,12,12,VHE,1623888000,161600
12,2021-06-18,12.4,12,12.1,VHE,1623974400,162900
11.9,2021-06-21,12,11.8,12,VHE,1624233600,118000
12.5,2021-06-22,12.5,11.6,11.8,VHE,1624320000,619500
12.2,2021-06-23,12.7,12.2,12.6,VHE,1624406400,225000
12.1,2021-06-24,12.2,11.9,12.2,VHE,1624492800,88100
12,2021-06-25,12.1,11.8,12.1,VHE,1624579200,89700
11.8,2021-06-28,12,11.8,12,VHE,1624838400,174800
11.9,2021-06-29,12,11.7,11.8,VHE,1624924800,154800
11.7,2021-06-30,12,11.7,12,VHE,1625011200,93100
11.8,2021-07-01,12,11.6,11.7,VHE,1625097600,111800
11.8,2021-07-02,11.8,11.7,11.8,VHE,1625184000,39400
11.7,2021-07-05,11.8,11.6,11.7,VHE,1625443200,110900
11.6,2021-07-06,11.8,11.5,11.8,VHE,1625529600,155400
11.6,2021-07-07,11.6,10.8,11.6,VHE,1625616000,185400
11.4,2021-07-08,11.6,11.3,11.6,VHE,1625702400,128300
10.4,2021-07-09,11.4,10.3,11.4,VHE,1625788800,379600
9.4,2021-07-12,10,9.4,9.4,VHE,1626048000,322400
8.5,2021-07-13,9.3,8.5,9.3,VHE,1626134400,649200
7.7,2021-07-14,8.5,7.7,8.5,VHE,1626220800,503700
7,2021-07-15,7.5,7,7.1,VHE,1626307200,531100
7.7,2021-07-16,7.7,7.1,7.1,VHE,1626393600,319900
7,2021-07-19,8.2,7,8,VHE,1626652800,719000
6.8,2021-07-20,6.8,6.3,6.4,VHE,1626739200,577000
6.6,2021-07-21,7.1,6.6,6.8,VHE,1626825600,381500
6.9,2021-07-22,6.9,6.3,6.6,VHE,1626912000,332100
6.7,2021-07-23,6.9,6.6,6.9,VHE,1626998400,388200
6.5,2021-07-26,6.6,6.3,6.6,VHE,1627257600,300000
6.4,2021-07-27,6.6,6.3,6.5,VHE,1627344000,217400
6.4,2021-07-28,6.5,6.3,6.4,VHE,1627430400,203000
6.4,2021-07-29,6.5,6.2,6.4,VHE,1627516800,361300
6.3,2021-07-30,6.4,6.2,6.4,VHE,1627603200,295500
5.9,2021-08-02,6.3,5.8,6.3,VHE,1627862400,646300
6.4,2021-08-03,6.4,5.9,5.9,VHE,1627948800,424200
7,2021-08-04,7,6.6,6.8,VHE,1628035200,384400
7.3,2021-08-05,7.7,7.1,7.6,VHE,1628121600,797600
7,2021-08-06,7.3,6.9,7,VHE,1628208000,335300
7,2021-08-09,7.2,6.7,7.2,VHE,1628467200,174800
7,2021-08-10,7.3,6.9,7.2,VHE,1628553600,465600
6.9,2021-08-11,7,6.8,6.9,VHE,1628640000,249400
6.8,2021-08-12,7,6.8,6.9,VHE,1628726400,201600
6.9,2021-08-13,7,6.7,6.9,VHE,1628812800,295100
7.2,2021-08-16,7.2,6.7,6.9,VHE,1629072000,731200
7.2,2021-08-17,7.5,7.1,7.5,VHE,1629158400,297500
7,2021-08-18,7.2,6.8,7.2,VHE,1629244800,345600
7.3,2021-08-19,7.3,6.8,7,VHE,1629331200,603500
8,2021-08-20,8,7.3,7.4,VHE,1629417600,1501100
8.8,2021-08-23,8.8,8,8,VHE,1629676800,1108300
9.1,2021-08-24,9.6,8.1,9.3,VHE,1629763200,1453300
8.2,2021-08-25,9.1,8.2,9,VHE,1629849600,962600
8.2,2021-08-26,8.8,7.5,7.7,VHE,1629936000,524000
8.6,2021-08-27,8.9,8,8.2,VHE,1630022400,580700
9.1,2021-08-30,9.1,8.5,8.7,VHE,1630281600,963600
8.8,2021-08-31,9.4,8.6,9.3,VHE,1630368000,713300
8.7,2021-09-01,8.8,8,8.8,VHE,1630454400,353300
9.4,2021-09-06,9.5,8.6,8.7,VHE,1630886400,1051300
9,2021-09-07,10.1,8.9,10.1,VHE,1630972800,781800
8.8,2021-09-08,9.1,8.6,8.8,VHE,1631059200,261300
8.8,2021-09-09,9,8.6,8.8,VHE,1631145600,352400
8.9,2021-09-10,9,8.7,8.8,VHE,1631232000,383400
8.9,2021-09-13,9.4,8.8,8.9,VHE,1631491200,437800
9.1,2021-09-14,9.2,8.8,8.9,VHE,1631577600,529000
9.6,2021-09-15,10,9.1,9.2,VHE,1631664000,838200
9.3,2021-09-16,9.6,9.1,9.6,VHE,1631750400,377200
9.1,2021-09-17,9.2,9,9.1,VHE,1631836800,386400
9.3,2021-09-20,9.6,8.9,9.2,VHE,1632096000,751400
9.3,2021-09-21,9.3,9,9.2,VHE,1632182400,379600
10.2,2021-09-22,10.2,9.2,9.3,VHE,1632268800,1640600
9.6,2021-09-23,11.1,9.6,10.2,VHE,1632355200,938200
9.4,2021-09-24,9.6,9.2,9.6,VHE,1632441600,354300
8.5,2021-09-27,9.3,8.5,9.3,VHE,1632700800,1088500
8.4,2021-09-28,8.5,7.7,8,VHE,1632787200,743100
8.4,2021-09-29,8.5,8,8.4,VHE,1632873600,156100
8.2,2021-09-30,8.6,8.2,8.4,VHE,1632960000,340700
8.1,2021-10-01,8.4,8,8.4,VHE,1633046400,271800
7.9,2021-10-04,8.2,7.8,8,VHE,1633305600,307100
7.9,2021-10-05,8.1,7.5,8,VHE,1633392000,560800
8.1,2021-10-06,8.1,7.7,7.9,VHE,1633478400,247500
8.2,2021-10-07,8.6,8,8.3,VHE,1633564800,256100
8.2,2021-10-08,8.3,8,8.2,VHE,1633651200,262800
7.9,2021-10-11,8.2,7.9,8.1,VHE,1633910400,421500
8,2021-10-12,8.1,7.9,8,VHE,1633996800,191500
8.1,2021-10-13,8.1,8,8,VHE,1634083200,218300
8.3,2021-10-14,8.4,8,8,VHE,1634169600,351100
8.2,2021-10-15,8.3,8,8.3,VHE,1634256000,333500
8,2021-10-18,8.2,8,8.2,VHE,1634515200,219400
8.1,2021-10-19,8.2,8,8,VHE,1634601600,259900
8.5,2021-10-20,8.6,8,8.1,VHE,1634688000,657200
8.7,2021-10-21,8.9,8.5,8.5,VHE,1634774400,419500
8.5,2021-10-22,8.7,8.4,8.7,VHE,1634860800,469500
9.2,2021-10-25,9.3,8.5,8.6,VHE,1635120000,1218400
9.1,2021-10-26,9.4,8.8,9.3,VHE,1635206400,442900
8.9,2021-10-27,9.2,8.8,9.1,VHE,1635292800,341300
8.9,2021-10-28,9.1,8.8,8.9,VHE,1635379200,666400
9,2021-10-29,9.4,8.9,8.9,VHE,1635465600,459800
9.5,2021-11-01,9.8,8.9,9,VHE,1635724800,935700
9.8,2021-11-02,9.9,9.5,9.5,VHE,1635811200,1076900
9.2,2021-11-03,10,8.9,10,VHE,1635897600,1123700
9,2021-11-04,9.2,8.8,9.1,VHE,1635984000,417600
9.4,2021-11-05,9.5,8.7,9,VHE,1636070400,796000
9.6,2021-11-08,10,9.5,9.5,VHE,1636329600,1179600
10.4,2021-11-09,10.5,9.6,9.8,VHE,1636416000,1837000
10.5,2021-11-10,10.8,10.3,10.4,VHE,1636502400,916000
10.4,2021-11-11,10.6,10,10.6,VHE,1636588800,811200
10.3,2021-11-12,10.5,10.1,10.5,VHE,1636675200,976100
11.2,2021-11-15,11.3,10.3,10.3,VHE,1636934400,1829300
10.6,2021-11-16,11.4,10.6,11.2,VHE,1637020800,862900
10.6,2021-11-17,10.6,10.3,10.6,VHE,1637107200,546000
11.1,2021-11-18,11.3,10.6,10.6,VHE,1637193600,780200
10.5,2021-11-19,11.4,10.2,11.1,VHE,1637280000,853200
9.5,2021-11-22,10.5,9.5,10.5,VHE,1637539200,914600
10.4,2021-11-23,10.4,9.2,9.5,VHE,1637625600,474600
10.2,2021-11-24,10.8,10,10.5,VHE,1637712000,289700
10,2021-11-25,10.2,9.9,10.2,VHE,1637798400,375300
9.9,2021-11-26,10.2,9.6,10.1,VHE,1637884800,237200
10.8,2021-11-29,10.8,9.4,9.9,VHE,1638144000,1067900
11.8,2021-11-30,11.8,10.8,10.8,VHE,1638230400,1925700
11.7,2021-12-01,12.5,11.7,11.9,VHE,1638316800,1012200
12.8,2021-12-02,12.8,11.1,11.7,VHE,1638403200,1551800
12,2021-12-03,13.7,12,12.8,VHE,1638489600,1072100
11.7,2021-12-06,12.4,11.5,12,VHE,1638748800,593900
12,2021-12-07,12.2,11.5,11.6,VHE,1638835200,656200
11.7,2021-12-08,12.2,11.7,12,VHE,1638921600,383100
12.5,2021-12-09,12.5,11.6,11.7,VHE,1639008000,639400
12.4,2021-12-10,12.9,12.2,12.5,VHE,1639094400,479400
12,2021-12-13,12.5,12,12.4,VHE,1639353600,655600
11.8,2021-12-14,12.5,11.8,11.9,VHE,1639440000,587700
11.8,2021-12-15,12,11.2,11.8,VHE,1639526400,722100
11.9,2021-12-16,12.3,11.6,12,VHE,1639612800,473700
11.7,2021-12-17,12,11.7,11.9,VHE,1639699200,396600
11.6,2021-12-20,11.9,11.4,11.7,VHE,1639958400,427600
11.8,2021-12-21,11.8,11,11.7,VHE,1640044800,858900
12,2021-12-22,12.6,11.7,12,VHE,1640131200,620700
11.7,2021-12-23,12,11.4,12,VHE,1640217600,414400
11.8,2021-12-24,12,11.1,11.7,VHE,1640304000,431700
12.2,2021-12-27,12.3,11.8,11.8,VHE,1640563200,615700
12.5,2021-12-28,12.5,12.2,12.3,VHE,1640649600,823400
12.2,2021-12-29,12.7,12.2,12.6,VHE,1640736000,426000
11.9,2021-12-30,12.2,11.8,12.1,VHE,1640822400,396100
11.6,2021-12-31,11.9,11.5,11.9,VHE,1640908800,472500
11.5,2022-01-04,11.8,11.5,11.6,VHE,1641254400,361266
11.5,2022-01-05,11.7,11.5,11.5,VHE,1641340800,563900
12.1,2022-01-06,12.3,11.3,11.6,VHE,1641427200,1221161
12,2022-01-07,12.3,11.9,12.1,VHE,1641513600,604700
13.1,2022-01-10,13.2,11.8,11.8,VHE,1641772800,1764252
12.5,2022-01-11,13.1,12.1,13,VHE,1641859200,826145
11.8,2022-01-12,12.6,11.3,12.6,VHE,1641945600,807218
10.7,2022-01-13,11.8,10.7,11.8,VHE,1642032000,910150
10.1,2022-01-14,10.3,9.7,9.7,VHE,1642118400,625750
9.1,2022-01-17,10.4,9.1,10.2,VHE,1642377600,528100
8.2,2022-01-18,9,8.2,9,VHE,1642464000,653250
7.7,2022-01-19,8.2,7.5,8,VHE,1642550400,332800
8.4,2022-01-20,8.4,7.7,7.7,VHE,1642636800,254260
8.8,2022-01-21,9.1,8.6,8.6,VHE,1642723200,331080
8,2022-01-24,9,8,8.8,VHE,1642982400,294200
8.5,2022-01-25,8.5,7.6,7.8,VHE,1643068800,143800
8.3,2022-01-26,8.9,8.2,8.5,VHE,1643155200,145076
8.1,2022-01-27,8.5,8.1,8.3,VHE,1643241600,204060
8.3,2022-01-28,8.3,7.8,8.1,VHE,1643328000,155200
8.6,2022-02-07,8.8,8.5,8.5,VHE,1644192000,190720
8.7,2022-02-08,8.8,8.5,8.7,VHE,1644278400,134800
8.9,2022-02-09,8.9,8.7,8.8,VHE,1644364800,237860
8.7,2022-02-10,9,8.6,8.9,VHE,1644451200,242520
8.7,2022-02-11,8.8,8.6,8.7,VHE,1644537600,201400
8.7,2022-02-14,9,8.4,8.6,VHE,1644796800,239400
8.8,2022-02-15,8.8,8.5,8.7,VHE,1644883200,126233
8.9,2022-02-16,9,8.8,8.8,VHE,1644969600,307410
9.2,2022-02-17,9.3,8.9,9,VHE,1645056000,520800
9.1,2022-02-18,9.2,9,9.2,VHE,1645142400,250991
9.2,2022-02-21,9.5,9.1,9.1,VHE,1645401600,451394
9,2022-02-22,9.3,8.9,9.2,VHE,1645488000,425100
9.2,2022-02-23,9.3,9,9,VHE,1645574400,288244
8.9,2022-02-24,9.2,8.5,9.2,VHE,1645660800,379073
8.9,2022-02-25,9.1,8.8,8.9,VHE,1645747200,183970
9.2,2022-02-28,9.2,8.8,8.9,VHE,1646006400,300221
8.9,2022-03-01,9.2,8.9,9.2,VHE,1646092800,509831
8.9,2022-03-02,9,8.9,9,VHE,1646179200,280802
9.5,2022-03-03,9.5,8.8,9,VHE,1646265600,560306
9.2,2022-03-04,9.6,9.2,9.6,VHE,1646352000,658013
9.3,2022-03-07,9.6,9.1,9.3,VHE,1646611200,382658
9.1,2022-03-08,9.5,9.1,9.1,VHE,1646697600,748107
9.1,2022-03-09,9.3,8.9,9.1,VHE,1646784000,492223
9.3,2022-03-10,9.4,9.1,9.2,VHE,1646870400,492638
10.2,2022-03-11,10.2,9.3,9.4,VHE,1646956800,2329159
10,2022-03-14,11,9.8,10.2,VHE,1647216000,900091
9.7,2022-03-15,10,9.6,9.9,VHE,1647302400,479388
9.8,2022-03-16,10.1,9.4,9.7,VHE,1647388800,689343
9.9,2022-03-17,10.2,9.8,9.8,VHE,1647475200,497430
10.1,2022-03-18,10.1,9.8,9.9,VHE,1647561600,519210
10.3,2022-03-21,10.4,9.9,10.2,VHE,1647820800,590051
10.1,2022-03-22,10.4,10,10.3,VHE,1647907200,560302
10,2022-03-23,10.3,9.9,10.1,VHE,1647993600,558976
10,2022-03-24,10.1,9.8,10,VHE,1648080000,572800
9.9,2022-03-25,10,9.8,10,VHE,1648166400,372110
9.5,2022-03-28,9.9,9.4,9.9,VHE,1648425600,585177
9.8,2022-03-29,10,9.4,9.5,VHE,1648512000,470901
9.5,2022-03-30,9.8,9.3,9.8,VHE,1648598400,403004
9.4,2022-03-31,9.8,9.4,9.5,VHE,1648684800,235441
9.4,2022-04-01,9.5,9.2,9.4,VHE,1648771200,315079
9.5,2022-04-04,9.7,9.4,9.6,VHE,1649030400,175411
9.4,2022-04-05,9.6,9.3,9.5,VHE,1649116800,202511
9.2,2022-04-06,9.5,9.1,9.3,VHE,1649203200,280400
9,2022-04-07,9.2,8.9,9.2,VHE,1649289600,363300
8.7,2022-04-08,9.1,8.7,9,VHE,1649376000,280301
8.1,2022-04-12,8.7,8,8.7,VHE,1649721600,374310
8.5,2022-04-13,8.5,8,8.1,VHE,1649808000,217900
8.5,2022-04-14,8.9,8.5,8.6,VHE,1649894400,128800
8.4,2022-04-15,8.6,8.2,8.5,VHE,1649980800,125305
7.7,2022-04-18,8.4,7.6,8.4,VHE,1650240000,367225
7.1,2022-04-19,7.9,7,7.7,VHE,1650326400,291200
6.4,2022-04-20,7.2,6.4,7,VHE,1650412800,390500
6.2,2022-04-21,6.6,5.8,6.4,VHE,1650499200,351380
6.6,2022-04-22,6.8,6.2,6.2,VHE,1650585600,204500
6.3,2022-04-25,7,6,6.8,VHE,1650844800,215900
6.5,2022-04-26,6.5,6,6.1,VHE,1650931200,124400
6.8,2022-04-27,6.8,6.5,6.6,VHE,1651017600,151100
6.9,2022-04-28,7.1,6.8,6.9,VHE,1651104000,157300
7,2022-04-29,7,6.7,6.9,VHE,1651190400,191000
7,2022-05-04,7.1,6.9,7,VHE,1651622400,122025
7,2022-05-05,7.2,6.9,7,VHE,1651708800,96600
6.7,2022-05-06,7,6.7,6.9,VHE,1651795200,98000
6.1,2022-05-09,6.8,6.1,6.7,VHE,1652054400,135300
6.7,2022-05-10,6.7,6,6.1,VHE,1652140800,123400
6.7,2022-05-11,6.8,6.5,6.7,VHE,1652227200,36500
6.4,2022-05-12,6.7,6.2,6.5,VHE,1652313600,71300
5.8,2022-05-13,6.3,5.8,6.2,VHE,1652400000,185100
5.9,2022-05-16,6.3,5.8,5.8,VHE,1652659200,52700
6.4,2022-05-17,6.4,6,6.1,VHE,1652745600,76200
6.3,2022-05-18,6.5,6.2,6.4,VHE,1652832000,69100
6.3,2022-05-19,6.3,6,6.1,VHE,1652918400,108300
6.3,2022-05-20,6.3,6.1,6.2,VHE,1653004800,168400
6.2,2022-05-23,6.4,6,6.2,VHE,1653264000,110600
6.2,2022-05-24,6.2,6,6.2,VHE,1653350400,43300
6.3,2022-05-25,6.4,6.1,6.2,VHE,1653436800,163500
6.2,2022-05-26,6.4,6,6.3,VHE,1653523200,202500
6.2,2022-05-27,6.3,6.1,6.2,VHE,1653609600,99700
6.7,2022-05-30,6.8,6.2,6.2,VHE,1653868800,303641
6.5,2022-05-31,6.8,6.5,6.6,VHE,1653955200,151000
6.4,2022-06-01,6.6,6.3,6.5,VHE,1654041600,60100
6.2,2022-06-02,6.4,6.2,6.4,VHE,1654128000,218100
6.3,2022-06-03,6.4,6.2,6.2,VHE,1654214400,129541
6.2,2022-06-06,6.3,6.1,6.3,VHE,1654473600,64300
6.1,2022-06-07,6.2,6,6.1,VHE,1654560000,204200
6.2,2022-06-08,6.3,6,6.1,VHE,1654646400,112741
6.2,2022-06-09,6.3,6.1,6.3,VHE,1654732800,45100
6.1,2022-06-10,6.2,6.1,6.2,VHE,1654819200,165110
5.6,2022-06-13,6.1,5.6,6.1,VHE,1655078400,271100
5.7,2022-06-14,5.9,5.6,5.6,VHE,1655164800,93400
5.2,2022-06-15,5.8,5.2,5.8,VHE,1655251200,153000
5.2,2022-06-16,5.6,5.1,5.2,VHE,1655337600,194500
5.2,2022-06-17,5.2,4.7,5.1,VHE,1655424000,300900
5,2022-06-20,5.3,4.8,5.3,VHE,1655683200,110400
4.6,2022-06-21,5,4.6,5,VHE,1655769600,91000
4.7,2022-06-22,4.9,4.6,4.8,VHE,1655856000,72700
4.9,2022-06-23,4.9,4.6,4.7,VHE,1655942400,33400
4.8,2022-06-24,5,4.8,5,VHE,1656028800,46100
5,2022-06-27,5,4.9,4.9,VHE,1656288000,41000
5.2,2022-06-28,5.2,4.9,5,VHE,1656374400,118000
5,2022-06-29,5.2,5,5.2,VHE,1656460800,81500
5,2022-06-30,5.1,4.9,5,VHE,1656547200,180000
5,2022-07-01,5,4.8,5,VHE,1656633600,60700
5,2022-07-04,5.2,4.8,5,VHE,1656892800,186100
5,2022-07-05,5,4.8,5,VHE,1656979200,190200
4.9,2022-07-06,4.9,4.8,4.8,VHE,1657065600,42900
4.6,2022-07-07,4.9,4.5,4.9,VHE,1657152000,120300
4.7,2022-07-08,4.9,4.7,4.7,VHE,1657238400,57000
4.8,2022-07-11,5.1,4.7,4.8,VHE,1657497600,108700
4.9,2022-07-12,4.9,4.7,4.8,VHE,1657584000,243400
5,2022-07-13,5.1,4.8,4.8,VHE,1657670400,261900
5,2022-07-14,5,4.8,4.9,VHE,1657756800,125200
5,2022-07-15,5.1,4.9,5,VHE,1657843200,149100
5.2,2022-07-18,5.5,4.9,5.1,VHE,1658102400,801800
5.3,2022-07-19,5.3,5.1,5.2,VHE,1658188800,265700
5.3,2022-07-20,5.4,5.2,5.3,VHE,1658275200,163900
5.2,2022-07-21,5.4,5.1,5.3,VHE,1658361600,169200
5.1,2022-07-22,5.2,4.9,4.9,VHE,1658448000,158900
5,2022-07-25,5.1,4.9,5.1,VHE,1658707200,180200
4.9,2022-07-26,5.1,4.9,5,VHE,1658793600,95300
5,2022-07-27,5,4.8,4.9,VHE,1658880000,72500
5.1,2022-07-28,5.1,5,5,VHE,1658966400,100540
5,2022-07-29,5.1,4.9,5.1,VHE,1659052800,111000
5,2022-08-01,5.1,5,5.1,VHE,1659312000,164400
5.1,2022-08-02,5.3,5,5,VHE,1659398400,335210
5.3,2022-08-03,5.4,5.1,5.1,VHE,1659484800,480121
5.7,2022-08-04,5.7,5.3,5.4,VHE,1659571200,1311300
5.5,2022-08-05,5.8,5.5,5.7,VHE,1659657600,258002
5.5,2022-08-08,5.7,5.5,5.5,VHE,1659916800,366108
5.6,2022-08-09,5.7,5.5,5.6,VHE,1660003200,613730
5.6,2022-08-10,5.7,5.5,5.7,VHE,1660089600,380236
5.6,2022-08-11,5.8,5.6,5.6,VHE,1660176000,291200
5.6,2022-08-12,5.6,5.5,5.6,VHE,1660262400,176600
5.5,2022-08-15,5.7,5.5,5.6,VHE,1660521600,124300
5.5,2022-08-16,5.6,5.4,5.4,VHE,1660608000,317000
5.6,2022-08-17,5.7,5.6,5.6,VHE,1660694400,288300
5.6,2022-08-18,5.6,5.4,5.6,VHE,1660780800,137100
5.5,2022-08-19,5.6,5.5,5.5,VHE,1660867200,161700
5.5,2022-08-22,5.6,5.5,5.6,VHE,1661126400,178800
5.7,2022-08-23,5.7,5.4,5.4,VHE,1661212800,250601
5.7,2022-08-24,5.8,5.6,5.7,VHE,1661299200,131600
5.8,2022-08-25,5.8,5.7,5.7,VHE,1661385600,44500
5.5,2022-08-26,5.8,5.5,5.8,VHE,1661472000,105200
5.5,2022-08-29,5.6,5.4,5.5,VHE,1661731200,125100
5.5,2022-08-30,5.6,5.4,5.6,VHE,1661817600,69500
5.5,2022-08-31,5.7,5.4,5.6,VHE,1661904000,51400
5.6,2022-09-05,5.6,5.4,5.5,VHE,1662336000,135300
5.6,2022-09-06,5.6,5.5,5.6,VHE,1662422400,35700
5.4,2022-09-07,5.6,5.4,5.6,VHE,1662508800,100700
5.3,2022-09-08,5.5,5.3,5.4,VHE,1662595200,64100
5.4,2022-09-09,5.4,5.3,5.3,VHE,1662681600,76200
5.5,2022-09-12,5.5,5.4,5.5,VHE,1662940800,35500
5.4,2022-09-13,5.5,5.4,5.4,VHE,1663027200,28100
5.3,2022-09-14,5.4,5.3,5.4,VHE,1663113600,25000
5.3,2022-09-15,5.4,5.2,5.4,VHE,1663200000,78400
5.2,2022-09-16,5.3,5.1,5.3,VHE,1663286400,29600
4.9,2022-09-19,5.2,4.9,5.2,VHE,1663545600,78600
5,2022-09-20,5,4.8,4.9,VHE,1663632000,116700
5,2022-09-21,5.1,4.9,5,VHE,1663718400,38200
5.1,2022-09-22,5.1,4.9,4.9,VHE,1663804800,21100
5.1,2022-09-23,5.2,5,5,VHE,1663891200,49300
4.9,2022-09-26,5,4.9,5,VHE,1664150400,87700
5,2022-09-27,5,4.8,4.8,VHE,1664236800,30600
4.9,2022-09-28,5,4.9,5,VHE,1664323200,51600
4.9,2022-09-29,5,4.8,5,VHE,1664409600,47000
5,2022-09-30,5,4.7,4.8,VHE,1664496000,174000
4.6,2022-10-03,4.9,4.6,4.9,VHE,1664755200,80600
4.4,2022-10-04,4.8,4.4,4.6,VHE,1664841600,117900
4.7,2022-10-05,4.8,4.5,4.5,VHE,1664928000,56800
4.6,2022-10-06,4.7,4.5,4.7,VHE,1665014400,37500
4.4,2022-10-07,4.6,4.2,4.6,VHE,1665100800,85300
4.4,2022-10-10,4.4,4,4.3,VHE,1665360000,63400
4,2022-10-11,4.4,4,4.4,VHE,1665446400,175900
4.1,2022-10-12,4.1,3.8,3.8,VHE,1665532800,47900
4,2022-10-13,4.1,4,4.1,VHE,1665619200,19200
4,2022-10-14,4.2,4,4.1,VHE,1665705600,41600
4.1,2022-10-17,4.1,4.0,4.1,VHE,1665964800.0,27400.0
4.2,2022-10-18,4.3,4.1,4.3,VHE,1666051200.0,22000.0
4.1,2022-10-19,4.2,4.0,4.1,VHE,1666137600.0,34400.0
4.1,2022-10-20,4.1,4.0,4.0,VHE,1666224000.0,8200.0
3.9,2022-10-21,4.1,3.9,4.0,VHE,1666310400.0,23900.0
3.8,2022-10-24,3.9,3.6,3.9,VHE,1666569600.0,39900.0
3.7,2022-10-25,3.8,3.5,3.8,VHE,1666656000.0,24400.0
3.5,2022-10-26,3.7,3.5,3.7,VHE,1666742400.0,22900.0
3.7,2022-10-27,3.7,3.4,3.6,VHE,1666828800.0,14400.0
3.6,2022-10-28,3.7,3.6,3.7,VHE,1666915200.0,34200.0
3.5,2022-10-31,3.6,3.5,3.6,VHE,1667174400.0,13000.0
3.6,2022-11-01,3.7,3.5,3.6,VHE,1667260800.0,30200.0
3.6,2022-11-02,3.6,3.5,3.6,VHE,1667347200.0,14600.0
3.5,2022-11-03,3.6,3.5,3.6,VHE,1667433600.0,13300.0
3.3,2022-11-04,3.6,3.3,3.5,VHE,1667520000.0,28100.0
3.0,2022-11-07,3.4,3.0,3.4,VHE,1667779200.0,51200.0
3.1,2022-11-08,3.1,2.7,3.0,VHE,1667865600.0,17700.0
3.0,2022-11-09,3.3,3.0,3.0,VHE,1667952000.0,9800.0
2.7,2022-11-10,2.9,2.7,2.9,VHE,1668038400.0,61700.0
2.7,2022-11-11,2.8,2.6,2.8,VHE,1668124800.0,45400.0
2.5,2022-11-14,2.7,2.5,2.7,VHE,1668384000.0,54200.0
2.3,2022-11-15,2.5,2.3,2.3,VHE,1668470400.0,80100.0
2.5,2022-11-16,2.5,2.1,2.2,VHE,1668556800.0,58100.0
2.6,2022-11-17,2.6,2.5,2.6,VHE,1668643200.0,39600.0
2.7,2022-11-18,2.7,2.4,2.6,VHE,1668729600.0,114700.0
2.9,2022-11-21,2.9,2.6,2.7,VHE,1668988800.0,100700.0
2.9,2022-11-22,3.0,2.9,2.9,VHE,1669075200.0,88500.0
2.7,2022-11-23,2.9,2.7,2.9,VHE,1669161600.0,69800.0
2.8,2022-11-24,2.8,2.7,2.7,VHE,1669248000.0,11300.0
2.8,2022-11-25,2.9,2.7,2.8,VHE,1669334400.0,36800.0
3.0,2022-11-28,3.0,2.9,2.9,VHE,1669593600.0,96700.0
3.2,2022-11-29,3.2,3.0,3.1,VHE,1669680000.0,38400.0
3.3,2022-11-30,3.4,3.1,3.3,VHE,1669766400.0,47100.0
3.6,2022-12-01,3.6,3.3,3.3,VHE,1669852800.0,325300.0
3.9,2022-12-02,3.9,3.5,3.6,VHE,1669939200.0,115900.0
